,标题,作者,漫画页地址
0,山海逆战,邱福龙 ,https://www.dm5.com//manhua-shanhainizhan1/
1,火凤燎原,陈某 ,https://www.dm5.com//manhua-huofengliaoyuan/
2,女子学院的男生,触岛漫画 ,https://www.dm5.com//manhua-nvzixueyuandenansheng/
3,新著龙虎门,黄玉郎 ,https://www.dm5.com//manhua-xinzhulonghumen/
4,魂兽纪,牛佬 ,https://www.dm5.com//manhua-hunshouji/
5,逆转英雄,瑛麒动漫 ,https://www.dm5.com//manhua-nizhuanyingxiong/
6,我本废柴,万画筒漫画 ,https://www.dm5.com//manhua-wobenfeichai/
7,透视之眼（精修版）,踏雪动漫 ,https://www.dm5.com//manhua-toushizhiyan-jingxiuban/
8,唐寅在异界,肌肉巴人 ,https://www.dm5.com//manhua-tangyinzaiyijie1/
9,狂女重生：纨绔七皇妃,崇卓漫画 ,https://www.dm5.com//manhua-kuangnvchongsheng-wankuqihuangfei/
10,法医狂妃,iCiyuan动漫&恒者工作室 ,https://www.dm5.com//manhua-fayikuangfei/
11,苏生战铳,马逊 ,https://www.dm5.com//manhua-sushengzhanchong/
12,总裁的天价萌妻,开源动漫 ,https://www.dm5.com//manhua-zongcaidetianjiamengqi/
13,家兄又在作死,街道童子/莹鹿 ,https://www.dm5.com//manhua-jiaxiongyouzaizuosi/
14,我的控梦男友,云端漫画 ,https://www.dm5.com//manhua-zhuozhuoliulixiazhiwodekongmengnanyou/
15,超品透视,踏雪动漫 ,https://www.dm5.com//manhua-chaopintoushi/
16,毁童年系列-哆啦B梦,史考特・维森契克 ,https://www.dm5.com//manhua-huitongnianjilie-chila-b-meng/
17,勇者系列,黄色书刊 ,https://www.dm5.com//manhua-yongzhexilie/
18,紫微神谭,作者：凯特动漫 ,https://www.dm5.com//manhua-ziweishentan/
19,再造空间,司徒剑侨 ,https://www.dm5.com//manhua-zaizaokongjian/
20,拳皇2000,司徒剑桥 ,https://www.dm5.com//manhua-quanhuang-2000-kof-2000/
21,辛巴狗日常漫画,七戒 ,https://www.dm5.com//manhua-xinbagourichangmanhua/
22,铁将纵横,邱福龙 ,https://www.dm5.com//manhua-tiejiangzongheng-2019/
23,篮球之杀手本色,彩笺 ,https://www.dm5.com//manhua-lanqiuzhishashoubense/
24,绝品高手,星际互娱 ,https://www.dm5.com//manhua-juepingaoshou/
25,始皇,郑问 ,https://www.dm5.com//manhua-shihuang/
26,苏生战铳2（全彩版）,马逊 ,https://www.dm5.com//manhua-sushengzhanchong-ii/
27,拳皇2003,永仁 ,https://www.dm5.com//manhua-quanhuang-2003-kof-2003/
28,暗界追冥狩,杨怀滨 ,https://www.dm5.com//manhua-anjiezhuimingshou/
29,一念纵横,iCiyuan动漫 ,https://www.dm5.com//manhua-yinianzongheng/
30,辛巴狗之海洋大冒险,七戒 ,https://www.dm5.com//manhua-xinbagouzhihaiyangdamaoxian/
31,长生界,魅丽漫画馆 ,https://www.dm5.com//manhua-changshengjie/
32,大唐玄笔录,练任 ,https://www.dm5.com//manhua-datangxuanbilu/
33,杀蜡,漫域 ,https://www.dm5.com//manhua-shala/
34,傲娇萌妻快投降,鱼骨互娱 ,https://www.dm5.com//manhua-aojiaomengqikuaitoujiang/
35,密集黑洞,五彩石MCS漫画社 ,https://www.dm5.com//manhua-mijiheidong/
36,STAR IDOL 星H偶像,袁生 ,https://www.dm5.com//manhua-star-idol-xingjiouxiang/
37,倒数七天,阿柯文化 ,https://www.dm5.com//manhua-daoshuqitian1/
38,覆雨翻云,廖福成 ,https://www.dm5.com//manhua-fuyufanyun/
39,重返地平线,袁家宝 ,https://www.dm5.com//manhua-chongfandipingxian/
40,⑹侄际,Ryan Liu ,https://www.dm5.com//manhua-shashoudushi/
41,魔星双龙传,弟罗尔 ,https://www.dm5.com//manhua-moxingshuanglongzhuan/
42,九道妖,孙来燕（燕子SUNLY） ,https://www.dm5.com//manhua-jiudaoyao/
43,不全才女,林青慧 ,https://www.dm5.com//manhua-buquancainv/
44,无上西天,叶明轩  ,https://www.dm5.com//manhua-wushangxitian/
45,吣泄适,柏迪 ,https://www.dm5.com//manhua-gangnangushi/
46,神武纪,马荣成 ,https://www.dm5.com//manhua-shenwuji/
47,假面骑士OOO,石之森章太郎 ,https://www.dm5.com//manhua-jiamianqishi-ooo/
48,绝代英雄,永仁 ,https://www.dm5.com//manhua-juedaiyingxiong/
49,非爱宣言,李崇萍 ,https://www.dm5.com//manhua-feiaixuanyan/
50,贤者如星,依欢  ,https://www.dm5.com//manhua-xianzheruxing/
51,春秋猛士,黄玉郎 ,https://www.dm5.com//manhua-chunqiumengshi/
52,吾命骑士,猫十字 ,https://www.dm5.com//manhua-wumingqishi/
53,新拳皇2006,永仁 ,https://www.dm5.com//manhua-xinquanhuang-2006/
54,负债魔王 Devil Game,睫毛 ,https://www.dm5.com//manhua-fuzhaimowang-devil-game/
55,冥婚,常盘勇者 ,https://www.dm5.com//manhua-minghun1/
56,霞客行,晓君 ,https://www.dm5.com//manhua-xiakexing2019/
57,凰权之国士无双,星龙传媒 ,https://www.dm5.com//manhua-huangquanzhiguoshiwushuang/
58,涂獭读虎门火云邪神》,黄玉郎 ,https://www.dm5.com//manhua-longhumenhuoyunxieshen/
59,索尔没什么卵用,魔法少女os  ,https://www.dm5.com//manhua-suoermeishenmeluanyong/
60,特务同盟,飘缇亚 ,https://www.dm5.com//manhua-tewutongmeng/
61,旧著李小龙,上官小宝 ,https://www.dm5.com//manhua-jiuzhulixiaolong/
62,饲养外星人的注意事项,旭实文化 ,https://www.dm5.com//manhua-siyangwaixingrendezhuyishixiang/
63,如书中所说的恋爱,VICI/浅夏动漫 ,https://www.dm5.com//manhua-rushuzhongsuoshuodelianai/
64,霸宠萌妻：总裁大人狠狠爱,剧能玩/墨黎璃 ,https://www.dm5.com//manhua-bachongmengqi-zongcaidarenhenhenai/
65,我若为皇2 - 太尊,温日良 ,https://www.dm5.com//manhua-woruoweihuang-2--taizun/
66,GTRacing车神,阿东 ,https://www.dm5.com//manhua-gtracing-cheshen/
67,QooApp：异常登入,川工 ,https://www.dm5.com//manhua-qooapp-yichangdengru/
68,赤红热血,邱瑞新 ,https://www.dm5.com//manhua-chihongrexue/
69,项羽刘邦,李志清 ,https://www.dm5.com//manhua-xiangyuliubang/
70,恶魔的仙度瑞拉,三月兔 ,https://www.dm5.com//manhua-emodexianduruila/
71,钟馗森林,晓君+元凯 ,https://www.dm5.com//manhua-zhongkuisenlin/
72,天乩之白蛇传说,追梦动漫 ,https://www.dm5.com//manhua-tianjizhibaishechuanshuo/
73,怪异集,李少棠 ,https://www.dm5.com//manhua-guaiyiji/
74,纯金贵公子,三月兔 ,https://www.dm5.com//manhua-chunjinguigongzi/
75,我若为皇4-最后一战,温日良 ,https://www.dm5.com//manhua-woruoweihuang-4-zuihouyizhan/
76,聊斋传奇之令・狐・剑,黄玉郎 ,https://www.dm5.com//manhua-liaozhaichuanjizhiling-hu-jian/
77,天界无限,黄展鸣 ,https://www.dm5.com//manhua-tianjiewuxian/
78,公仔书,邱福龙 ,https://www.dm5.com//manhua-gongzaishu/
79,小李飞刀,战无名 ,https://www.dm5.com//manhua-xiaolifeidao-1/
80,天下无敌,胡绍权 ,https://www.dm5.com//manhua-tianxiawudi/
81,PLAYer,漫行者-木3  ,https://www.dm5.com//manhua-player/
82,MatchU迷你萝莉养成记,茗卡通 ,https://www.dm5.com//manhua-matchu-miniluoliyangchengji/
83,了凡四训,林钜晴 ,https://www.dm5.com//manhua-lefansixun/
84,死角,曹志豪 ,https://www.dm5.com//manhua-sijiao/
85,停止呼吸系列,张义方 ,https://www.dm5.com//manhua-tingzhihuxixilie/
86,格斗拳王,袁家宝 ,https://www.dm5.com//manhua-gedouquanwang/
87,穿梭时空三千年,苏逸平 ,https://www.dm5.com//manhua-chuansuoshikongsanqiannian/
88,乾坤奇侠,黄玉郎 ,https://www.dm5.com//manhua-gankunjixia/
89,KYLOOE忧郁的蜻蜓,门小雷 ,https://www.dm5.com//manhua-kylooe-youyudeqingting/
90,W（四格）,黄色书刊  ,https://www.dm5.com//manhua-w-sige/
91,小强漫画集,上官小强 ,https://www.dm5.com//manhua-xiaoqiangmanhuaji/
92,欲望之翼,黄水斌 ,https://www.dm5.com//manhua-yuwangzhiyi/
93,花仙莫尼,酷动像 ,https://www.dm5.com//manhua-huaxianmoni/
94,制服至上,多人  ,https://www.dm5.com//manhua-zhifuzhishang/
95,霸刀群侠传online,冯志明 ,https://www.dm5.com//manhua-badaoqunxiachuan-online/
96,黑龙传奇,胡绍全 ,https://www.dm5.com//manhua-heilongchuanqi/
97,战术仙女花木兰传,哈亚西 ,https://www.dm5.com//manhua-zhanshuxiannvhuamulanzhuan/
98,魁星!劲小子,红小将 ,https://www.dm5.com//manhua-kuixing-jinxiaozi/
99,武神创世,肥宝漫画工作室 ,https://www.dm5.com//manhua-wushenchuangshi/
100,蘑菇学园,狄芬妮琳 ,https://www.dm5.com//manhua-moguxueyuan/
101,射手座养猫日记,J叔 ,https://www.dm5.com//manhua-sheshouzuoyangmaoriji/
102,玄蝉说,杨孝荣 ,https://www.dm5.com//manhua-xuanchanshui/
103,葡星大爆炸,Q淘 ,https://www.dm5.com//manhua-puxingdabaozha/
104,红魔鬼,司徒剑桥 ,https://www.dm5.com//manhua-hongmogui/
105,极道甜心,陈汉玲 ,https://www.dm5.com//manhua-jidaotianxin/
106,鲁蛇少女的不思议神颜大冒险,周显宗 ,https://www.dm5.com//manhua-lusheshaonvdebusiyishenyandamaoxian/
107,冥战录,韦宗成 ,https://www.dm5.com//manhua-mingzhanlu/
108,门小雷短篇集,门小雷 ,https://www.dm5.com//manhua-menxiaoleiduanpianji/
109,漫画少年,许景琛 ,https://www.dm5.com//manhua-manhuashaonian/
110,刘铭传漫画大赛台湾作品,铭传大学 ,https://www.dm5.com//manhua-liumingchuanmanhuadasaitaiwanzuopin/
111,方舟奇航R,彭杰  ,https://www.dm5.com//manhua-fangzhouqihang-r/
112,妖怪转学生,阿维 ,https://www.dm5.com//manhua-yaoguaizhuaixuesheng/
113,捌.拾.陆,戴庆贤 ,https://www.dm5.com//manhua-ba-she-lu/
114,刘铭传漫画大赛大陆赛区形象类作品1,铭传大学 ,https://www.dm5.com//manhua-liumingchuanmanhuadasaidalusaiquxingxiangleizuopin-1/
115,刘铭传漫画大赛大陆作品,铭传大学 ,https://www.dm5.com//manhua-liumingchuanmanhuadasaidaluzuopin/
116,白描北京三百六十行,曹军兴 ,https://www.dm5.com//manhua-0baimiaobeijingsanbailiushixing/
117,快乐足球,梁光明 ,https://www.dm5.com//manhua-kuailezuqiu/
118,中国拳王,胡智杰 ,https://www.dm5.com//manhua-zhongguoquanwang/
119,英雄好汉,周胜 ,https://www.dm5.com//manhua-yingxionghaohan/
120,为了遇到你,魔法少年痞子杨 ,https://www.dm5.com//manhua-weileyudaoni/
121,饿虎,叶雄 ,https://www.dm5.com//manhua-ehu/
122,刘铭传漫画大赛台湾赛区形象类作品7,铭传大学 ,https://www.dm5.com//manhua-liumingchuanmanhuadasaitaiwansaiquxingxiangleizuopin-7/
123,惑星世纪,苏逸平 ,https://www.dm5.com//manhua-huoxingshiji/
124,阿瑞斯之城,Makxma  ,https://www.dm5.com//manhua-aruisizhicheng/
125,新天若有情,志文 ,https://www.dm5.com//manhua-xintianruoyouqing/
126,刘铭传漫画大赛大陆赛区形象类作品2,铭传大学 ,https://www.dm5.com//manhua-liumingchuanmanhuadasaidalusaiquxingxiangleizuopin-2/
127,迷男,刘云杰 ,https://www.dm5.com//manhua-minan/
128,刘铭传漫画大赛台湾赛区形象类作品4,铭传大学 ,https://www.dm5.com//manhua-liumingchuanmanhuadasaitaiwansaiquxingxiangleizuopin-4/
129,倒霉盗贼物语,作文 ,https://www.dm5.com//manhua-daomeidaozeiwuyu/
130,魔兽究极,张伟杰 ,https://www.dm5.com//manhua-moshoujiuji/
131,泰山爸爸与蒜头的为什么,彭永成 ,https://www.dm5.com//manhua-taishanbabayusuantoudeweishenme/
132,刘铭传漫画大赛台湾赛区形象类作品6,铭传大学 ,https://www.dm5.com//manhua-liumingchuanmanhuadasaitaiwansaiquxingxiangleizuopin-6/
133,难道长得不帅就只能当个好人吗,RIVER  ,https://www.dm5.com//manhua-nandaochangdebushuaijiuzhinengdanggehaorenma/
134,刘铭传漫画大赛大陆赛区形象类作品3,铭传大学 ,https://www.dm5.com//manhua-liumingchuanmanhuadasaixingxiangleizuopin-3/
135,刘铭传漫画大赛台湾赛区形象类作品2,铭传大学 ,https://www.dm5.com//manhua-liumingchuanmanhuadasaitaiwansaiquxingxiangleizuopin-2/
136,刘铭传漫画大赛台湾赛区形象类作品1,铭传大学 ,https://www.dm5.com//manhua-liumingchuanmanhuadasaitaiwansaiquxingxiangleizuopin-1/
137,惊虎啸,伍锦宁 ,https://www.dm5.com//manhua-jinghuxiao/
138,刘铭传漫画大赛台湾赛区形象类作品3,铭传大学 ,https://www.dm5.com//manhua-liumingchuanmanhuadasaitaiwansaiquxingxiangleizuopin-3/
139, 刘铭传漫画大赛大陆赛区形象类作品4,铭传大学 ,https://www.dm5.com//manhua-liumingchuanmanhuadasaidalusaiquxingxiangleizuopin-4/
140,刘铭传漫画大赛台湾赛区形象类作品5,铭传大学 ,https://www.dm5.com//manhua-liumingchuanmanhuadasaitaiwansaiquxingxiangleizuopin-5/
141,刘铭传漫画大赛大陆赛区故事类作品5,铭传大学 ,https://www.dm5.com//manhua-liumingchuanmanhuadasaidalusaiqugushileizuopin-5/
142,西游骑骑骑,邓本邦 ,https://www.dm5.com//manhua-xiyoujijiji/
143,漫书宝治,郑少现 ,https://www.dm5.com//manhua-manshubaozhi/
