0,标题,作者,封面,内容简介,是否完结,最新章节,漫画页地址
1,火凤燎原,陈某 ,https://mhfm7tel.cdndm5.com/1/455/20170809092431_180x240_21.jpg,在汉朝末年，朝廷积弱，天下四方群雄并起。其中有一支自称...,连载中,第527回 末路之将,https://www.dm5.com/manhua-huofengliaoyuan/
3,新著龙虎门,黄玉郎 ,https://mhfm3tel.cdndm5.com/3/2305/20160428194958_180x240_27.jpg,王小虎由大陆来到香港寻找亲人开始，与四小将结为好友，然...,连载中,第967卷 试看版,https://www.dm5.com/manhua-xinzhulonghumen/
4,唐寅在异界,肌肉巴人 ,https://mhfm3tel.cdndm5.com/38/37716/20190610142349_180x240.jpg,异界重生，我的传说时代开启,连载中,第345回 歧路（3）,https://www.dm5.com/manhua-tangyinzaiyijie1/
9,狂女重生：纨绔七皇妃,崇卓漫画 ,https://mhfm2tel.cdndm5.com/45/44371/20180816093642_180x240.jpg,前世她受人欺害，最终丧子身死。如今重生归来，看她如何手...,连载中,第162回 一样的渣男,https://www.dm5.com/manhua-kuangnvchongsheng-wankuqihuangfei/
10,法医狂妃,iCiyuan动漫&恒者工作室 ,https://mhfm7tel.cdndm5.com/43/42854/20181221103335_180x240.jpg,21世纪女法医，一朝穿成京都柳家不受宠的庶出大小姐！ 偶遇...,连载中,第119回  在下不贪女色！,https://www.dm5.com/manhua-fayikuangfei/
11,苏生战铳,马逊 ,https://mhfm4tel.cdndm5.com/22/21334/20170913180857_180x240_21.jpg,史上最强的人形兵器！,连载中,第66回 香港动漫电玩节活动推广,https://www.dm5.com/manhua-sushengzhanchong/
12,总裁的天价萌妻,开源动漫 ,https://mhfm9tel.cdndm5.com/39/38034/20171101203204_180x240_30.jpg,酒醉的她点了一个帅哥。。。,连载中,第176回 空气突然安静,https://www.dm5.com/manhua-zongcaidetianjiamengqi/
13,家兄又在作死,街道童子/莹鹿 ,https://mhfm9tel.cdndm5.com/38/37844/20190610142404_180x240.jpg,中二大神的一百种作死方法,连载中,第311回 ,https://www.dm5.com/manhua-jiaxiongyouzaizuosi/
14,我的控梦男友,云端漫画 ,https://mhfm9tel.cdndm5.com/55/54494/20191108120118_180x240.jpg,一场在滑雪场发生的意外，断送了沈星辰的芭蕾舞之梦，也让...,连载中,第11回 打击,https://www.dm5.com/manhua-zhuozhuoliulixiazhiwodekongmengnanyou/
15,超品透视,踏雪动漫 ,https://mhfm6tel.cdndm5.com/44/43302/20180719091152_180x240.jpg,无名小卒意外获得透视能力？看穿了世间万物却看不透最深人...,连载中,通知 ,https://www.dm5.com/manhua-chaopintoushi/
16,毁童年系列-哆啦B梦,史考特・维森契克 ,https://mhfm7tel.cdndm5.com/15/14385/14385_b.jpg,毁童年系列-哆啦B梦漫画 ，哆啦逼梦是台湾的一个恶搞式的哆...,连载中,第12回 ,https://www.dm5.com/manhua-huitongnianjilie-chila-b-meng/
17,勇者系列,黄色书刊 ,https://mhfm7tel.cdndm5.com/37/36203/20170428083918_180x240_14.jpg,港台漫画家黄色书刊的勇者系列小漫画，一个废材勇者的故事...,连载中,第158回 ,https://www.dm5.com/manhua-yongzhexilie/
18,紫微神谭,作者：凯特动漫 ,https://mhfm1tel.cdndm5.com/48/47047/20181226131436_180x240.jpg,一场车祸带走了十四岁少年方飞的父母，带给了他仇恨和眼泪...,连载中,第57回 莲桥,https://www.dm5.com/manhua-ziweishentan/
19,再造空间,司徒剑侨 ,https://mhfm1tel.cdndm5.com/22/21073/20170908114750_180x240_18.jpg,【《再造空间》官方微博：司徒剑侨-再造空间；官方QQ群：55...,连载中,第68回 段锋,https://www.dm5.com/manhua-zaizaokongjian/
20,拳皇2000,司徒剑桥 ,https://mhfm7tel.cdndm5.com/1/631/631_b.jpg,"神秘组织N.E.S.T.S.经过《拳皇99》的失败后,就像人间蒸发般...",连载中,第200041卷 ,https://www.dm5.com/manhua-quanhuang-2000-kof-2000/
21,辛巴狗日常漫画,七戒 ,https://mhfm3tel.cdndm5.com/55/54561/20191105125919_180x240.jpg,,连载中,第6回 日常6,https://www.dm5.com/manhua-xinbagourichangmanhua/
22,铁将纵横,邱福龙 ,https://mhfm9tel.cdndm5.com/53/52315/20190808115244_180x240.jpg,惊奇！琅国第一名将赤杀王为夺宝藏甘愿诈败入牢？一干奇人...,连载中,第30回 魔神之秘,https://www.dm5.com/manhua-tiejiangzongheng-2019/
23,篮球之杀手本色,彩笺 ,https://mhfm3tel.cdndm5.com/47/46603/20181204103627_180x240.jpg,【改编自咪咕阅读小说《篮球之杀手本色》，原著：话板】因...,连载中,第30回 对决,https://www.dm5.com/manhua-lanqiuzhishashoubense/
24,绝品高手,星际互娱 ,https://mhfm6tel.cdndm5.com/46/45423/20190815112031_180x240.jpg,【改编自咪咕阅读小说《绝品透视高手》 】苦逼青年罗天，偶...,连载中,停更通知 ,https://www.dm5.com/manhua-juepingaoshou/
26,风云全集,马荣成 ,https://mhfm6tel.cdndm5.com/3/2204/2204_b.jpg,"金麟岂是池中物,一遇风云便化龙 九霄龙吟惊天变,风云聚会浅...",完结,第675卷 草稿画集,https://www.dm5.com/manhua-fengyunquanji/
27,春秋战雄,黄玉郎 ,https://mhfm7tel.cdndm5.com/7/6744/20150421152859_180x240_22.jpg,上个星期，玉皇朝2010新作的书名征集活动选出五个候选名额...,完结,第344回 天地再生,https://www.dm5.com/manhua-chunqiuzhanxiong/
28,大唐双龙传,黄玉郎 ,https://mhfm8tel.cdndm5.com/3/2589/2589.jpg,寇仲和徐子陵，原是两个无父无母流浪天涯的小混混，寇仲为...,完结,第252卷 ,https://www.dm5.com/manhua-datangshuanglongchuan/
29,旧著龙虎门,黄玉郎 ,https://mhfm9tel.cdndm5.com/18/17174/20150109151537_180x240_44.jpg,龙虎门的前身本叫做[小流氓，作者是香港漫画宗师黄玉郎。创...,完结,第1280回 ,https://www.dm5.com/manhua-jiuzhulonghumen/
30,武神,邓志辉 ,https://mhfm1tel.cdndm5.com/2/1726/1726_b.jpg,武神漫画 ，风族武男为光复风族，出外进行艰巨的任务……后...,完结,第300卷 ,https://www.dm5.com/manhua-wushen/
31,四大名捕,司徒剑侨 ,https://mhfm5tel.cdndm5.com/3/2036/20160426100804_180x240_22.jpg,冷血、追命、铁手、无情合称四大名捕。此四人各怀绝技，且...,完结,第371卷 ,https://www.dm5.com/manhua-sidamingbu/
32,神兵玄奇Ⅱ,黄玉郎 ,https://mhfm2tel.cdndm5.com/3/2455/2455.jpg,一百年前肆虐江湖的大魔头「玄天邪帝」重现人世，令中原武...,完结,第100卷 ,https://www.dm5.com/manhua-shenbingxuanqi2/
33,霸刀,冯志明 ,https://mhfm4tel.cdndm5.com/1/76/76.jpg,w@自小在十三吉祥中的十三刀堂跟S堂主燕十三W刀，希望...,完结,第800卷 ,https://www.dm5.com/manhua-badao/
34,天龙八部,黄玉郎 ,https://mhfm7tel.cdndm5.com/5/4815/20160907082810_180x240_18.jpg,金庸是武侠小说的王者，黄玉郎是动作漫画的王者，两位合作...,完结,第100回 ,https://www.dm5.com/manhua-tianlongbabu/
35,老夫子,王泽 ,https://mhfm3tel.cdndm5.com/1/820/820_b.jpg,老夫子漫画内的角色时常以不同的身分出现，包括乞丐、政客...,完结,第70卷 ,https://www.dm5.com/manhua-laofuzi/
36,神兵玄奇3.5,黄玉郎 ,https://mhfm9tel.cdndm5.com/3/2690/2690_b.jpg,神兵玄奇3.5漫画 ，‘前传’为承接第二部故事，依然以南宫...,完结,第111卷 ,https://www.dm5.com/manhua-shenbingxuanqi-3-5/
37,寻秦记,廖福成 ,https://mhfm2tel.cdndm5.com/2/1324/1324_b.jpg,寻秦记漫画 ，《寻秦记》故事开始说男主角“项少龙”是一名...,完结,第196-199卷 ,https://www.dm5.com/manhua-xunqinji/
38,绝代双骄,永仁 ,https://mhfm2tel.cdndm5.com/3/2643/2643_b.jpg,"绝代双骄漫画 ，移花宫主邀月因爱成恨,追杀江枫花月奴夫妇...",完结,第567回 ,https://www.dm5.com/manhua-juedaishuangjiao/
39,拳皇97,邓耀荣 ,https://mhfm9tel.cdndm5.com/1/642/642.jpg,"KOF97的人气仍然居高不下，虽然被很多高手鄙视……
“我撞...",完结,第13卷 ,https://www.dm5.com/manhua-quanhuang-97-kof-97/
40,大圣王,邱福龙 ,https://mhfm1tel.cdndm5.com/3/2649/2649.jpg,古开辟，三皇治世，五帝定伦，世界之间，遂分为四大部洲：...,完结,第157卷 ,https://www.dm5.com/manhua-dashengwang/
41,神m侠侣,黄玉郎 ,https://mhfm5tel.cdndm5.com/6/5828/20141210154456_180x240_23.jpg,"故事从杨过被郭靖送往全真教习武开始,杨过个性桀骛不驯,因...",完结,第86回 ,https://www.dm5.com/manhua-shendiaoxialv/
42,我是我妻,乱世银娘 ,https://mhfm7tel.cdndm5.com/34/33895/20180309111617_180x240_22.jpg,时光倒流，秋易变成了女孩子，但是在这个时空，依然有一个...,完结,第115回 ,https://www.dm5.com/manhua-woshiwoqi/
43,倚天屠龙记,马荣成 ,https://mhfm9tel.cdndm5.com/2/1829/1829.jpg,张无忌、赵敏、周芷若、张翠山、殷素素这些家传户晓的人物...,完结,第100卷 ,https://www.dm5.com/manhua-yitiantulongji/
44,请别告诉我这是三国正史,黑礁商会房东 ,https://mhfm3tel.cdndm5.com/34/33874/20180408134102_180x240_20.jpg,我莫名其妙手握了一把羽扇，来到了一个与我所知全然不同的...,完结,第126回 ,https://www.dm5.com/manhua-qingbiegaosuwozheshisanguozhengshi/
45,武神凤凰,邓志辉 ,https://mhfm4tel.cdndm5.com/2/1727/1727.jpg,"在武神这部港漫之后的二十万年后, 当时的地球已经残破不堪,...",完结,第138卷 ,https://www.dm5.com/manhua-wushenfenghuang/
46,温瑞安群侠传,司徒剑侨 ,https://mhfm2tel.cdndm5.com/7/6072/6072.jpg,温瑞安群侠传是剑桥集合他多年写画经验，独树一帜的个人风...,完结,第93回 ,https://www.dm5.com/manhua-wenruianqunxiazhuan/
47,火云邪神传,黄玉郎 ,https://mhfm3tel.cdndm5.com/8/7172/7172.jpg,火云邪神是新著龙虎门前传，原出自柳残阳的小说《邪神门徒...,完结,第100回 千秋万世最后胜利,https://www.dm5.com/manhua-huoyunxieshenzhuan/
48,海虎Ⅱ,邓志辉 ,https://mhfm3tel.cdndm5.com/4/3726/20141104155313_180x240_21.jpg,海虎Ⅱ漫画 ，海虎c地z的向天空uMl. 海虎和地z...,完结,第48回 ,https://www.dm5.com/manhua-haihu2/
49,射雕英雄传,黄玉郎 ,https://mhfm1tel.cdndm5.com/4/3778/3778.jpg,大雪纷飞，惊变骤生……位近偏安一隅的临安牛家村，郭杨两...,完结,第100回 ,https://www.dm5.com/manhua-shediaoyingxiongchuan/
50,少林寺第8铜人,邱福龙 ,https://mhfm7tel.cdndm5.com/7/6391/20160901132608_180x240_26.jpg,少林寺第8铜人漫画 ，一场假劫文天祥的奇案，蒙元朝廷大军...,完结,第60回 ,https://www.dm5.com/manhua-shaolinsidi-8-tongren/
51,武神终极,邓志辉 ,https://mhfm3tel.cdndm5.com/5/4755/20160902153642_180x240_15.jpg,武神系列漫画的最终章！希望大家喜欢！,完结,第87-88回 ,https://www.dm5.com/manhua-wushenzhongji/
52,拳皇99,许景琛 ,https://mhfm2tel.cdndm5.com/1/635/635.jpg,关闭 一九九九年----送到世界各地的格斗家面前的一封邀请卡...,完结,第9938卷 ,https://www.dm5.com/manhua-quanhuang-99-kof-99/
53,拳皇2002,永仁 ,https://mhfm7tel.cdndm5.com/1/641/641.jpg,一千八百年前，就是由草S京、八神庵及我神乐千鹤的先祖，...,完结,第200255卷 ,https://www.dm5.com/manhua-quanhuang-2002-kof-2002/
54,海虎Ⅲ,邓志辉 ,https://mhfm6tel.cdndm5.com/4/3727/20141104155459_180x240_19.jpg,海虎Ⅲ漫画 ，海虎c地z的向天空uMl. 海虎和地z...,完结,第48回 ,https://www.dm5.com/manhua-haihu3/
55,折纸战士G,周显宗 ,https://mhfm9tel.cdndm5.com/19/18471/20150528155333_180x240_23.jpg,折纸战士G漫画是折纸战士漫画的续集。在混沌神-轧德的大破...,完结,第19卷 ,https://www.dm5.com/manhua-zhezhizhanshi-g/
56,超霸世纪,许景琛 ,https://mhfm5tel.cdndm5.com/5/4877/4877.jpg,在未来的二十一世纪中，一批自称为“神”的入侵者在地球上...,完结,第120回 ,https://www.dm5.com/manhua-chaobashiji/
57,鹿鼎记,金庸 ,https://mhfm8tel.cdndm5.com/3/2038/20181203094633_180x240_26.jpg,鹿鼎记（玉皇朝版）漫画 ，《鹿鼎记》是香港作家金庸（查良...,完结,第60卷 ,https://www.dm5.com/manhua-ludingji2038/
58,东方真龙・新著龙虎门外传,黄玉郎 ,https://mhfm1tel.cdndm5.com/16/15412/15412_b.jpg,"命运真是最糟糕的编剧！
  堂堂真龙，体内怎么可能存在他...",完结,第66回 永无止境的战斗人生,https://www.dm5.com/manhua-dfzlxzlhmwz/
59,石黑龙传,黄玉郎 ,https://mhfm3tel.cdndm5.com/10/9572/9572_b.jpg,石黑龙透过昔日长洲五狮话事人金毛狮王，得悉全港黑白两道...,完结,第93回 空前绝后十二关,https://www.dm5.com/manhua-shiheilongzhuan/
60,龙虎五世第一部,黄玉郎 ,https://mhfm9tel.cdndm5.com/4/3237/3237_b.jpg,龙虎五世第一部漫画 ，六千五百万年以前，主宰着世界的是各...,完结,第100卷 ,https://www.dm5.com/manhua-longhuwushidiyibu/
61,街霸Ⅲ,许景琛 ,https://mhfm2tel.cdndm5.com/4/3734/20141104162815_180x240_26.jpg,街霸Ⅲ漫画 ，本作《街霸3》是根据CAPCOM同名格斗游戏改编...,完结,第115回 ,https://www.dm5.com/manhua-jieba/
62,皇朝君临,黄玉郎 ,https://mhfm2tel.cdndm5.com/39/38048/20170818155247_180x240_24.jpg,欢迎观看皇朝君临漫画,完结,第36回 大结局,https://www.dm5.com/manhua-huangchaojunlin/
63,神掌龙剑飞,黄玉郎 ,https://mhfm7tel.cdndm5.com/6/5186/20160902160226_180x240_27.jpg,龙剑飞在机缘巧合之下习得如来神掌，从此之后独步江湖，行...,完结,第72回 ,https://www.dm5.com/manhua-shenzhanglongjianfei/
64,温瑞安群侠传2,司徒剑桥 ,https://mhfm9tel.cdndm5.com/10/9447/20190620155726_180x240_21.jpg,剑试天下，何惧成败，沧海横流，方显英雄本色，群侠会聚，...,完结,第43回 来生.再见,https://www.dm5.com/manhua-wenruianqunxiachuan-2/
65,拳皇2001,永仁 ,https://mhfm3tel.cdndm5.com/1/640/640_b.jpg,KOF99的事件后，谜之秘密结社暴露其存在已过了一段日子了。...,完结,第200130卷 ,https://www.dm5.com/manhua-quanhuang-2001-kof-2001/
66,拳皇96,郑世杰 ,https://mhfm7tel.cdndm5.com/5/4949/4949_b.jpg,"拳皇96漫画 ，来自西方的“遥远彼地“一族,为了令他们的“...",完结,第5卷 ,https://www.dm5.com/manhua-quanhuang-96/
67,王风雷传,黄玉郎 ,https://mhfm1tel.cdndm5.com/5/4904/20190422105014_180x240_20.jpg,上帝要人灭亡！必先令其疯狂！！王风雷痛失至爱，竟置仇人...,完结,第60回 ,https://www.dm5.com/manhua-wangfengleizhuan/
68,大军阀,郑健和 ,https://mhfm6tel.cdndm5.com/16/15415/15415_b.jpg,大军阀漫画：由郑健和、邓志辉合作的港漫新作《大军阀》，...,完结,第55回 平安妹妹要行自己的路,https://www.dm5.com/manhua-dajunfa/
69,拳皇Ⅻ,邱福龙 ,https://mhfm7tel.cdndm5.com/7/6511/20160902152322_180x240_22.jpg,"来自西方的“遥远彼地“一族,为了令他们的“主“复活，需要...",完结,第12回 ,https://www.dm5.com/manhua-quanhuang/
70,绯色王城,依欢 ,https://mhfm6tel.cdndm5.com/55/54054/20191017105812_180x240_24.jpg,"血红色的宫殿里，发现不可说的君臣秘密……
大王自南...",完结,第8卷 ,https://www.dm5.com/manhua-feisewangcheng/
71,海虎Ⅰ,邓志辉 ,https://mhfm1tel.cdndm5.com/4/3575/20141104152310_180x240_22.jpg,海虎Ⅰ漫画 ，现今社会由於人类为了金钱与权力，不顾一切用...,完结,第48回 ,https://www.dm5.com/manhua-haihu1/
72,阴阳宅急便,陈汉明 ,https://mhfm7tel.cdndm5.com/22/21445/20170816114127_180x240.jpg,穿越生死，投递真情,完结,第80回 再现阴阳,https://www.dm5.com/manhua-yinyangzhaijibian/
73,武神海虎地狱,邓志辉 ,https://mhfm6tel.cdndm5.com/5/4342/4342.jpg,海域第三洋. 海虎c地z的向天空uMl. 海虎和地z...,完结,第50回 ,https://www.dm5.com/manhua-wushenhaihudiyu/
74,笑傲江湖,李志清 ,https://mhfm3tel.cdndm5.com/4/3881/20160908152739_180x240_21.jpg,"江湖中人只知Z武林秘笈 不知我行我素亦能笑傲江湖   
...",完结,第26卷 ,https://www.dm5.com/manhua-xiaoaojianghu/
75,王风雷传2,黄玉郎 ,https://mhfm9tel.cdndm5.com/7/6458/20190422105136_180x240_27.jpg,上帝要人灭亡！必先令其疯狂！王风雷痛失至爱，竟置仇人剑...,完结,第48回 ,https://www.dm5.com/manhua-wangfengleichuan-2/
76,射雕英雄传,李志清 ,https://mhfm9tel.cdndm5.com/33/32097/20160929141332_180x240_14.jpg,根据金庸同名武侠巨著《射雕英雄传》改编，由李志清主...,完结,第38卷 ,https://www.dm5.com/manhua-shediaoyingxiongzhuan/
77,追球,常盘勇者 ,https://mhfm4tel.cdndm5.com/46/45607/20181130175043_180x240_19.jpg,腾远学院乒球社曾于二十年前险些染指学院杯冠军，但最...,完结,第36回 淋雨,https://www.dm5.com/manhua-zhuiqiu1/
78,我和天师有个约会,雪晴 ,https://mhfm7tel.cdndm5.com/22/21074/20171201092038_180x240_24.jpg,一个古怪的天师来我家除妖了！,完结,第65回 天穿,https://www.dm5.com/manhua-wohetianshiyougeyaohui/
79,绝世无双II,何志文 ,https://mhfm7tel.cdndm5.com/4/3502/20160831143451_180x240_20.jpg,"这是一个奇特的年代,奇特的江湖,一个身怀数百年基业复兴责...",完结,第128回 最终回,https://www.dm5.com/manhua-jueshiwushuang-ii/
80,神兵问天,黄玉郎 ,https://mhfm3tel.cdndm5.com/14/13108/13108_b.jpg,神兵问天，黄玉郎，神兵主角问天的分支故事,完结,第36回 天心仁爱碎绝兵,https://www.dm5.com/manhua-shenbingwentian/
81,英雄无泪,马荣成 ,https://mhfm1tel.cdndm5.com/4/3826/3826.jpg,"《英雄oI》本是古的小f,v述英雄嵫的故事。中人物...",完结,第203回 ,https://www.dm5.com/manhua-yingxiongwulei/
82,侠客行,林业庆 ,https://mhfm9tel.cdndm5.com/4/3063/3063.jpg,中国武侠小说大师金庸原著+香港顶级漫画大师黄玉郎监制+香...,完结,第27卷 ,https://www.dm5.com/manhua-xiakexing/
83,闻香识妻,左岸卡漫 ,https://mhfm2tel.cdndm5.com/37/36214/20180316110956_180x240_22.jpg,他身患奇症，她就是他的药,完结,公告 ,https://www.dm5.com/manhua-wenxiangshiqi/
84,龙飞不败,文情厚 ,https://mhfm9tel.cdndm5.com/1/286/20190320100911_180x240_18.jpg,飞龙不败漫画讲述的故事的主人公龙飞――视钱如命的赏金猎...,完结,外传：9 ,https://www.dm5.com/manhua-longfeibubai-feilongbubai/
85,边荒传说,黄玉郎 ,https://mhfm6tel.cdndm5.com/4/3809/3809.jpg,时值西晋年间，五胡入侵中原。氐秦之主苻坚在一统北方后，...,完结,第100回 ,https://www.dm5.com/manhua-bianhuangchuanshuo/
86,宛香,金爷 ,https://mhfm9tel.cdndm5.com/38/37704/20190610142429_180x240.jpg,本是媒妁之言，何以日久情深,完结,第168回 最后的最后（3）,https://www.dm5.com/manhua-wanxiang2/
87,古龙群侠传,岑卓华 ,https://mhfm3tel.cdndm5.com/6/5783/20160907104506_180x240_21.jpg,《古龙群侠传》改编自著名武侠小说家古龙先生六部脍炙人口...,完结,第85回 ,https://www.dm5.com/manhua-gulongqunxiazhuan/
88,义勇门,黄玉郎 ,https://mhfm7tel.cdndm5.com/4/3497/20141031165824_180x240_21.jpg,"义勇门漫画 ，满清末年,朝廷腐败、内忧外患不断。一个贫苦...",完结,第72回 ,https://www.dm5.com/manhua-yiyongmen/
89,神兵4,邱福龙 ,https://mhfm7tel.cdndm5.com/5/4462/20160907085822_180x240_25.jpg,神兵系列正传第四部，不可不看的精彩大作。版本已更新,完结,第72回 ,https://www.dm5.com/manhua-shenbing-4/
90,小和尚,赖有贤 ,https://mhfm5tel.cdndm5.com/3/2698/2698.jpg,"一本连载近七年的漫画,发行版本遍及韩国,香港,新加坡,泰国...",完结,第28卷 ,https://www.dm5.com/manhua-xiaoheshang/
91,武神飞天,温日良 ,https://mhfm4tel.cdndm5.com/3/2869/2869_b.jpg,武神飞天漫画 ，天下两大年青强者终于在天空岛展开对决！ ...,完结,第60卷 ,https://www.dm5.com/manhua-wushenfeitian/
92,总裁X宅女,阿柯文化 ,https://mhfm5tel.cdndm5.com/44/43636/20180731144723_180x240.jpg,可爱宅女走出虚拟世界，邂逅总裁？？！！什么嘛，第一次见...,完结,第77回 求婚,https://www.dm5.com/manhua-zongcai-x-zhainv/
93,神兵前传I,黄玉郎 ,https://mhfm9tel.cdndm5.com/4/3749/3749.jpg,新一辑的故事，环绕天竺婆罗门所发生，一个神之国度，有着...,完结,第16卷 ,https://www.dm5.com/manhua-shenbingqianchuan-i/
94,神兵玄奇外传,黄玉郎 ,https://mhfm6tel.cdndm5.com/7/6233/6233.jpg,江湖千百年流传的旷世武学――P古所创的P古五极原是一个...,完结,第28回 ,https://www.dm5.com/manhua-shenbingxuanqiwaizhuan/
95,功夫,邱福龙 ,https://mhfm6tel.cdndm5.com/8/7322/20160830141615_180x240_22.jpg,功夫一继[少林寺第8铜人]漫画版后港漫最强组合九把刀+邱福...,完结,第36回 最后一战,https://www.dm5.com/manhua-gongfu/
96,黄玉郎醉拳,邱福龙 ,https://mhfm3tel.cdndm5.com/6/5797/20160907112052_180x240_17.jpg,2000年《龙虎门》以《新著龙虎门》姿态重生，2008年《如来...,完结,第31卷 ,https://www.dm5.com/manhua-huangyulangzuiquan/
97,火云邪神,邱福龙 ,https://mhfm6tel.cdndm5.com/4/3759/3759.jpg,邱福龙最具杀伤力作品――《火云邪神》！,完结,第16回 ,https://www.dm5.com/manhua-huoyunxieshen/
98,风云II,马荣成 ,https://mhfm5tel.cdndm5.com/1/295/295.jpg,聂风和步惊云，后连手打败雄霸，为武林除一大害的故事 ……...,完结,第90卷 ,https://www.dm5.com/manhua-fengyun-ii/
99,东周英雄传,郑问 ,https://mhfm3tel.cdndm5.com/3/2946/2946_b.jpg,总体来说，《东周英雄传》的水平在郑问的作品里属于上乘。...,完结,第3卷 ,https://www.dm5.com/manhua-dongzhouyingxiongchuan/
100,九龙城寨,司徒剑侨 ,https://mhfm5tel.cdndm5.com/8/7543/7543.jpg,陈洛军――暴力团战神，一夜间一无所有，决定要向大老板问...,完结,第32回 交错,https://www.dm5.com/manhua-jiulongchengzhai/
101,龙神,邱福龙 ,https://mhfm3tel.cdndm5.com/4/3423/3423_b.jpg,龙神漫画 ，邱福龙龙神,完结,第58卷 ,https://www.dm5.com/manhua-longshen/
102,龙虎五世第二部,黄玉郎 ,https://mhfm4tel.cdndm5.com/4/3238/3238_b.jpg,龙虎五世第二部漫画 ，六千五百万年以前，主宰着世界的是各...,完结,第51卷 ,https://www.dm5.com/manhua-longhuwushidierbu/
103,赤蝎13,许景琛 ,https://mhfm5tel.cdndm5.com/3/2616/20160908144602_180x240_21.jpg,赤蝎13漫画 ，许景琛继《超霸世纪》后的第二部长篇作品，抄...,完结,第72卷 ,https://www.dm5.com/manhua-chixie-13/
104,神掌,黄玉郎 ,https://mhfm6tel.cdndm5.com/20/19108/20150729085654_180x240_25.jpg,新时代需要新一代，新锐武侠就是让年轻人去创新！请各位亲...,完结,第24回 如来神掌,https://www.dm5.com/manhua-shenzhang/
105,拳皇Z纪念版,司徒剑侨 ,https://mhfm8tel.cdndm5.com/1/620/620.jpg,拳皇纪念版漫画 ，《拳皇Z》之特别处，在于描写拳皇故事中...,完结,第45卷 ,https://www.dm5.com/manhua-quanhuangjinianban-kof-z/
108,街霸VS拳皇,许景琛 ,https://mhfm2tel.cdndm5.com/5/4471/4471.jpg,同名游戏改编漫画，街霸与拳皇的人悉数登场。由许景琛先生...,完结,第46卷 ,https://www.dm5.com/manhua-jieba-vs-quanhuang/
110,神兵玄奇F,黄玉郎 ,https://mhfm5tel.cdndm5.com/3/2706/2706_b.jpg,唐朝贞观年间，南宫问天现身于李世民面前，想要把能使人不...,完结,第14卷 ,https://www.dm5.com/manhua-shenbingxuanqi-f/
113,万岁,郑问 ,https://mhfm2tel.cdndm5.com/3/2948/2948_b.jpg,万岁漫画 ，个性即命运？一个与项羽命格、姓名都相同的男子...,完结,第1卷 ,https://www.dm5.com/manhua-wansui/
115,新著龙虎门外传之《皇者之路》,黄玉郎 ,https://mhfm1tel.cdndm5.com/22/21632/20160129100658_180x240_22.jpg,新著龙虎门外传之《皇者之路》黄玉郎新著。。,完结,第20卷 大结局,https://www.dm5.com/manhua-xinzhulonghumenwaichuanzhi-huangzhezhilu/
116,生化危机,许景琛 ,https://mhfm7tel.cdndm5.com/3/2556/2556.jpg,据CAPCOM授权的著名游戏《生化危机》改编而成，剧情非常的...,完结,第18卷 ,https://www.dm5.com/manhua-shenghuaweiji/
117,七武器,马荣成 ,https://mhfm4tel.cdndm5.com/2/1018/1018.jpg,江湖上有七种武器，各有各的厉害，有些霸道，有些神秘，有...,完结,第67卷 ,https://www.dm5.com/manhua-qiwuqi/
118,天下无敌小剑仙,黄玉郎 ,https://mhfm7tel.cdndm5.com/5/4682/20141107151355_180x240_19.jpg,天下无敌小剑仙漫画 ，灿放出黄玉郎博士笔下的『醉拳』、『...,完结,第33回 ,https://www.dm5.com/manhua-tianxiawudixiaojianxian/
119,神雕侠侣,黄展鸣 ,https://mhfm4tel.cdndm5.com/11/10962/10962_b.jpg,这是1998年由黄展鸣先生主笔的新加坡漫画《神雕侠侣》。,完结,13-18卷 ,https://www.dm5.com/manhua-shendiaoxialvx/
120,折纸战士X,周显宗 ,https://mhfm9tel.cdndm5.com/19/18631/20150616113416_180x240_30.jpg,在混沌神――轧德的大破坏事件之后，小哲与小莲跟着卡米一...,完结,第1卷 ,https://www.dm5.com/manhua-shezhizhanshi-x/
121,刺皇,邱福龙 ,https://mhfm8tel.cdndm5.com/9/8214/8214.jpg,战国时代，七雄争霸！天下刺客，各怀杀技！独行侠、群体战...,完结,第20回 荆轲刺秦王,https://www.dm5.com/manhua-cihuang/
124,宇久纷华?战国墨者异传,黄俊维 ,https://mhfm7tel.cdndm5.com/22/21771/20161017115947_180x240.jpg,【《宇久纷华》每周一更新，官方微博：黄俊维_宇久纷华；官...,完结,第40回 旅程,https://www.dm5.com/manhua-yujiufenhua/
125,少林寺第8铜人外传,邱福龙 ,https://mhfm9tel.cdndm5.com/8/7875/7875.jpg,在乳七索和张君宝合力杀败少林叛徒不杀之后，江湖上一切归...,完结,第16回 闯关,https://www.dm5.com/manhua-shaolinsidi-8-tongrenwaizhuan/
126,中华英雄2013,邝彬强 ,https://mhfm8tel.cdndm5.com/14/13406/13406_b.jpg,中华英雄2013创刊号，中华英雄乃马荣成80年成名作品，30多...,完结,第28回 ,https://www.dm5.com/manhua-zhonghuayingxiong-2013/
127,折纸战士F,周显宗 ,https://mhfm4tel.cdndm5.com/38/37196/20170630102604_180x240_17.jpg,欢迎观看折纸战士F漫画：折纸战士f是唯一拥有双重兽人基因...,完结,新折纸宝典 独角飞龙 ,https://www.dm5.com/manhua-zhezhizhanshi-f/
128,神武纪Ⅱ,马荣成 ,https://mhfm5tel.cdndm5.com/4/3499/20141104134806_180x240_35.jpg,神武纪Ⅱ漫画 ，神武纪Ⅱ,完结,第14回 ,https://www.dm5.com/manhua-shenwuji2/
129,超人迪加,邱福龙 ,https://mhfm9tel.cdndm5.com/4/3488/20141031155653_180x240_20.jpg,超人迪加漫画 ，以前旧系列中，奥特曼战士都是来自外星球的...,完结,第10回 ,https://www.dm5.com/manhua-chaorendijia/
130,神兵前传3,黄玉郎 ,https://mhfm8tel.cdndm5.com/4/3802/3802.jpg,神兵前传系列3！自百多年前天神兵与魔兵湮没，圣盟绿护至邪...,完结,第24回 ,https://www.dm5.com/manhua-shenbingqianchuan-3/
131,神兵前传2,黄玉郎 ,https://mhfm5tel.cdndm5.com/3/2157/2157.jpg,新一辑的故事，环绕天竺婆罗门所发生，一个神之国度，有着...,完结,第24卷 ,https://www.dm5.com/manhua-shenbingqianchuan-2/
132,王小龙传--新龙虎门前传,黄玉郎 ,https://mhfm1tel.cdndm5.com/5/4126/4126.jpg,"《王小鳌凡糠萑宋锝榻B: *Τ(B,型似宇入p痴) ...",完结,第20卷 ,https://www.dm5.com/manhua-wangxiaolongchuan-xinlonghumenqianchuan/
135,神兵前传4,黄玉郎 ,https://mhfm8tel.cdndm5.com/4/3803/3803.jpg,"神兵前传4-玄天邪帝 万年一度的六阴凶元,一丝魔气逃出天网,...",完结,第15回 ,https://www.dm5.com/manhua-shenbingqianchuan-4/
138,龙族,蔡景东 ,https://mhfm7tel.cdndm5.com/4/3937/20141105163357_180x240_25.jpg,龙族漫画 ，龙族,完结,第5回 ,https://www.dm5.com/manhua-longzu/
139,东英耀扬,胡达泉 ,https://mhfm4tel.cdndm5.com/20/19671/20151013154951_180x240_21.jpg,"中漫版 
图片维度980",完结,第15回 ,https://www.dm5.com/manhua-dongyingyaoyang/
141,创世神兵,黄玉郎 ,https://mhfm7tel.cdndm5.com/4/3697/3697.jpg,07盛夏，香港漫画教父黄玉郎倾力原创的惊世大作！开辟全新...,完结,第40卷 ,https://www.dm5.com/manhua-chuangshishenbing/
142,天煞狂刀,温日良 ,https://mhfm9tel.cdndm5.com/4/3468/3468_b.jpg,"天煞狂刀漫画 ，在我这一生当中,我最重视的就是道义,但我偏...",完结,第48回 ,https://www.dm5.com/manhua-tianshakuangdao/
145,三国无双,许景琛 ,https://mhfm4tel.cdndm5.com/3/2606/2606_b.jpg,吕布，字奉先，三国第一猛将，人称“人中吕布，马中赤兔”...,完结,第7卷 ,https://www.dm5.com/manhua-sanguowushuang/
148,海虎无限+武神凶兽,温日良 ,https://mhfm2tel.cdndm5.com/13/12977/12977_b.jpg,海虎无限\武神凶兽联合创刊号，欢迎在线观看！,完结,第48回 ,https://www.dm5.com/manhua-haihuwuxian-wushenxiongshou/
150,一零八,司徒剑侨 ,https://mhfm9tel.cdndm5.com/16/15176/15176_b.jpg,《浪客一零八》讲述一群空有大志和本领的奇人异士，因为时...,完结,第20-21回 ,https://www.dm5.com/manhua-yilingba/
153,神州奇侠,冯志明 ,https://mhfm6tel.cdndm5.com/5/4907/20141107154333_180x240_21.jpg,神州奇侠漫画 ，主人公萧秋水长歌争气，义薄云天，喜结...,完结,第32回 ,https://www.dm5.com/manhua-shenzhouqixia/
155,电影龙虎门,黄玉郎 ,https://mhfm3tel.cdndm5.com/4/3595/3595.jpg,故事讲的是王小虎、王小龙、石黑龙三个年轻人创办拳馆，有...,完结,第18回 ,https://www.dm5.com/manhua-dianyinglonghumen/
156,东方不败,邱福龙 ,https://mhfm7tel.cdndm5.com/4/3735/3735_b.jpg,东方不败漫画，邱福龙的经典巨作！！！欢迎在线观看！,完结,第52回 ,https://www.dm5.com/manhua-dongfangbubai/
157,秦始皇,邱瑞新 ,https://mhfm4tel.cdndm5.com/8/7760/7760.jpg,邱瑞新最新作品，以港漫角度书写《秦始皇》一统六国之外的...,完结,第13回 勇者无惧,https://www.dm5.com/manhua-qinshihuang/
158,妖鬼极道传,阿维  ,https://mhfm6tel.cdndm5.com/56/55247/20191126144910_180x240_25.jpg,为了重回继承人之位，伊芒决定出发到西国鬼界。,完结,第1卷 ,https://www.dm5.com/manhua-yaoguijidaozhuan/
159,老夫子水浒传,王泽 ,https://mhfm7tel.cdndm5.com/8/7968/7968.jpg,老夫子水浒传以前的经典港漫,完结,第4卷 ,https://www.dm5.com/manhua-laofuzishuihuzhuan/
160,如月车站,郑健和 ,https://mhfm1tel.cdndm5.com/23/22323/20160323112502_180x240_23.jpg,《如月车站》漫画郑健和新著,完结,第3卷 ,https://www.dm5.com/manhua-ruyuechezhan/
161,龙虎五世第三部,黄玉郎 ,https://mhfm2tel.cdndm5.com/4/3239/3239_b.jpg,龙虎五世第三部漫画 ，六千五百万年以前，主宰着世界的是各...,完结,第38卷 ,https://www.dm5.com/manhua-longhuwushidisanbu/
162,刀剑笑狂沙,冯志明 ,https://mhfm1tel.cdndm5.com/4/3439/3439_b.jpg,刀剑笑狂沙漫画 ，横小弟之子横祸，见先祖几乎代代是大侠，...,完结,第120回 ,https://www.dm5.com/manhua-daojianxiaokuangsha/
163,仙剑奇侠传,易水翔麟 ,https://mhfm8tel.cdndm5.com/2/1318/1318.jpg,根据当年曾感动整个华语圈的经典电脑游戏《仙剑奇侠传》改...,完结,第9卷 ,https://www.dm5.com/manhua-xianjianqixiachuan/
164,古龙豪侠传,许景深 ,https://mhfm2tel.cdndm5.com/3/2465/2465_b.jpg,古龙豪侠传漫画 ，又是一套号称“投资百万”的作品！在“买...,完结,第21-30卷 ,https://www.dm5.com/manhua-gulonghaoxiachuan/
165,雪山飞狐,马荣成 ,https://mhfm1tel.cdndm5.com/4/3445/3445_b.jpg,雪山飞狐漫画 ，末清初，李自成兵败九宫山。为图东山再起，...,完结,第20回 ,https://www.dm5.com/manhua-xueshanfeihu/
166,街霸4,许景琛 ,https://mhfm1tel.cdndm5.com/7/6163/6163.jpg,"赤目司令把所有生物的力量数据收集,开发出一式威力巨大的招...",完结,第15回 ,https://www.dm5.com/manhua-jieba-4/
167,凶兽狂刀,海洋二号 ,https://mhfm4tel.cdndm5.com/4/3436/3436.jpg,,完结,第36回 ,https://www.dm5.com/manhua-xiongshoukuangdao/
168,拳斗,叶明发 ,https://mhfm1tel.cdndm5.com/4/3493/20141031163918_180x240_33.jpg,拳斗漫画 ，拳斗,完结,第41回 ,https://www.dm5.com/manhua-quandou/
169,三国神兵,叶明发 ,https://mhfm5tel.cdndm5.com/6/5774/5774.jpg,"天下大势,分久必合,合久必发,周朝未年七国纷争,最后秦国一...",完结,第25回 ,https://www.dm5.com/manhua-sanguoshenbing/
170,说英雄谁是英雄,叶明发 ,https://mhfm3tel.cdndm5.com/4/3462/3462_b.jpg,说英雄谁是英雄漫画 ，王小石是一个平凡的人，当他在金风细...,完结,第16回 ,https://www.dm5.com/manhua-shuoyingxiongshuishiyingxiong/
171,陆小凤,蔡景东 ,https://mhfm5tel.cdndm5.com/4/3557/3557.jpg,武林世界中的大侦探，著名的「四道眉毛」是其外形特征。机...,完结,第23回 ,https://www.dm5.com/manhua-luxiaofeng/
173,鹿鼎记,林政德 ,https://mhfm2tel.cdndm5.com/2/1523/1523_b.jpg,鹿鼎记漫画 ，《鹿鼎记》小说名字的含义为：“逐鹿中原、问...,完结,第26卷 ,https://www.dm5.com/manhua-ludingji1523/
174,水浒传,梁伟家 ,https://mhfm9tel.cdndm5.com/8/7828/7828.jpg,洪太尉误放妖魔:北宋仁宗嘉祜三年（1059）春，天下瘟疫盛行...,完结,第5卷 ,https://www.dm5.com/manhua-shuihuzhuan/
175,蜀山剑侠传,许景琛 ,https://mhfm5tel.cdndm5.com/4/3882/20141105161420_180x240_32.jpg,蜀山剑侠传漫画.蜀山剑侠传,完结,第24回 ,https://www.dm5.com/manhua-shushanjianxiachuan/
176,神兵前传5,黄玉郎 ,https://mhfm7tel.cdndm5.com/4/3804/3804.jpg,"神兵前传系列5！
铁心因故失踪，下落不明？！
问天与太平...",完结,第8回 ,https://www.dm5.com/manhua-shenbingqianchuan-5/
179,刀剑笑,刘定坚 ,https://mhfm1tel.cdndm5.com/4/3471/3471.jpg,,完结,第8回 ,https://www.dm5.com/manhua-daojianxiao/
180,新四大名捕,司徒剑桥 ,https://mhfm1tel.cdndm5.com/14/13895/13895_b.jpg,新四大名捕，司徒剑桥，温瑞安，一漫年出版有限公司2013年...,完结,第8回 四大名捕斗将军,https://www.dm5.com/manhua-xinsidamingbu/
181,真命天子,赖有贤 ,https://mhfm2tel.cdndm5.com/4/3573/3573.jpg,"居于太乙山云仙居的世外高人太乙真人忧心天下,命二名爱徒算...",完结,第16卷 ,https://www.dm5.com/manhua-zhenmingtianzi/
182,魔神传III,郑健和 ,https://mhfm6tel.cdndm5.com/1/679/679.jpg,玄武！战国时代，一位风云大将，纵横天下，无人不畏惧。然...,完结,第33卷 ,https://www.dm5.com/manhua-moshenchuan-iii/
183,拳皇新传,永仁 ,https://mhfm1tel.cdndm5.com/3/2041/2041.jpg,『越是接近，越是y掩心情的痛苦。』 一名t色^，t色的...,完结,第8卷 ,https://www.dm5.com/manhua-quanhuangxinchuan-kof-xinchuan/
184,X暴族I,冯志明 ,https://mhfm6tel.cdndm5.com/4/3069/3069_b.jpg,"X暴族I漫画 ，在世纪末的舞台上,人类的命运和世界的存亡将...",完结,第64-69卷 ,https://www.dm5.com/manhua-x-baozu-i/
185,诸葛孔明,李志清 ,https://mhfm3tel.cdndm5.com/4/3860/3860_b.jpg,青山依旧在几度夕阳红...白发渔樵江渚上...惯看秋月春风......,完结,第13卷 ,https://www.dm5.com/manhua-zhugekongming/
186,龙神首部曲,邱福龙 ,https://mhfm2tel.cdndm5.com/4/3425/3425_b.jpg,龙神首部曲漫画 ，公元前某一远古被遗忘了的年份里。一望无...,完结,第4卷 ,https://www.dm5.com/manhua-longshenshoubuqu/
187,少年刀剑笑,冯志明 ,https://mhfm9tel.cdndm5.com/4/3470/20141031143400_180x240_25.jpg,少年刀剑笑漫画 ，刀.剑.笑创作至今，已十多年的历史了，而...,完结,第64回 ,https://www.dm5.com/manhua-shaoniandaojianxiao/
188,武神108,温日良 ,https://mhfm4tel.cdndm5.com/7/6792/6792.jpg,2023年，人类没事干就核武射着玩。地球在100年内人口数量少...,完结,第26回 ,https://www.dm5.com/manhua-wushen-108/
191,龙抬头,袁家宝 ,https://mhfm7tel.cdndm5.com/12/11453/11453_b.jpg,我叫龙战，名字是我大伯在我们五堂兄弟年幼时，拜托一名命...,完结,第8回 真・进化燃烧,https://www.dm5.com/manhua-longtaitou/
192,大灾难师,一锋 ,https://mhfm8tel.cdndm5.com/46/45115/20181115080432_180x240_26.jpg,香港，即将面临一场突如其来的灾难,完结,第31回 最强的风（下）,https://www.dm5.com/manhua-dazainanshi/
194,神兵大帝,宝乐天尊 ,https://mhfm7tel.cdndm5.com/8/7040/20160901150111_180x240_26.jpg,黄玉郎神兵玄奇系列最新作品喜欢神兵玄奇的朋友不要错过！...,完结,第12回 ,https://www.dm5.com/manhua-shenbingdadi/
195,大霹雳,郑问 ,https://mhfm1tel.cdndm5.com/1/224/224.jpg,"大霹雳是一个神话故事,关于人、神与魔或正与邪相争的桥段。...",完结,第12卷 ,https://www.dm5.com/manhua-dapili/
196,战谱,邝彬强 ,https://mhfm9tel.cdndm5.com/18/17588/20150407165705_180x240_23.jpg,兰陵王漫画：公元前十二世纪，姜子牙请天将助周武王姬发讨...,完结,第20回 主宰天下,https://www.dm5.com/manhua-zhanpu/
197,精武门,任红 ,https://mhfm6tel.cdndm5.com/5/4675/4675_b.jpg,精武门漫画 ，来自异界的段大郎其实是异界皇族的遗孤。某天...,完结,第5卷 ,https://www.dm5.com/manhua-jingwumen4675/
198,封神,蔡景东 ,https://mhfm5tel.cdndm5.com/4/3438/3438_b.jpg,封神漫画 ， 神与魔的奥秘，千百年来皆成为无数学者研究探...,完结,第55回 ,https://www.dm5.com/manhua-fengshen/
199,你遇到的妖怪都是我,万画筒漫画 ,https://mhfm2tel.cdndm5.com/37/36176/20180719171201_180x240.jpg,【万画筒漫画出品】【每周四更新】立志从NPC转正成为公司游...,完结,第23回 ,https://www.dm5.com/manhua-niyudaodeyaoguaidushiwo/
201,风云2电影漫画版,马荣成 ,https://mhfm8tel.cdndm5.com/7/6708/20160902152745_180x240_21.jpg,"风云Ⅱ电影漫画 
第001回-万剑归宗(创刊号) 
风云2电影漫...",完结,第5回 ,https://www.dm5.com/manhua-fengyun-2-dianyingmanhuaban/
202,赤柱饭堂,邓志辉绘画.温日良主编 ,https://mhfm8tel.cdndm5.com/1/134/134.jpg,一妊e存在o人高手，和一些被挑x^的人可以享用一...,完结,第25卷 ,https://www.dm5.com/manhua-chizhufantang/
203,天煞狂刀第二章,海洋二号 ,https://mhfm6tel.cdndm5.com/2/1642/1642_b.jpg,天煞狂刀第二章漫画 ，武林就是一个变换无常，能者倍出之地...,完结,第24卷 ,https://www.dm5.com/manhua-tianshakuangdaodierzhang/
204,新著龙虎门外传,黄玉郎 ,https://mhfm7tel.cdndm5.com/6/5219/5219.jpg,,完结,第1卷 ,https://www.dm5.com/manhua-xinzhulonghumenwaichuan/
206,红太阳,邱瑞新 ,https://mhfm6tel.cdndm5.com/11/10355/10355_b.jpg,典型香港江湖格斗漫画,完结,第34回 ,https://www.dm5.com/manhua-hongtaiyang/
207,神掌龙九州,牛佬 ,https://mhfm1tel.cdndm5.com/9/8174/8174.jpg,风雨雷电惊大地，如来神掌震九州！十八年前，龙剑飞于被天...,完结,第10回 同归于尽,https://www.dm5.com/manhua-shenzhanglongjiuzhou/
208,野狼与玛莉,郑健和 ,https://mhfm8tel.cdndm5.com/9/8004/8004.jpg,张建禾不小心杀了自己的好友成俊，害怕坐牢，又怕自己的雏...,完结,第3回 两个只能活一个,https://www.dm5.com/manhua-yelangyumali/
209,拳道,司徒剑桥 ,https://mhfm1tel.cdndm5.com/14/13056/13056_b.jpg,拳道漫画，司徒剑桥2013年作品，背景是上世纪70年代香港，...,完结,第12回 约誓一战,https://www.dm5.com/manhua-quandao/
211,风雷1,温日良 ,https://mhfm3tel.cdndm5.com/4/3800/3800.jpg,温日良经典作品！世纪末日如期而至，世界随着核子战争而终...,完结,第40回 ,https://www.dm5.com/manhua-fenglei-1/
212,叶问前传,牛佬 ,https://mhfm8tel.cdndm5.com/8/7046/20160831134528_180x240_22.jpg,叶问前传漫画改编自目前正在拍摄制作的同名电影，预计2010...,完结,第20回 ,https://www.dm5.com/manhua-yewenqianzhuan/
213,神之领域,司徒剑桥 ,https://mhfm2tel.cdndm5.com/5/4791/4791.jpg,每个人生下来便有其个人独特的「生命密码」。它主宰你的平...,完结,第37回 ,https://www.dm5.com/manhua-shenzhilingyu/
214,生化危机ZERO,许景琛 ,https://mhfm8tel.cdndm5.com/3/2555/2555_b.jpg,CAPCOM授权的正统生化系列故事漫画，玉郎集团的漫画风格与...,完结,第6卷 ,https://www.dm5.com/manhua-shenghuaweiji-zero/
215,大侠传奇,冯志明 ,https://mhfm2tel.cdndm5.com/7/6674/6674_b.jpg,大侠传奇漫画故事讲述的是在六年前，峨嵋金顶。一场震惊武...,完结,第52回 ,https://www.dm5.com/manhua-daxiachuanqi/
217,幻城,司徒剑桥 ,https://mhfm8tel.cdndm5.com/9/8043/8043.jpg,郭敬明小说改编漫画。卡索和樱空释，玄幻地拥立在漫天飞舞...,完结,第16回 绝强相遇.忘情一战,https://www.dm5.com/manhua-huancheng/
218,医院恐怖故事,爻V ,https://mhfm1tel.cdndm5.com/20/19453/20150906162243_180x240_28.jpg,这是一个正在发生的恐怖故事，而你也有可能成为故事里的其...,完结,第1回 ,https://www.dm5.com/manhua-yiyuankongbugushi/
219,中华英雄外传,叶明发 ,https://mhfm6tel.cdndm5.com/5/4932/4932.jpg,"华英雄命犯天煞孤星,父母为土豪恶霸所害,他带着家传之宝「...",完结,第16卷 ,https://www.dm5.com/manhua-zhonghuayingxiongwaichuan/
220,天蚕变,建君 ,https://mhfm3tel.cdndm5.com/11/10812/10812_b.jpg,云飞扬来历鲜为人知道，他虽与武当派掌门青松有一段不段不...,完结,第21回 ,https://www.dm5.com/manhua-tiancanbian/
221,街霸vs拳皇外传,许景琛 ,https://mhfm9tel.cdndm5.com/6/5639/5639.jpg,虽名为拳皇VS街霸，但实是SNK VS CAPCOM的漫画版，囊括街霸...,完结,第4卷 ,https://www.dm5.com/manhua-jieba-vs-quanhuangwaizhuan/
223,神王,马荣成 ,https://mhfm6tel.cdndm5.com/4/3730/20141104160246_180x240_18.jpg,"神王漫画 ，许久以前,星空之下有一个传说,有人说地球上的海...",完结,第9回 ,https://www.dm5.com/manhua-shenwang/
224,立花正仁,伦裕国 ,https://mhfm3tel.cdndm5.com/8/7837/7837.jpg,古惑仔系列虚构人物，人气比古惑仔系列主角陈浩南还高。为...,完结,第30回 ,https://www.dm5.com/manhua-lihuazhengren/
225,刀剑新传,永仁 ,https://mhfm8tel.cdndm5.com/4/3418/3418_b.jpg,刀剑新传漫画 ，超越当年创作《中华英雄》时的22万本销量！...,完结,第37卷 ,https://www.dm5.com/manhua-daojianxinchuan/
226,太子,牛佬 ,https://mhfm8tel.cdndm5.com/6/5610/5610_b.jpg,"牛佬监制,吴兆铭主编 . 继之后 牛佬 又一部香港热血漫画 .",完结,第9回 太子的遗憾,https://www.dm5.com/manhua-taizi/
227,红棍王,邱瑞新 ,https://mhfm5tel.cdndm5.com/5/4870/20141107152259_180x240_22.jpg,"红棍王漫画 ，和古惑仔一样,很不良,很热血",完结,第11回 ,https://www.dm5.com/manhua-honggunwang/
228,神王2,马荣成 ,https://mhfm8tel.cdndm5.com/12/11274/11274_b.jpg,神王2,完结,第9回 神的时代,https://www.dm5.com/manhua-shenwang-2/
229,岳飞列传,许景琛 ,https://mhfm5tel.cdndm5.com/5/4204/4204_b.jpg,"关于南宋爱国名将岳飞被冤杀的原因,一般都认为是他力主抗金...",完结,第10卷 ,https://www.dm5.com/manhua-yuefeiliechuan/
231,天使迷梦,游素兰 ,https://mhfm6tel.cdndm5.com/2/1646/1646_b.jpg,回声是一个害羞的女生，一天，她和3位好友慕名去了一家神秘...,完结,第6卷 ,https://www.dm5.com/manhua-tianshimimeng/
233,霹雳狂龙,黄玉郎 ,https://mhfm3tel.cdndm5.com/4/3232/3232.jpg,画一开始介绍“霹雳门”及“修罗道”。大反派“修罗邪神”...,完结,第12卷 ,https://www.dm5.com/manhua-pilikuanglong/
234,魔神传I,郑健和 ,https://mhfm9tel.cdndm5.com/1/677/677.jpg,"故事讲述在战国时期,也就是两千三百年前,周室黯弱,各诸侯国...",完结,第3卷 ,https://www.dm5.com/manhua-moshenchuan-i/
235,人肉火腿,漫君 ,https://mhfm8tel.cdndm5.com/7/6995/6995.jpg,出版年份：六十年代或七十年代初出版商：胜利图书公司编绘...,完结,第1回 ,https://www.dm5.com/manhua-renrouhuotui/
237,香港10大奇案,钟国光 ,https://mhfm7tel.cdndm5.com/4/3873/3873_b.jpg,香港10大奇案漫画 ，香港十大奇案，因为是真事，所以有点恐...,完结,第4回 ,https://www.dm5.com/manhua-xianggang-10-daqian/
238,灵狐高校异闻,神居动漫 ,https://mhfm1tel.cdndm5.com/32/31238/20180719170620_180x240.jpg,一号平行世界“幻方”，本来是个平凡的混沌世界。在由七位...,完结,第26回 鬼娃（2）,https://www.dm5.com/manhua-linghugaoxiaoyiwen/
241,魔武渡,邝彬强 ,https://mhfm2tel.cdndm5.com/16/15870/15870_b.jpg,魔武渡漫画 ， 魔武渡漫画简介：邝彬强继又一武侠动作题材...,完结,第22回 最终回,https://www.dm5.com/manhua-mowudu/
244,天界无限2,黄展鸣 ,https://mhfm8tel.cdndm5.com/22/21050/20151125140522_180x240_22.jpg,《天界无限》是一部想象空间无限大的玄幻武侠剧作，书名含...,完结,第40卷 ,https://www.dm5.com/manhua-tianjiemoxian-2/
245,新著如来神掌,梁伟杰 ,https://mhfm3tel.cdndm5.com/4/3427/3427.jpg,"如来神掌来了,由古惑仔的作者牛佬操刀,时间跳转到清朝光绪...",完结,第8卷 ,https://www.dm5.com/manhua-xinzhurulaishenzhang/
246,西游战记,永仁 ,https://mhfm4tel.cdndm5.com/7/6577/6577_b.jpg,孙悟空―三大守护圣兽中最被大众传颂者，悟空原来是普提老...,完结,第4回 ,https://www.dm5.com/manhua-xiyouzhanji/
247,老夫子之水虎传,王泽 ,https://mhfm6tel.cdndm5.com/8/7657/7657_b.jpg,老夫子为一名科学家，在家中发明了一部时光机，于是邀请好...,完结,第1卷 ,https://www.dm5.com/manhua-laofuzizhishuihuzhuan/
248,天下无敌,胡绍权 ,https://mhfm9tel.cdndm5.com/15/14059/14059_b.jpg,天下无敌，胡绍权，武侠格斗。,完结,第16回 最终话,https://www.dm5.com/manhua-tianxiawudi1/
249,轩辕剑,蔡景东 ,https://mhfm7tel.cdndm5.com/2/1351/1351.jpg,女娲以五彩石的精华，赋予地心奇铁身上，为黄帝铸出一把绝...,完结,第18卷 ,https://www.dm5.com/manhua-xuanyuanjian/
251,功夫家族,TY. ,https://mhfm3tel.cdndm5.com/32/31205/20180613120058_180x240.jpg,谁说现代就没有武林？我们就不在江湖中呢？张天昊是武林至...,完结,外传：2 夜空的笑脸,https://www.dm5.com/manhua-gongfujiazu/
252,侍魂天草降临,陈伟文 ,https://mhfm9tel.cdndm5.com/4/3779/3779.jpg,"人称为“鬼”的壬无月・斩红郎站在大道上,他要让尸体堆满眼...",完结,第22回 ,https://www.dm5.com/manhua-shihuntiancaojianglin/
253,龙少年,永仁 ,https://mhfm9tel.cdndm5.com/4/3824/3824.jpg,宇宙，浩瀚庞大，包含着无限的一切，相比起来地球是何等的...,完结,第59回 ,https://www.dm5.com/manhua-longshaonian/
255,蝎王,许景琛 ,https://mhfm5tel.cdndm5.com/4/3871/3871_b.jpg,蝎王漫画 ，依旧是生化变身人的故事! 欢迎在线观看！,完结,第52回 ,https://www.dm5.com/manhua-xiewang/
257,李小龙・截拳,曹志豪 ,https://mhfm2tel.cdndm5.com/17/16211/16211_b.jpg,李小龙・截拳漫画 ，李小龙・截拳漫画：李小龙・截拳漫画：继...,完结,第12回 ,https://www.dm5.com/manhua-lixiaolong-jiequan/
258,四大名捕,冯志明 ,https://mhfm7tel.cdndm5.com/10/9699/9699.jpg,"人在江湖,把生命都押在刀口上…当今天遇上这柄刀…夺人所爱...",完结,第8回 最终回,https://www.dm5.com/manhua-sidamingbu-2012/
259,邪神,曹志豪 ,https://mhfm5tel.cdndm5.com/3/2330/2330_b.jpg,邪神漫画 ，当年，我出道不久，江湖中人，便替我取了一个外...,完结,第20卷 ,https://www.dm5.com/manhua-xieshen/
260,孔雀明王,叶明发 ,https://mhfm2tel.cdndm5.com/4/3568/3568.jpg,这是历史上一个最黑暗的时代……正邪不分，魔道横行！人类...,完结,第5回 ,https://www.dm5.com/manhua-kongquemingwang/
261,风流,叶明发 ,https://mhfm6tel.cdndm5.com/10/9816/9816.jpg,1.这个世界有五大杀手组织，「零」就是当中最庞大的，而「...,完结,第8回 ,https://www.dm5.com/manhua-fengliu/
263,黑漫画,Dicky Lam ,https://mhfm1tel.cdndm5.com/20/19489/20150911111655_180x240_17.jpg,《黑漫画2W鬼大联盟》大家好！好高兴《黑漫画》同大家见面...,完结,第4回 ,https://www.dm5.com/manhua-heimanhua/
265,雷火洪步,温日良 ,https://mhfm2tel.cdndm5.com/1/826/826.jpg,香港赤柱监狱发展重建完成，成为南中国最大的最重犯和死囚...,完结,第25卷 ,https://www.dm5.com/manhua-leihuohongbu/
266,水浒战魂,叶明发 ,https://mhfm4tel.cdndm5.com/2/1107/1107.jpg,"在东京,除了不是老虎的雷老虎,居然有一个如假包换的豹子头?...",完结,第21回 ,https://www.dm5.com/manhua-shuihuzhanhun/
267,海虎 The beginning,温日良 ,https://mhfm4tel.cdndm5.com/16/15650/15650_b.jpg,"本漫画为《海虎》漫画美版单行本（The beginning）,将作为...",完结,第1回 ,https://www.dm5.com/manhua-haihu-the-beginning/
268,倾国怨伶,游素兰 ,https://mhfm2tel.cdndm5.com/2/1019/1019_b.jpg,远古时，神祗为了支撑天地打造了镇邪七镜，每一面镜子都代...,完结,第4卷 ,https://www.dm5.com/manhua-qingguoyuanling/
269,海虎2.5 末世曙光,温日良 ,https://mhfm2tel.cdndm5.com/19/18576/20150608153642_180x240_21.jpg,海虎2.5末世曙光漫画：今晚升起的明月特别怪异…满着温柔和...,完结,第3回 ,https://www.dm5.com/manhua-haihu-2-5-moshishuguang/
270,武霸三国,永仁 ,https://mhfm4tel.cdndm5.com/6/5543/5543_b.jpg,一部中国历史上充斥着战争，死亡，和屠杀，历经改朝换代的...,完结,第12回 ,https://www.dm5.com/manhua-wubasanguo/
271,波动拳Z,司徒剑侨 ,https://mhfm9tel.cdndm5.com/18/17226/20150115153046_180x240_21.jpg,波动拳Z漫画 ，天地初开，混沌洪荒。传说，造物主依照他自...,完结,第16回 ,https://www.dm5.com/manhua-bodongquan-z/
272,宠妻攻略：狼性首席夜夜欢,剧能玩/森鹿 ,https://mhfm9tel.cdndm5.com/46/45078/20180911134714_180x240.jpg,刚刚回国就被霸王硬上弓，一纸契约强行被囚禁在他身边。她...,完结,第50回 ,https://www.dm5.com/manhua-chongqigonglue-langxingshouxiyeyehuan/
273,宠妻攻略：狼性首席夜夜欢,剧能玩/森鹿 ,https://mhfm9tel.cdndm5.com/46/45078/20180911134714_180x240.jpg,刚刚回国就被霸王硬上弓，一纸契约强行被囚禁在他身边。她...,完结,第50回 ,https://www.dm5.com/manhua-chongqigonglue-langxingshouxiyeyehuan/
274,WLOP 2017~2018 作品全集,王凌（wlop）  ,https://mhfm9tel.cdndm5.com/48/47993/20190213210256_180x240_15.jpg,WLOP 2017~2018 作品全集漫画 ，王凌(wlop)作品画面多以女...,完结,第1卷 ,https://www.dm5.com/manhua-wlop-2017-2018-zuopinquanji/
275,李小龙2000,上官小宝 ,https://mhfm2tel.cdndm5.com/4/3454/3454_b.jpg,李小龙2000漫画 ，李小龙复活了,完结,第20回 ,https://www.dm5.com/manhua-lixiaolong-2000/
276,天殛,黄水斌 ,https://mhfm3tel.cdndm5.com/7/6826/20160902111317_180x240_24.jpg,"主角黑雪和「边城浪子」的傅红雪的出身简直是一模一样,身负...",完结,第37回 ,https://www.dm5.com/manhua-tianji/
277,风林火山,郑健和 ,https://mhfm1tel.cdndm5.com/1/288/20150317115459_180x240_36.jpg,白虎刀堂为远东一带享有盛名的名门大派，门下弟子逾千，堂...,完结,第3卷 ,https://www.dm5.com/manhua-fenglinhuoshan/
280,刺客列传,郑问 ,https://mhfm5tel.cdndm5.com/3/2292/2292_b.jpg,此书为郑问的代表作之一。其脚本是根据汉代史学家司马迁所...,完结,第1卷 ,https://www.dm5.com/manhua-cikeliechuan/
281,孙悟空,陈国坚 ,https://mhfm7tel.cdndm5.com/4/3863/3863_b.jpg,孙悟空漫画 ，讲述一个你不知道的孙悟空的故事，从一个全新...,完结,第8回 ,https://www.dm5.com/manhua-sunwukong/
282,魔神传II,郑健和 ,https://mhfm3tel.cdndm5.com/1/690/20150317115210_180x240_27.jpg,"魔神传II漫画 ，在未有文字记载的远古时代,人类与魔族发生...",完结,第5卷 ,https://www.dm5.com/manhua-moshenchuan-ii/
283,天殛阎王,马荣成 ,https://mhfm6tel.cdndm5.com/3/2614/2614_b.jpg,天殛第二部，除了主角所用的兵器是天殛刀，故事及人物皆是...,完结,第8卷 ,https://www.dm5.com/manhua-tianjiyanwang/
284,醉拳王无忌,黄玉郎 ,https://mhfm2tel.cdndm5.com/4/3442/3442_b.jpg,醉拳王无忌漫画 ，「醉拳」创刊于１９８１年，是黄玉郎继「...,完结,第6回 ,https://www.dm5.com/manhua-zuiquanwangwuji/
285,霸刀飞惊斩击,冯志明 ,https://mhfm6tel.cdndm5.com/4/3417/3417_b.jpg,霸刀飞惊斩击漫画 ，香港大漫画家冯志明笔下的霸刀系列最新...,完结,第25卷 ,https://www.dm5.com/manhua-badaofeijingzhanji/
288,天下无敌剑邪神,叶明发 ,https://mhfm4tel.cdndm5.com/7/6284/6284.jpg,"那年，天狗蚀日，江湖血雨腥风…… 
就连天下第一名刹少林...",完结,第8回 ,https://www.dm5.com/manhua-tianxiawudijianxieshen/
289,天人,司徒剑桥 ,https://mhfm8tel.cdndm5.com/4/3862/3862.jpg,"故事l生於妖FM行的2017年,全球正受美集F侵略,...",完结,第22回 ,https://www.dm5.com/manhua-tianren3862/
290,英雄,马荣成 ,https://mhfm2tel.cdndm5.com/5/4963/4963.jpg,"张艺谋拍的第一部武侠片《英雄》大家都看过了吧,漫画版的也...",完结,第2卷 ,https://www.dm5.com/manhua-yingxiong/
291,末世北斗,温日良 ,https://mhfm1tel.cdndm5.com/16/15396/15396_b.jpg,第三次世界大战以后，人类命运由核战及一些已变至强横无匹...,完结,第2回 ,https://www.dm5.com/manhua-moshibeidou/
292,婚色撩人：傅少的独宠,剧能玩/一夜舟 ,https://mhfm3tel.cdndm5.com/48/47160/20190107112910_180x240.jpg,上一世因为太爱傅苏眠的沈微澜葬身火海，还连累未出生的孩...,完结,第50回 ,https://www.dm5.com/manhua-hunseliaoren-fushaodeduchong/
293,天外玄侠,许景琛 ,https://mhfm6tel.cdndm5.com/3/2623/2623_b.jpg,天外玄侠漫画 ，十六年前的峨嵋金顶，混元魔结集血鸦进犯上...,完结,第33卷 ,https://www.dm5.com/manhua-tianwaixuanxia/
294,天国神兵,牛佬 ,https://mhfm8tel.cdndm5.com/9/8095/8095_b.jpg,天国神兵漫画 ，《天国神兵》是一部天马行空，包罗万象，向...,完结,第12回 ,https://www.dm5.com/manhua-tianguoshenbing/
295,幽灵山庄,陈景团 ,https://mhfm9tel.cdndm5.com/4/3443/3443_b.jpg,"幽灵山庄漫画 ，古龙原著，陆小凤系列。 这里是幽灵山庄,黑...",完结,第10-18卷 ,https://www.dm5.com/manhua-youlingshanzhuang/
296,马王,永仁 蔡景东 ,https://mhfm1tel.cdndm5.com/13/12993/12993_b.jpg,仇天博士、陆不惊一场由他们的恩怨仇恨所演变出来的赛事刚...,完结,第50回 ,https://www.dm5.com/manhua-mawang/
297,绝地天行,郑健和 ,https://mhfm7tel.cdndm5.com/1/547/20150317115339_180x240_18.jpg,"绝地天行漫画 ，本书是讲述绝地和天行两人,本来两人都系监...",完结,第8卷 ,https://www.dm5.com/manhua-jueditianxing/
299,卫斯理II,许景琛 ,https://mhfm1tel.cdndm5.com/4/3076/3076.jpg,"蓝道无间是承接共17期《卫斯理Z》的延续故事,熟识的人物包...",完结,第1-6卷 ,https://www.dm5.com/manhua-weisili-ii/
300,猛鬼馆－鬼狱界,黄玉郎 ,https://mhfm6tel.cdndm5.com/4/3786/3786.jpg,"本漫画是以短篇故事的形式来制作的,所以包含了数部精彩恐怖...",完结,第5回 ,https://www.dm5.com/manhua-mengguiguan-guiyujie/
302,蝙蝠侠,黄玉郎 ,https://mhfm6tel.cdndm5.com/3/2639/20180818150934_180x240_24.jpg,这是香港著名漫画大师黄玉郎的又一短篇大作，他将美国的传...,完结,第3卷 ,https://www.dm5.com/manhua-bianfuxia/
303,卧虎藏龙,司徒剑桥 ,https://mhfm1tel.cdndm5.com/4/3486/20141031155406_180x240_31.jpg,卧虎藏龙漫画 ，一代大侠李慕白有退出江湖之意，托付红颜知...,完结,第4卷 ,https://www.dm5.com/manhua-wohucanglong/
304,我若为皇III,温日良 ,https://mhfm8tel.cdndm5.com/5/4614/4614_b.jpg,"我若为皇III漫画 ，十六年前, 如来舍身救世, 可是核幅射的...",完结,第22回 ,https://www.dm5.com/manhua-woruoweihuang-iii/
305,新著中华英雄,温日良 ,https://mhfm8tel.cdndm5.com/16/15175/15175_b.jpg,华英雄，咱们大中华民族举世无双的第一豪杰。发生在他身上...,完结,第2回 ,https://www.dm5.com/manhua-xzzhyx-2014/
306,阴阳客行,张晓松 ,https://mhfm6tel.cdndm5.com/43/42298/20180821115800_180x240.jpg,"纵浪大化中，不喜亦不惧。应尽便须尽，无复独多虑！
一日...",完结,第33回 完结篇（下）,https://www.dm5.com/manhua-yinyangkexing/
307,沈虎禅大传,叶明发 ,https://mhfm6tel.cdndm5.com/8/7234/20160830151511_180x240_24.jpg,目前橹梗把我武侠小说原着改编成电影、电视、电玩、网游...,完结,第12回 ,https://www.dm5.com/manhua-shenhuchandachuan/
308,非法赛车,余东恩 ,https://mhfm9tel.cdndm5.com/4/3732/20141104160418_180x240_25.jpg,深夜的九龙湾是飞车手最爱流连的地方，皆因喜欢赛车的都喜...,完结,第38回 ,https://www.dm5.com/manhua-feifasaiche/
309,八仙道,司徒剑桥 ,https://mhfm4tel.cdndm5.com/4/3073/3073_b.jpg,"八仙道漫画 ，《八仙道》是由司徒蚓L,有看港漫的λ...",完结,第98-124卷 ,https://www.dm5.com/manhua-baxiandao/
310,猎战,李重豪 ,https://mhfm7tel.cdndm5.com/17/16549/16549_b.jpg,猎战漫画：这是一部新的全黑白、全线稿、原汁原味的港漫特...,完结,第3回 生死局,https://www.dm5.com/manhua-liezhan/
312,神兵科幻记序章,黄玉郎 ,https://mhfm6tel.cdndm5.com/4/3801/3801.jpg,圣盟之主──九千岁，一个活在面具下的者，今日放下面具...,完结,第4回 ,https://www.dm5.com/manhua-shenbingkehuanjixuzhang/
313,杀手日记,温日良 ,https://mhfm5tel.cdndm5.com/2/1108/1108_b.jpg,杀手日记漫画 ，些人会觉得我杀人完全为钱，我说那些人无知...,完结,第4卷 ,https://www.dm5.com/manhua-shashouriji/
314,江湖大家族,邱瑞新 ,https://mhfm8tel.cdndm5.com/5/4821/4821.jpg,"日本杀手立花正仁行刺山口组头目,得逞后潜逃香港。一向觊觎...",完结,第5回 ,https://www.dm5.com/manhua-jianghudajiazu/
315,机甲猿神,司徒剑侨 ,https://mhfm7tel.cdndm5.com/17/16118/16118_b.jpg,机甲猿神漫画故事大纲：从前有一个地方叫“天宫”，那里住...,完结,第4回 ,https://www.dm5.com/manhua-jijiayuanshen/
316,乌鸦,伦裕国 ,https://mhfm5tel.cdndm5.com/5/4629/4629.jpg,"这是伦裕国与邱瑞新出道早期的一部,虽然漫画的制作和画风不...",完结,第20回 ,https://www.dm5.com/manhua-wuya/
318,我的王子殿下,瑞云 ,https://mhfm8tel.cdndm5.com/2/1532/1532_b.jpg,精灵国的精灵小蓓因一次意外而来到了人类世界。在麦丹斯国...,完结,第5卷 ,https://www.dm5.com/manhua-wodewangzidianxia/
320,如来魔掌,李高 ,https://mhfm6tel.cdndm5.com/6/5377/5377_b.jpg,如来魔掌漫画 ，据记载佛教创始者释迦牟尼降生于公元前六二...,完结,第12回 ,https://www.dm5.com/manhua-rulaimozhang/
321,恶灵王,许景琛 ,https://mhfm4tel.cdndm5.com/6/5791/5791.jpg,,完结,第7回 ,https://www.dm5.com/manhua-elingwang/
322,X暴族－黄金风暴,冯志明 ,https://mhfm8tel.cdndm5.com/5/4409/4409.jpg,"在世纪末的舞台上,人类的命运和世界的存亡将取决于天之龙与...",完结,第29回 ,https://www.dm5.com/manhua-x-baozu-huangjinfengbao/
323,我若为皇I撒旦的子孙,牛家班 ,https://mhfm8tel.cdndm5.com/2/1304/1304_b.jpg,"我若为皇I撒旦的子孙漫画 ，故事讲述西方宗教的神魔大战,亦...",完结,第18卷 ,https://www.dm5.com/manhua-woruoweihuang-i-sadandezisun/
327,X暴族-超武世纪,冯志明 ,https://mhfm6tel.cdndm5.com/4/3796/20141104165341_180x240_24.jpg,X暴族-超武世纪漫画 ，X暴族-超武世纪,完结,第20卷 ,https://www.dm5.com/manhua-x-baozu-chaowushiji/
328,Dream Hunter-狩梦人-,抖动文化 ,https://mhfm6tel.cdndm5.com/34/33815/20180423140453_180x240_20.jpg,这是一个亦真亦幻的世界，梦境和现实完美的对接。很多东西...,完结,第26回 季终话――忘记你,https://www.dm5.com/manhua-dream-hunter-shoumengren/
329,侍魂－魔界轮回记,冯志明 ,https://mhfm2tel.cdndm5.com/4/3793/3793.jpg,"阔e三d，SNK正版街C玩漫於2007年再度起.
世界著...",完结,第8回 ,https://www.dm5.com/manhua-shihun-mojielunhuiji/
330,黑龙,曹志豪 ,https://mhfm3tel.cdndm5.com/5/4600/4600_b.jpg,龙虎三皇独立出故事，大家会想到最近的《王小龙传》。事实...,完结,第11回 ,https://www.dm5.com/manhua-heilong/
331,沈胜衣传奇,叶明发 ,https://mhfm3tel.cdndm5.com/15/14241/14241_b.jpg,沈胜衣传奇，黄鹰经典武侠之作改编的漫画，由叶明发主笔，...,完结,第8回 杀手悲歌,https://www.dm5.com/manhua-shenshengyichuanqi/
332,天涯明月刀,冯志明 ,https://mhfm6tel.cdndm5.com/4/3496/20141031165315_180x240_21.jpg,天涯明月刀漫画 ，《天涯明月刀》代表着古龙武侠小说创作的...,完结,第8回 ,https://www.dm5.com/manhua-tianyamingyuedao/
333,风暴十三,邓志辉 ,https://mhfm7tel.cdndm5.com/4/3469/3469_b.jpg,风暴十三漫画 ，风十三再会龙四，结果会是如何？龙门行如何...,完结,第12回 ,https://www.dm5.com/manhua-fengbaoshisan/
334,卫斯理I,许景琛 ,https://mhfm8tel.cdndm5.com/4/3075/3075_b.jpg,卫斯理与白素 卫斯理这回遇上中国势力最大的帮会－青帮，而...,完结,第1-17卷 ,https://www.dm5.com/manhua-weisili-i/
335,霸刀外传-无敌篇,冯志明 ,https://mhfm4tel.cdndm5.com/4/3484/20141031154105_180x240_37.jpg,霸刀外传-无敌篇漫画 ，《大侠传奇(神州后传)》《霸刀》《...,完结,第12卷 ,https://www.dm5.com/manhua-badaowaichuan-wudipian/
336,赤壁之战,李志清 ,https://mhfm4tel.cdndm5.com/4/3857/3857_b.jpg,东汉建安十三年，孙权、刘备联军在长江赤壁一带，大败曹操...,完结,赤壁之战_上中下 ,https://www.dm5.com/manhua-chibizhizhan/
337,黄帝传奇,袁家宝 ,https://mhfm5tel.cdndm5.com/6/5348/5348_b.jpg,"编剧：黄易 
总监：祁文杰 
编绘：袁家宝 
黄帝传奇一共...",完结,第1卷 ,https://www.dm5.com/manhua-huangdichuanqi/
338,大佬,毕亦乐 ,https://mhfm3tel.cdndm5.com/5/4822/4822_b.jpg,"大佬漫画 ，又一部江湖漫画,和古惑仔一个类型.",完结,第4回 ,https://www.dm5.com/manhua-dalao/
339,龙虎风暴,庞重辉 ,https://mhfm9tel.cdndm5.com/4/3757/3757.jpg,"龙虎群英与老祖宗真魔一战,自“天变”后终于落幕,天下无敌...",完结,第1-11回 ,https://www.dm5.com/manhua-longhufengbao/
340,刀霸天下,伦裕国 ,https://mhfm1tel.cdndm5.com/4/3472/20141031144017_180x240_31.jpg,刀霸天下漫画 ，刀霸天下不一样的武侠世界,完结,第12回 ,https://www.dm5.com/manhua-daobatianxia/
341,私立学园,吴兆铭 ,https://mhfm2tel.cdndm5.com/6/5581/20141212151027_180x240_23.jpg,私立学园漫画 ，私立学园,完结,第15回 ,https://www.dm5.com/manhua-silixueyuan/
342,终极狂龙,温日良 ,https://mhfm5tel.cdndm5.com/7/6752/6752.jpg,"2051年洛程回归,从usa坐新型导弹降落了,冷眼升了上将邪神已...",完结,第4回 ,https://www.dm5.com/manhua-zhongjikuanglong/
343,天王剑,温日良 ,https://mhfm6tel.cdndm5.com/7/6496/6496_b.jpg,"武神外传 天王剑漫画 ，海洋出版的经典之作“武神“的外传,...",完结,第1回 ,https://www.dm5.com/manhua-tianwangjian/
346,狂刀04,海洋二号 ,https://mhfm5tel.cdndm5.com/5/4812/20141107150024_180x240_17.jpg,狂刀04漫画 ，狂刀04,完结,第14回 ,https://www.dm5.com/manhua-kuangdao-04/
347,奇摩高校,RIVER ,https://mhfm8tel.cdndm5.com/47/46988/20181223110933_180x240_20.jpg,2000年3月在奇摩站展开的奇摩高校漫画连载专栏，终于在2001...,完结,流星花园篇 ,https://www.dm5.com/manhua-qimogaoxiao/
349,X暴族II,冯志明 ,https://mhfm7tel.cdndm5.com/4/3070/3070_b.jpg,"X暴族II漫画 ，在世纪末的舞台上,人类的命运和世界的存亡将...",完结,第16-21卷 ,https://www.dm5.com/manhua-x-baozu-ii/
350,神兵斗者,司徒剑桥 ,https://mhfm7tel.cdndm5.com/20/19286/20150813102147_180x240_21.jpg,当来自两个不同平行空间的孙悟空和齐天大圣碰头，又会擦出...,完结,第4回 ,https://www.dm5.com/manhua-shenbingdouzhe-2015/
351,几米作品选,几米 ,https://mhfm3tel.cdndm5.com/1/534/534_b.jpg,几米作品，以熟悉的都市感、细致的图画、充满寓意的故事受...,完结,第4回 ,https://www.dm5.com/manhua-jimizuopin/
352,白乾坤,邓志辉 ,https://mhfm8tel.cdndm5.com/4/3459/3459_b.jpg,白乾坤漫画 ，白乾坤一个不同一般的故事。,完结,第2回 ,https://www.dm5.com/manhua-baiqiankun/
353,六指琴魔,严志超 ,https://mhfm6tel.cdndm5.com/5/4325/4325.jpg,“喜怒哀乐无尽头！恩怨情仇几时休？唯我六指弹不绝！……...,完结,第5回 ,https://www.dm5.com/manhua-liuzhiqinmo/
354,流星蝴蝶剑,赵汝德 ,https://mhfm9tel.cdndm5.com/5/4066/4066.jpg,杀人王高老大是一个精明强悍却又风情万种的女人，她有四个...,完结,第12卷 ,https://www.dm5.com/manhua-liuxinghudiejian/
355,风云外传-天下无双,郑问 ,https://mhfm5tel.cdndm5.com/11/10163/10163_b.jpg,风云大战断浪一役之后，转眼十多年间，各大小门派都得到休...,完结,第1回 ,https://www.dm5.com/manhua-fengyunwaichuan-tianxiawushuang/
356,灭火群龙,黄玉郎 ,https://mhfm8tel.cdndm5.com/4/3750/20141104163152_180x240_23.jpg,"灭火群龙漫画 ，香港现代漫画比较喜欢的内容,火场危险,但人...",完结,第8卷 ,https://www.dm5.com/manhua-miehuoqunlong/
357,幻魔之战,马荣成 ,https://mhfm5tel.cdndm5.com/1/509/509_b.jpg,幻魔之战漫画 ，在一个不知名的年代，在一个失落的国度里。...,完结,第4卷 ,https://www.dm5.com/manhua-huanmozhizhan/
358,邪狼恶兽,温日良 ,https://mhfm6tel.cdndm5.com/10/9301/9301.jpg,《海洋疯狂》是海洋漫画的新尝试，简而言之就是多作家的合...,完结,第8回 ,https://www.dm5.com/manhua-xielangeshou/
359,脱北者,郑健和 ,https://mhfm1tel.cdndm5.com/11/10251/20160824151144_180x240_14.jpg,1.「北国」是一个封闭专权的国度，她与外界唯一联M就一架...,完结,第3回 飞奔,https://www.dm5.com/manhua-tuobeizhe/
360,夜半歌声,黄玉郎 ,https://mhfm3tel.cdndm5.com/6/5331/5331_b.jpg,本书是根据电影《夜半歌声》改编而成的漫画。故事以“一九...,完结,第1卷 ,https://www.dm5.com/manhua-yebangesheng/
362,侍魂－魔界轮回记,冯志明 ,https://mhfm2tel.cdndm5.com/4/3793/3793.jpg,"阔e三d，SNK正版街C玩漫於2007年再度起.
世界著...",完结,第8回 ,https://www.dm5.com/manhua-shihun-mojielunhuiji/
363,灵神剑,米奇 ,https://mhfm8tel.cdndm5.com/4/3457/3457_b.jpg,灵神剑漫画 ，漫画家米奇绘画的 灵神剑。给我带来全新体验...,完结,第8回 ,https://www.dm5.com/manhua-lingshenjian/
364,玉郎大漫画,黄玉郎 ,https://mhfm2tel.cdndm5.com/4/3444/3444_b.jpg,"黄玉郎2003年的最新作品,漫画开头安排了红人馆专访栏目,要...",完结,第7回 ,https://www.dm5.com/manhua-yulangdamanhua/
365,伏与龙,李志清 ,https://mhfm8tel.cdndm5.com/11/10414/10414_b.jpg,"滚滚长江分隔南北，英雄辈出的三国时代， 
决定三分天下之...",完结,第2卷 ,https://www.dm5.com/manhua-fuyulong/
366,赌侠传奇,王晓鸿 ,https://mhfm5tel.cdndm5.com/4/3729/20141104160140_180x240_14.jpg,赌侠传奇漫画.关于赌侠明星的故事!,完结,第4回 ,https://www.dm5.com/manhua-duxiachuanqi/
367,生化危机X,陈伟文 ,https://mhfm1tel.cdndm5.com/6/5151/20141128150602_180x240_21.jpg,生化危机X漫画 ，故事完全讲述了生化危机这部游戏中的故事...,完结,第1卷 ,https://www.dm5.com/manhua-shenghuaweiji-x/
369,风刃,邓志辉 ,https://mhfm2tel.cdndm5.com/4/3853/20141105153646_180x240_24.jpg,风刃漫画.风刃,完结,第8回 ,https://www.dm5.com/manhua-fengren/
371,斗神,郑问 ,https://mhfm3tel.cdndm5.com/9/8687/8687_b.jpg,斗神漫画 ，当神佛堕落的时候，我开始为自己战斗,完结,第1卷 ,https://www.dm5.com/manhua-doushen/
372,武尊少林,叶明发 ,https://mhfm2tel.cdndm5.com/4/3570/3570.jpg,"自唐以,朝廷就n准少林寺O立僧兵,因此年年都有僧兵的x...",完结,第7回 ,https://www.dm5.com/manhua-wuzunshaolin/
373,我是中国人・李小龙,胡绍权 ,https://mhfm8tel.cdndm5.com/16/15208/15208_b.jpg,我是中国人・李小龙漫画 ，《我是中国人・李小龙》漫画的故事...,完结,第4回 ,https://www.dm5.com/manhua-wszgr-lixiaolong/
374,赌王之皇,牛佬 ,https://mhfm9tel.cdndm5.com/6/5733/5733_b.jpg,牛佬总监,完结,第2卷 ,https://www.dm5.com/manhua-duwangzhihuang/
375,牛头马面,苏逸平 ,https://mhfm4tel.cdndm5.com/32/31390/20160811143141_180x240.jpg,科幻推理小说‘牛头马面,完结,第7回 尾声,https://www.dm5.com/manhua-niutoumamian/
376,天神,王晓鸿 ,https://mhfm3tel.cdndm5.com/4/3465/3465_b.jpg,天神漫画 ，公元二二四九年-第三共和帝国. 帝纪十二年故事-...,完结,第14回 ,https://www.dm5.com/manhua-tianshen/
377,刀杀神,郑世杰 ,https://mhfm6tel.cdndm5.com/4/3424/3424_b.jpg,刀杀神漫画 ，故事主要是围绕三位主角：捕快、神偷以及杀手...,完结,第25卷 ,https://www.dm5.com/manhua-daoshashen/
378,车神,邝世杰 ,https://mhfm2tel.cdndm5.com/8/7214/7214.jpg,车神漫画是拳皇97漫画作者邝世杰的2010年最新作品。车神漫...,完结,第10回 ,https://www.dm5.com/manhua-cheshen/
379,历史小将英雄之路,四号机  临猫 ,https://mhfm1tel.cdndm5.com/35/34892/20170122171655_180x240_19.jpg,欢迎观看历史小将英雄之路漫画：时间是明朝永历二十四年，...,完结,第1卷 ,https://www.dm5.com/manhua-lishixiaojiangyingxiongzhilu/
381,笑傲星河,黄玉郎 ,https://mhfm4tel.cdndm5.com/5/4546/4546.jpg,“谁要主宰未来，最终只会成为过去！！”傲星河是个玩世不...,完结,第8回 ,https://www.dm5.com/manhua-xiaoaoxinghe/
382,李小龙,上官小强 ,https://mhfm2tel.cdndm5.com/20/19189/20150806093608_180x240_21.jpg,《李小龙》漫画，42周年纪念特刊，小强漫画集。。,完结,纪念刊 ,https://www.dm5.com/manhua-lixiaolong/
383,集结号,邝彬强 ,https://mhfm9tel.cdndm5.com/16/15881/15881_b.jpg,集结号漫画 ，集结号漫画：原名《大渡起航》，现易名为《集...,完结,第4卷 ,https://www.dm5.com/manhua-jijiehao/
384,凶兽武者,钟国光 ,https://mhfm9tel.cdndm5.com/4/3498/20141031170100_180x240_32.jpg,凶兽武者漫画 ，魔幻武侠港漫~~,完结,第5回 ,https://www.dm5.com/manhua-xiongshouwuzhe/
385,天人Ⅱ,司徒剑桥 ,https://mhfm8tel.cdndm5.com/5/4078/4078.jpg,"故事发生于妖兽横行的2017年,全球正受美国聂库尔集团侵略,...",完结,第21卷 ,https://www.dm5.com/manhua-tianren2/
386,飞天,温日良 ,https://mhfm8tel.cdndm5.com/5/4206/4206.jpg,蓝天空。二十岁的时候成为北宇宙的统治者，天界最强的武士...,完结,第6回 ,https://www.dm5.com/manhua-feitian/
387,战虎,许景琛 ,https://mhfm3tel.cdndm5.com/4/3435/3435_b.jpg,战虎漫画 ， 2003年许景琛结束天行社破产后的第一部作品，...,完结,第8回 ,https://www.dm5.com/manhua-zhanhu/
388,阿苦,门小雷 ,https://mhfm2tel.cdndm5.com/15/14133/14133_b.jpg,阿苦漫画 ，一个拳击手与他妻子的治愈短片故事。欢迎在线观...,完结,第1回 ,https://www.dm5.com/manhua-aku/
389,足球神射手,郑健和 ,https://mhfm1tel.cdndm5.com/2/1403/20150317115007_180x240_25.jpg,关于足球，自小便开始接触，它令我留下很多难忘的回忆，是...,完结,第4卷 ,https://www.dm5.com/manhua-zuqiushensheshou/
390,烂仔铁拳亚力,海洋二号 ,https://mhfm5tel.cdndm5.com/9/8950/8950.jpg,"创练武术者的目标都属一致,就是把本身有限的杀伤力提升到极...",完结,第15回 ,https://www.dm5.com/manhua-lanzaitiequanyali/
391,天龙诀,廖福成 ,https://mhfm3tel.cdndm5.com/4/3448/3448_b.jpg,天龙诀漫画 ，天书又名天龙诀，又叫做玄气正宗，是佛门一门...,完结,第5回 ,https://www.dm5.com/manhua-tianlongjue/
394,亚洲雄狮,海洋二号 ,https://mhfm7tel.cdndm5.com/4/3447/3447_b.jpg,亚洲雄狮漫画 ，亚洲雄狮/亚洲之龙 倾情奉献！！大家一起分...,完结,第10回 ,https://www.dm5.com/manhua-yazhouxiongshi/
396,八龙神传说,叶明发 ,https://mhfm8tel.cdndm5.com/4/3687/20141212161819_180x240_22.jpg,"主要是讲述了青年剑士震龙卷入天魔雷帝抢夺龙牙的阴谋,在发...",完结,第6卷 ,https://www.dm5.com/manhua-balongshenchuanshuo/
397,霸王至尊,周圣 ,https://mhfm1tel.cdndm5.com/4/3485/20141031154909_180x240_22.jpg,霸王至尊漫画 ，周圣 胡绍权,完结,第4卷 ,https://www.dm5.com/manhua-bawangzhizun/
398,灭绝游戏,梁伟家 ,https://mhfm9tel.cdndm5.com/12/11797/11797_b.jpg,灭绝，梁伟家创作的玄幻漫画。欢迎在线观看！,完结,第2回 凶星暴现 下集,https://www.dm5.com/manhua-miejue/
401,霹雳龙神,周圣 ,https://mhfm7tel.cdndm5.com/4/3868/20141105155932_180x240_24.jpg,霹雳龙神漫画 ， 黄易原作的魔幻冒险漫画,完结,第12回 ,https://www.dm5.com/manhua-pililongshen/
402,异形神探,方维新 ,https://mhfm4tel.cdndm5.com/6/5600/20141212145850_180x240_20.jpg,异形神探漫画 ，类似寄生兽的内地新锐漫画家的作品！,完结,第10回 ,https://www.dm5.com/manhua-yixingshentan/
403,大地之王,胡绍权 ,https://mhfm9tel.cdndm5.com/6/5631/5631_b.jpg,「天下无敌」和「黑龙传奇」令胡绍权跃升至拥有销量保证之...,完结,第3卷 ,https://www.dm5.com/manhua-dadizhiwang/
404,楚留香新传-蝙蝠传奇,赵汝德 ,https://mhfm7tel.cdndm5.com/2/1510/1510_b.jpg,讲了江湖名门之后，武功奇高的原随云在一个小岛上，封闭所...,完结,第6卷 ,https://www.dm5.com/manhua-chuliuxiangxinchuan-bianfuchuanqi/
405,赌王2002,周圣 ,https://mhfm4tel.cdndm5.com/4/3594/3594.jpg,"一个本想脚踏实地储钱读大学的年青人,殊不知现实生活处处不...",完结,第6回 ,https://www.dm5.com/manhua-duwang-2002/
406,绝地转生,温日良 ,https://mhfm1tel.cdndm5.com/8/7783/7783.jpg,绝地转生乃是肥良的最新改编作！！一个越普通就越深藏不露...,完结,第1卷 ,https://www.dm5.com/manhua-juedizhuansheng/
407,陈浩南故事,牛杉 ,https://mhfm9tel.cdndm5.com/1/117/117.jpg,古惑仔的番外作品，讲述陈浩南年轻的故事。现在黑社会漫画...,完结,第1卷 ,https://www.dm5.com/manhua-chenhaonangushi/
408,玄门神鉴,黄伟健 ,https://mhfm7tel.cdndm5.com/6/5792/20141210160123_180x240_22.jpg,玄门神鉴漫画 ，玄门神鉴,完结,第10回 ,https://www.dm5.com/manhua-xuanmenshenjian/
409,广东十虎,上官小宝 ,https://mhfm3tel.cdndm5.com/6/5578/20141212153607_180x240_19.jpg,"广东十虎漫画 ，清末年间，广东省有十位武功极高,、受人尊...",完结,第2卷 ,https://www.dm5.com/manhua-guangdongshihu/
410,剑十三,冯志明 ,https://mhfm3tel.cdndm5.com/4/3455/3455_b.jpg,剑十三漫画 ，残月。。。消失于天涯。。。竟然失去了风采，...,完结,第10回 ,https://www.dm5.com/manhua-jianshisan/
411,少年街霸Ⅱ,许景琛 ,https://mhfm4tel.cdndm5.com/4/3731/3731.jpg,"少年街霸！CAPCOM的超级游戏,现在搬到了漫画上,虽然剧情都...",完结,第1卷 ,https://www.dm5.com/manhua-shaonianjieba/
412,鬼幕,马荣成 ,https://mhfm4tel.cdndm5.com/4/3601/3601.jpg,"超恐怖的漫画,惊险,恐惧....",完结,第2回 ,https://www.dm5.com/manhua-guimu/
413,恶神RX,永仁 ,https://mhfm5tel.cdndm5.com/4/3489/20141031161430_180x240_23.jpg,恶神RX漫画 ，主人公是如来和孙悟空的弟子仙龄200岁，背着...,完结,第2卷 ,https://www.dm5.com/manhua-eshen-rx/
414,卧虎藏龙Ⅱ,司徒剑桥 ,https://mhfm6tel.cdndm5.com/4/3487/3487_b.jpg,"正宗原着小说改编漫画版,更清楚描绘李慕白和俞秀莲、罗小虎...",完结,第5回 ,https://www.dm5.com/manhua-wohucanglong2/
415,自强不息,邝彬强 ,https://mhfm4tel.cdndm5.com/16/15286/15286_b.jpg,"上天夺取你某些东西，必定赋予你另一种才能。
    一群赏...",完结,第6回 ,https://www.dm5.com/manhua-zijiangbuxi/
416,赤蝎斗魂,许景琛 ,https://mhfm3tel.cdndm5.com/10/9551/9551.jpg,"博士救其儿子 (主角) 走出研究所被杀,但儿子已混有蝎子基因...",完结,第11回 ,https://www.dm5.com/manhua-chixiedouhun/
417,武神飞沙,温日良 ,https://mhfm7tel.cdndm5.com/5/4720/4720.jpg,１１月１４日，_定《武神外传：武神飞沙》发行，如果没记...,完结,第4回 ,https://www.dm5.com/manhua-wushenfeisha/
419,天若有情4,刘定坚 ,https://mhfm4tel.cdndm5.com/4/3879/20141105161150_180x240_17.jpg,天若有情4漫画 ，天若有情4,完结,第16回 ,https://www.dm5.com/manhua-tianruoyouqing-4/
421,狂风沙,袁家宝 ,https://mhfm6tel.cdndm5.com/4/3420/3420.jpg,,完结,第4卷 ,https://www.dm5.com/manhua-kuangfengsha/
422,红狼,邝彬强 ,https://mhfm4tel.cdndm5.com/11/10025/10025_c_.jpg,红狼漫画版，邝彬强主编,完结,第6回 ,https://www.dm5.com/manhua-honglang/
424,争龙,赵汝德 ,https://mhfm2tel.cdndm5.com/7/6295/20190621170115_180x240_25.jpg,六千五百万年前当前上的霸主恐龙，在太空陨石撞击地球的时...,完结,第13回 ,https://www.dm5.com/manhua-zhenglong/
425,上帝之手,冯志明 ,https://mhfm2tel.cdndm5.com/8/7231/7231_b.jpg,《上帝之手》是冯志明中篇经典之作。无论画风、情节都很精...,完结,第2卷 ,https://www.dm5.com/manhua-shangdizhishou/
426,干将莫邪,李志清 ,https://mhfm3tel.cdndm5.com/13/12078/12078_b.jpg,李志清作品中洋溢着浓厚的东方情怀，如果说去年《三国志》...,完结,第2回 ,https://www.dm5.com/manhua-ganjiangmoxie/
427,龙虎帅,温日良 ,https://mhfm8tel.cdndm5.com/8/7429/7429.jpg,龙虎帅是厝樟嫉淖钚伦髌罚。。,完结,第4回 ,https://www.dm5.com/manhua-longhushuai/
428,极渡川流,方家辉 ,https://mhfm4tel.cdndm5.com/22/21861/20160217100910_180x240_20.jpg,龙的传人。龙是他的姓氏亦是他的家传武学。授予太阳之名，...,完结,第3回 ,https://www.dm5.com/manhua-jiduchuanliu/
429,珍珠怨,欧碧凤 ,https://mhfm6tel.cdndm5.com/3/2195/2195_b.jpg,故事描述一段达官士族与平民珠娘`J情关的悲恋。月夜珠崖...,完结,第4卷 ,https://www.dm5.com/manhua-zhenzhuyuan/
430,天行武者,许景琛 ,https://mhfm3tel.cdndm5.com/4/3450/3450_b.jpg,天行武者漫画 ，天界唯一的天女东英，在与阎罗大帝论及婚嫁...,完结,第10回 ,https://www.dm5.com/manhua-tianxingwuzhe/
431,少年名捕,司徒剑侨 ,https://mhfm8tel.cdndm5.com/5/4960/4960.jpg,"在少年名捕系列中,惊怖大将军令铁手、冷血、追命相继败落,...",完结,第1回 ,https://www.dm5.com/manhua-shaonianmingbu/
432,御灵仙,周显宗 ,https://mhfm4tel.cdndm5.com/22/21702/20160203140758_180x240_22.jpg,御灵仙漫画 ，御灵仙帮你逢凶化吉！,完结,第1卷 ,https://www.dm5.com/manhua-yulingxian/
433,铁血螳螂,冯志明 ,https://mhfm9tel.cdndm5.com/8/7187/7187.jpg,这本经典名著，三十年之后，全新演绎，全新创作，除了保留...,完结,第12回 ,https://www.dm5.com/manhua-tiexuetanglang/
435,行骗江湖II,司马达 ,https://mhfm2tel.cdndm5.com/2/1781/1781_b.jpg,行骗江湖II漫画 ，您们认识奸人界的皇帝吗?灿烂的未来拥有...,完结,第16卷 ,https://www.dm5.com/manhua-xingpianjianghu-ii/
436,凶兽武者II,郑健和 ,https://mhfm2tel.cdndm5.com/8/7553/20141031170257_180x240_22.jpg,"凶兽武者II漫画 ，由温日良监制,钟国光主编,郑健和绘画的大...",完结,第5回 ,https://www.dm5.com/manhua-xiongshouwuzhe-ii/
438,九龙城寨番外篇,猫十字 ,https://mhfm8tel.cdndm5.com/9/8157/8157.jpg,这是讲述小吉和12少前传的一个小品式友情故事，上下篇（２...,完结,第4回 月下的悲情城市（下）,https://www.dm5.com/manhua-jiulongchengzhaifanwaipian/
439,大渡画集,司徒剑桥 ,https://mhfm3tel.cdndm5.com/15/14998/14998_b.jpg,大渡画集内含：新著中华英雄，一零八，亡魂之书，自强不息...,完结,第4回 ,https://www.dm5.com/manhua-daduhuaji/
441,皇朝传奇,伦裕国 ,https://mhfm9tel.cdndm5.com/4/3419/3419_b.jpg,皇朝传奇漫画 ，这是一本神话式的武侠漫画!以天马行空、荒...,完结,第22卷 ,https://www.dm5.com/manhua-huangchaochuanqi/
442,格斗Ⅲ,袁家宝 ,https://mhfm7tel.cdndm5.com/5/4207/4207.jpg,拳击！是一种运动！他到底会是什么！一种暴力的发泄？！还...,完结,第6回 ,https://www.dm5.com/manhua-gedou/
444,七侠五义,朱荣华 ,https://mhfm3tel.cdndm5.com/4/3491/3491.jpg,七侠五义漫画 ，《七侠五义》，其前身是《三侠五义》（本名...,完结,第12回 ,https://www.dm5.com/manhua-qixiawuyi/
445,梁山,郑又箐 ,https://mhfm7tel.cdndm5.com/4/3756/3756.jpg,郑又菁的短篇小品，发表于《周刊宝岛少年》。全篇以打虎英...,完结,第2卷 ,https://www.dm5.com/manhua-liangshan/
448,精武门,单汉勋 ,https://mhfm5tel.cdndm5.com/4/3490/20141031161733_180x240_19.jpg,精武门漫画 ，单汉勋版的精武门,完结,第6回 ,https://www.dm5.com/manhua-jingwumen3490/
449,八仙伏妖,司徒剑桥 ,https://mhfm9tel.cdndm5.com/4/3074/3074_b.jpg,八仙伏妖漫画 ，八仙在共同努力下，终于将为祸世间的灭世鬼...,完结,第1-6卷 ,https://www.dm5.com/manhua-baxianfuyao/
450,玉郎影书,黄玉郎 ,https://mhfm1tel.cdndm5.com/20/19109/20150729090358_180x240_25.jpg,《玉郎影书》是黄玉郎集团精英全力编绘，让我们拭目以待把,完结,第1回 ,https://www.dm5.com/manhua-yulangyingshu/
451,怕鱼的男人,李隆杰  ,https://mhfm1tel.cdndm5.com/20/19547/20150918110437_180x240_23.jpg,怕鱼的男人漫画 ，男人与不一样的鱼的故事,完结,第1回 ,https://www.dm5.com/manhua-payudenanren/
452,白发魔女传,黄玉郎 ,https://mhfm4tel.cdndm5.com/4/3866/3866.jpg,朝万历四十三年，闻名江湖的女侠盗玉罗刹练霓裳与武当弟子...,完结,第1回 ,https://www.dm5.com/manhua-baifamonvchuan/
453,四大天王,何炽聪 ,https://mhfm5tel.cdndm5.com/17/16088/16088_b.jpg,四大天王漫画 ，何炽聪，十五少联手作品，四大天王 超能量...,完结,第8回 ,https://www.dm5.com/manhua-sidatianwang/
454,飞刀外传,邱瑞新 ,https://mhfm5tel.cdndm5.com/17/16089/16089_b.jpg,飞刀外传漫画 ，自牛佬与邱瑞新因钱银而交恶后，「新帝国」...,完结,第11回 ,https://www.dm5.com/manhua-feidaowaizhuan/
458,武当张三丰,黄伟健 ,https://mhfm1tel.cdndm5.com/4/3449/3449_b.jpg,武当张三丰漫画 ，少年张三丰原与师父觉远大师在少林看守藏...,完结,第5卷 ,https://www.dm5.com/manhua-wudangzhangsanfeng/
459,虎男,许景琛 ,https://mhfm2tel.cdndm5.com/4/3461/3461.jpg,虎男漫画 ，许景琛新创作 虎男。一个人于虎的故事,完结,第8回 ,https://www.dm5.com/manhua-hunan/
460,孙齐齐七十二变,孙家裕  ,https://mhfm2tel.cdndm5.com/47/46337/20181118135434_180x240_20.jpg,孙齐齐七十二变漫画 ，世纪末的公元1999年，玉皇大帝赐孙悟...,完结,第6卷 ,https://www.dm5.com/manhua-sunjijiqishierbian/
461,雪山飞狐序章,何志文 ,https://mhfm5tel.cdndm5.com/7/6364/6364_b.jpg,雪山飞狐序章漫画 ，根据金庸先生同名小说――雪山飞狐改编...,完结,雪山飞狐序章_下章 ,https://www.dm5.com/manhua-xueshanfeihuxuzhang/
462,虎狂龙,海洋二号 ,https://mhfm7tel.cdndm5.com/6/5580/5580.jpg,"在这廿一世纪的文明社会, 人已可以拥有很多很多东西. 用物...",完结,第5回 ,https://www.dm5.com/manhua-hukuanglong/
464,X暴族IV,冯志明 ,https://mhfm7tel.cdndm5.com/4/3072/3072_b.jpg,"X暴族IV漫画 ，在世纪末的舞台上,人类的命运和世界的存亡将...",完结,第16卷 ,https://www.dm5.com/manhua-x-baozu-iv/
465,夜魔煞星,余健培 ,https://mhfm8tel.cdndm5.com/4/3446/3446_b.jpg,夜魔煞星漫画 ，一直以恚人都被社的不公平所折磨，...,完结,第17回 ,https://www.dm5.com/manhua-yemoshaxing/
466,方世玉,余健培 ,https://mhfm8tel.cdndm5.com/4/3451/3451.jpg,方世玉原是广东的小顽皮，凡事好打抱不平，雷老虎是山东南...,完结,第6回 ,https://www.dm5.com/manhua-fangshiyu/
467,水浒英雄九纹龙,叶明发 ,https://mhfm8tel.cdndm5.com/6/5127/5127.jpg,史进是有着满腔热血、见义勇为的青年。得其师王进传授武艺...,完结,第4回 ,https://www.dm5.com/manhua-shuihuyingxiongjiuwenlong/
470,南极神兵,苏逸平 ,https://mhfm8tel.cdndm5.com/32/31389/20160811142225_180x240.jpg,科幻推理小说‘南极神兵,完结,第9回 不属于人间的神兵,https://www.dm5.com/manhua-nanjishenbing/
471,驾考日常,友照学车 ,https://mhfm6tel.cdndm5.com/36/35784/20170328093119_180x240.jpg,,完结,第1回 ,https://www.dm5.com/manhua-jiakaorichang/
472,FFX幻想战士,梁伟杰 ,https://mhfm1tel.cdndm5.com/9/8197/8197.jpg,"2031年,人类不断追求先进科技,这年代的进步,相比早前的世纪...",完结,第7回 ,https://www.dm5.com/manhua-ffx-huanxiangzhanshi/
473,太阳世纪-天地无限,徐大宝 ,https://mhfm6tel.cdndm5.com/5/4818/20141107150339_180x240_19.jpg,太阳世纪-天地无限漫画 ，太阳世纪-天地无限,完结,第4回 ,https://www.dm5.com/manhua-taiyangshiji-tiandiwuxian/
474,同伴,曹志豪 ,https://mhfm3tel.cdndm5.com/16/15530/15530_b.jpg,同伴漫画 ， 泰京、凤仙、小飞、杜男、火山在中学时已经相...,完结,第5回 ,https://www.dm5.com/manhua-tongban/
476,天剑绝刀,诸葛 ,https://mhfm7tel.cdndm5.com/4/3466/3466_b.jpg,"天剑绝刀漫画 ，灰暗的天色,飘着蒙蒙细雨,天地间似是弥漫着...",完结,第8回 ,https://www.dm5.com/manhua-tianjianjuedao/
477,同伴,曹志豪 ,https://mhfm3tel.cdndm5.com/16/15530/15530_b.jpg,同伴漫画 ， 泰京、凤仙、小飞、杜男、火山在中学时已经相...,完结,第5回 ,https://www.dm5.com/manhua-tongban/
480,剑始虎,叶明发 ,https://mhfm8tel.cdndm5.com/7/6437/6437_b.jpg,一个失去记忆的年青人--索狄，来到了只剩下十日寿命的濒危...,完结,第5回 ,https://www.dm5.com/manhua-jianshihu/
481,侠骨神鉴,黄伟健 ,https://mhfm5tel.cdndm5.com/6/5259/5259_b.jpg,"侠骨神鉴漫画 ，主角~山,郭英`,雷天~山有暗黑_h附身,...",完结,第3卷 ,https://www.dm5.com/manhua-xiagushenjian/
482,惊神,李志清 ,https://mhfm9tel.cdndm5.com/4/3755/3755.jpg,从远古的传说中，月色有异就世间有变，这晚的月色是腥红如...,完结,第4卷 ,https://www.dm5.com/manhua-jingshen/
483,斩魔传,阿恒 ,https://mhfm7tel.cdndm5.com/6/5390/5390_b.jpg,斩魔传漫画 ，阿恒，祖籍广东，在香港出生长大。1988年回到...,完结,第2卷 ,https://www.dm5.com/manhua-zhanmochuan/
484,初・末ONCE AGAIN,Buddy ,https://mhfm8tel.cdndm5.com/15/14462/14462_b.jpg,某天，远戈得知妻子突然离世的消息，但对于已想不起面容的...,完结,第1卷 ,https://www.dm5.com/manhua-chu-mo-once-again/
486,荆楚争霸记,周圣 ,https://mhfm7tel.cdndm5.com/5/4461/4461.jpg,战国之末，诸雄争王，胜者为王，败者为寇。楚国四大剑手之...,完结,第8回 ,https://www.dm5.com/manhua-jingchuzhengbaji/
487,冒险王,梁伟家 ,https://mhfm5tel.cdndm5.com/4/3859/3859_b.jpg,冒险王,完结,第4回 ,https://www.dm5.com/manhua-maoxianwang/
488,多情剑,叶羽桐 ,https://mhfm6tel.cdndm5.com/17/16868/20141124144017_180x240_19.jpg,多情剑漫画 ，恩怨情仇，由剑来背负。 出身杀手世家，从小...,完结,第7回 无心,https://www.dm5.com/manhua-duoqingjian/
489,钓武传1,细峰 ,https://mhfm2tel.cdndm5.com/4/3774/3774.jpg,"用钓竿作为武器打斗实在是很有个性呢,想不到钓鱼还有如此多...",完结,第4回 ,https://www.dm5.com/manhua-diaowuchuan-1/
490,蜀山2080,刘定坚 ,https://mhfm6tel.cdndm5.com/5/4717/4717.jpg,蜀山的科幻版，其中的人物使用了电脑特效制作，其中许多画...,完结,第8回 ,https://www.dm5.com/manhua-shushan-2080/
491,无我乾坤,袁家宝 ,https://mhfm5tel.cdndm5.com/4/3885/3885.jpg,"《o我乾坤》故事中裼昧擞e於一般的神兵,以棍和戟橹髦...",完结,第4回 ,https://www.dm5.com/manhua-wuwoqiankun/
492,光辉岁月,李秋明 ,https://mhfm1tel.cdndm5.com/5/4658/4658.jpg,该书是由香港三位漫画家于94年共同完成的，“beyond是他们...,完结,第1卷 ,https://www.dm5.com/manhua-guanghuisuiyue/
493,F.O.X,Os兔仔猫 ,https://mhfm4tel.cdndm5.com/1/293/20190721220941_180x240_33.jpg,小唯是个个性活泼的中学生。由于人气漫画妈妈要前美国西部...,完结,第第2部第1卷卷 ,https://www.dm5.com/manhua-f-o-x/
494,功夫小子,海洋二号 ,https://mhfm4tel.cdndm5.com/5/4193/4193.jpg,12岁学有所成的小程回到香港，舅父却因为他克人而不愿意去...,完结,第2回 ,https://www.dm5.com/manhua-gongfuxiaozi/
496,神风英雄,海洋二号 ,https://mhfm1tel.cdndm5.com/3/2610/2610_b.jpg,神风英雄漫画 ，能以神一般的武学与力量，去改变其世界及命...,完结,第4卷 ,https://www.dm5.com/manhua-shenfengyingxiong/
497,天刃,冯志明 ,https://mhfm5tel.cdndm5.com/6/5324/5324_b.jpg,江湖从来以血铺，一入江湖退换路！！江湖风波险，只有歌决...,完结,第13回 ,https://www.dm5.com/manhua-tianren5324/
498,杀禅,冯志明 ,https://mhfm4tel.cdndm5.com/5/4869/4869.jpg,"杀禅」是冯志明构思多年的作品,但它的销量并未因它早作筹备...",完结,第2回 ,https://www.dm5.com/manhua-shachan/
499,俞Q意公遇灶神,林晴 ,https://mhfm2tel.cdndm5.com/36/35591/20170312191614_180x240.jpg,2017金猴奖漫画提名作品，欢迎分享！,完结,草D/u作^程分享 ,https://www.dm5.com/manhua-shujingyigongyuzaoshenji/
500,天敌,冯志明 ,https://mhfm9tel.cdndm5.com/6/5612/5612_b.jpg,"残月,消失于天涯,竟然失去了风采,自以为天下最完美的我,不...",完结,第6回 ,https://www.dm5.com/manhua-tiandi/
501,漫画关帝,林钜晴 ,https://mhfm4tel.cdndm5.com/38/37531/20170717155637_180x240.jpg,相传隋代天台宗创始者智者大师，一次在荆州玉泉山入定，于...,完结,1,https://www.dm5.com/manhua-manhuaguandi/
502,白发鬼,司徒剑桥 ,https://mhfm9tel.cdndm5.com/5/4330/4330.jpg,为达到目的，有人用尽九牛二虎之力，也未必如愿以偿！有人...,完结,第2回 ,https://www.dm5.com/manhua-baifagui/
504,天外飞魔,温日良 ,https://mhfm3tel.cdndm5.com/8/7381/7381.jpg,我是一个强者:一个公认为武艺奇才.而我的目标和很多武林中...,完结,第4回 ,https://www.dm5.com/manhua-tianwaifeimo/
505,飙,温日良 ,https://mhfm6tel.cdndm5.com/10/9083/9083.jpg,飙漫画 ，海洋二号的最新作品，讲赛车比赛的漫画。,完结,第5回 大结局,https://www.dm5.com/manhua-biao/
506,烈火雄心,夏伟义 ,https://mhfm6tel.cdndm5.com/4/3858/3858.jpg,好像是根据王喜、 古天乐同名电视连续剧《烈火雄心》改编而...,完结,第12回 ,https://www.dm5.com/manhua-liehuoxiongxin/
507,血战,阿宝 ,https://mhfm4tel.cdndm5.com/5/4087/20180501145824_180x240_22.jpg,二二六年，当时人类社会上患有（严重暴力倾向）的人逐渐普...,完结,第2卷 ,https://www.dm5.com/manhua-xuezhan/
509,盗墓兵团,苏逸平 ,https://mhfm5tel.cdndm5.com/23/22821/20160512171549_180x240_12.jpg,倒霉神探系列最早是在香港出版的，e面有些用词是港式的用...,完结,第1卷 ,https://www.dm5.com/manhua-daomubingtuan/
510,鬼王天弓传,戴庆贤 ,https://mhfm6tel.cdndm5.com/11/10589/10589_b.jpg,"戴庆贤和温日良合作新作漫画，此改版漫画由海洋出版。 
两...",完结,第1回 魔神の诞生,https://www.dm5.com/manhua-guiwangtiangongzhuan/
511,漫画特攻队,曾建华 ,https://mhfm5tel.cdndm5.com/34/33946/20161128135022_180x240_18.jpg,欢迎观看漫画特攻队漫画：超・热血漫画教师曾建华。倾其多年...,完结,第1卷 ,https://www.dm5.com/manhua-manhuategongdui/
512,男样,任红 ,https://mhfm4tel.cdndm5.com/6/5570/5570.jpg,"一位装扮成男孩子替哥哥上学的女子,一位偶像派男明星,一位...",完结,第4卷 ,https://www.dm5.com/manhua-nanyang/
514,烈神,李志清 ,https://mhfm3tel.cdndm5.com/6/5031/20141128144045_180x240_19.jpg,天地间，每一处地方都隐藏着危机，最大的危机却存在于人的...,完结,第1卷 ,https://www.dm5.com/manhua-lieshen/
516,鬼武者弹指版,许景琛 ,https://mhfm2tel.cdndm5.com/6/5579/20141212152926_180x240_18.jpg,鬼武者弹指版漫画 ，故事讲述的是接续在前几代之后的西元59...,完结,第9卷 ,https://www.dm5.com/manhua-guiwuzhedanzhiban/
517,窗外花落影,林青慧 ,https://mhfm3tel.cdndm5.com/39/38131/20170826165659_180x240_20.jpg,欢迎观看窗外花落影漫画：筱琬的父母为她定下亲事，不愿接...,完结,第1回 试看版,https://www.dm5.com/manhua-chuangwaihualuoying/
519,集结号2《月战》,张玉麟 ,https://mhfm6tel.cdndm5.com/20/19488/20150911110308_180x240_21.jpg,月战漫画今次这辑《月战》故事，是承接之前肥良的《集结号...,完结,第4回 明日世界・再度集结,https://www.dm5.com/manhua-jijiehao-2-yuezhan/
520,绑架总统,苏逸平 ,https://mhfm6tel.cdndm5.com/32/31385/20160811142053_180x240.jpg,推理小说‘绑架总统’,完结,折翼L花⑷耸录 ,https://www.dm5.com/manhua-bangjiazongtong/
522,黑狱岛,KK ,https://mhfm3tel.cdndm5.com/10/9348/9348.jpg,海洋疯狂里收录的新人KK之原创漫画,完结,第7回 ,https://www.dm5.com/manhua-heiyudao/
523,文具战士,钟国光 ,https://mhfm8tel.cdndm5.com/8/7439/7439.jpg,一本比较特别的漫画，希望大家喜欢,完结,第4回 ,https://www.dm5.com/manhua-wenjuzhanshi/
524,启示录异象世纪,刘定坚 ,https://mhfm9tel.cdndm5.com/4/3874/20141105160704_180x240_31.jpg,启示录异象世纪漫画 ，启示录异象世纪,完结,第12回 ,https://www.dm5.com/manhua-qishiluyixiangshiji/
525,少杰迷离,马荣成 ,https://mhfm7tel.cdndm5.com/5/4216/4216.jpg,暂无介绍,完结,第1卷 ,https://www.dm5.com/manhua-shaojiemili/
526,球王传,许景琛 ,https://mhfm6tel.cdndm5.com/6/5569/5569.jpg,"杜一龙-一个在球场出生的青年, 父亲是守门员, 因为接了一记...",完结,第5回 ,https://www.dm5.com/manhua-qiuwangchuan/
527,精武门1,任红 ,https://mhfm7tel.cdndm5.com/5/4887/4887.jpg,大郎跟小路由兰姨细心地扶养长大，在小路十六岁的那年，两...,完结,第4卷 ,https://www.dm5.com/manhua-jingwumen-1/
529,蓝岛不是蓝鸟,蓝岛 ,https://mhfm6tel.cdndm5.com/35/34894/20170122173050_180x240_16.jpg,欢迎观看蓝岛不是蓝鸟漫画：穿上衣服，他是路上随处可见的...,完结,第1卷 ,https://www.dm5.com/manhua-landaobushilanniao/
530,漫画少年2001,许景琛 ,https://mhfm2tel.cdndm5.com/10/9550/9550_b.jpg,漫画少年2001漫画 ，这本新书同以前的一样，都是以数个不同...,完结,第5回 ,https://www.dm5.com/manhua-manhuashaonian-2001/
531,笑话西游,黄兴猪 ,https://mhfm8tel.cdndm5.com/4/3851/20141105153423_180x240_23.jpg,笑话西游漫画.笑话西游,完结,第8回 ,https://www.dm5.com/manhua-xiaohuaxiyou/
532,九五之尊,赵汝德 ,https://mhfm3tel.cdndm5.com/4/3492/20141031162533_180x240_22.jpg,九五之尊漫画 ，九五之尊,完结,第2回 ,https://www.dm5.com/manhua-jiuwuzhizun/
533,X暴族III,冯志明 ,https://mhfm5tel.cdndm5.com/4/3071/3071_b.jpg,"X暴族III漫画 ，黑金战士在世纪末的舞台上,人类的命运和世...",完结,第1卷 ,https://www.dm5.com/manhua-x-baozu-iii/
535,超级警察,梁伟杰 ,https://mhfm7tel.cdndm5.com/6/5771/5771_b.jpg,他是一个绝不平凡的人！只要接受了别人的委托，就会把正义...,完结,第4回 ,https://www.dm5.com/manhua-chaojijingcha/
536,粗口侠,温日良 ,https://mhfm5tel.cdndm5.com/10/9620/9620_b.jpg,粗口侠漫画 ，粗口侠...,完结,第1回 ,https://www.dm5.com/manhua-cukouxia/
539,强人,冯志明 ,https://mhfm9tel.cdndm5.com/4/3464/3464_b.jpg,强人漫画 ，若然谁能同时手握创造神-依莫斯遗留在人间的两...,完结,第6回 ,https://www.dm5.com/manhua-qiangren/
541,疤面战盔,袁家宝 ,https://mhfm1tel.cdndm5.com/10/9302/9302.jpg,"海洋疯狂三大王牌之一 
袁家宝疤面战盔(暂名) 
四月下旬...",完结,第8回 ,https://www.dm5.com/manhua-bamianzhankui/
543,"客人不奥、鸡姐不叫,欢迎光临大阴盗百货",阴盗哥  ,https://mhfm5tel.cdndm5.com/23/22045/20160227154503_180x240_17.jpg,"客人不奥、鸡姐不叫,欢迎光临大阴盗百货漫画 ，欢迎光临大...",完结,第1卷 ,https://www.dm5.com/manhua-kerenbuao-jijiebujiao-huanyingguanglindayindaobaihuo/
546,幻玉龙女,欧碧凤 ,https://mhfm5tel.cdndm5.com/4/3314/3314.jpg,为了寻找被贬入凡间的天帝之女――涓，轩衡浪迹天涯六十载...,完结,第2卷 ,https://www.dm5.com/manhua-huanyulongnv/
549,热狗热go,林芷蔚 ,https://mhfm2tel.cdndm5.com/14/13230/13230_b.jpg,这和平的世界，出现了一个重大的危机，就是千年以前封印的...,完结,第4卷 ,https://www.dm5.com/manhua-regoure-go/
552,城市惊世录,夏伟义 ,https://mhfm7tel.cdndm5.com/4/3855/20141105155717_180x240_24.jpg,城市惊世录漫画 ，由多位一等一漫画作者描绘出的恐怖惊心短...,完结,第4回 ,https://www.dm5.com/manhua-chengshijingshilu/
554,风火海,袁家宝 ,https://mhfm2tel.cdndm5.com/4/3887/3887.jpg,袁家宝在香港漫画界中可以说是出道极早，早在玉郎帝国时期...,完结,第2卷 ,https://www.dm5.com/manhua-fenghuohai/
555,侠医梦行者Ⅰ,夏伟义 ,https://mhfm9tel.cdndm5.com/4/3494/20141031164648_180x240_18.jpg,"侠医梦行者Ⅰ漫画 ，宫田由美,现年29岁,日籍华侨,著名灵异...",完结,第4回 ,https://www.dm5.com/manhua-xiayimengxingzhe1/
556,蝶妖,黄蔚 ,https://mhfm1tel.cdndm5.com/4/3677/3677.jpg,前世，催生的产婆在我出生时摇头叹气；今生，专司花蝶的妖...,完结,第2卷 ,https://www.dm5.com/manhua-dieyao/
557,真龙战记,夏伟义 ,https://mhfm6tel.cdndm5.com/4/3652/20141104163346_180x240_22.jpg,［永恒传说外传-真龙战记］的创刊，也是本年度大作［永恒传...,完结,第4回 ,https://www.dm5.com/manhua-zhenlongzhanji/
558,恭喜发财,黄玉郎 ,https://mhfm2tel.cdndm5.com/6/5221/20141126103015_180x240_26.jpg,玉郎2008贺岁漫画,完结,第1回 ,https://www.dm5.com/manhua-gongxifacai/
564,侠医梦行者Ⅱ,夏伟义 ,https://mhfm4tel.cdndm5.com/4/3495/20141031164758_180x240_20.jpg,侠医梦行者Ⅱ漫画 ，侠医梦行者Ⅱ,完结,第3回 ,https://www.dm5.com/manhua-xiayimengxingzhe2/
568,球王斗传,许景琛 ,https://mhfm9tel.cdndm5.com/7/6982/6982_b.jpg,球王斗传漫画，欢迎在线观看！,完结,第1卷 ,https://www.dm5.com/manhua-qiuwangdouzhuan/
570,讨伐魔王,Weather ,https://mhfm1tel.cdndm5.com/20/19339/20150819154436_180x240_22.jpg,讨伐魔王漫画 ，这是圣女贞德作者的色铅笔所画的单篇作品,完结,第1回 ,https://www.dm5.com/manhua-taofamowang/
572,灭神密码,海洋二号 ,https://mhfm4tel.cdndm5.com/4/3421/3421_b.jpg,"海洋作品。本书的旁白风格与以往不同,更口语化。 
人类智...",完结,第4卷 ,https://www.dm5.com/manhua-mieshenmima/
573,天王风云,张照才 ,https://mhfm7tel.cdndm5.com/5/4816/20141107150208_180x240_17.jpg,天王风云漫画 ，天王风云,完结,第101卷 ,https://www.dm5.com/manhua-tianwangfengyun/
