,标题,作者,漫画分类,风格类型,封面,内容简介,是否完结,最新章节
5,【漫画下载】苍天航路,王欣太,日韩漫画,,http://www.cc-pdf.com/wp-content/uploads/2020/02/770X300-副本-31-570x300.jpg,,完结,
7,【免费下载】埃郡往事,杰夫.勒米尔,,,http://www.cc-pdf.com/wp-content/uploads/2020/02/770X300-副本-29-570x300.jpg,,完结,
8,【漫画下载】圣心小龙女梦幻奇迹,松本夏实,,,http://www.cc-pdf.com/wp-content/uploads/2018/03/sxxln.jpg,,完结,
9,【免费下载】不起眼女主角培育法Egoisticlily,守姬武士,,,http://www.cc-pdf.com/wp-content/uploads/2018/01/770X300-副本-59-570x300.jpg,,完结,
10,【漫画下载】水星领航员-首部曲,天野梢,,,http://www.cc-pdf.com/wp-content/uploads/2018/01/770X300-副本-51-570x300.jpg,,完结,
11,【漫画下载】租借女友【连载中】,宫岛礼吏,,,http://www.cc-pdf.com/wp-content/uploads/2020/02/770X300-恢复的-副本-7-570x300.jpg,,连载中,
12,【漫画下载】魁！！男塾,宫下亚喜罗,,,http://www.cc-pdf.com/wp-content/uploads/2020/02/770X300-恢复的-副本-6-570x300.jpg,,完结,
13,【漫画下载】不伦白书,仓科辽+东克美,,,http://www.cc-pdf.com/wp-content/uploads/2020/02/770X300-恢复的-副本-5-570x300.jpg,,完结,
14,【漫画下载】REAL【连载中】,井上雄彦,,,http://www.cc-pdf.com/wp-content/uploads/2018/01/770X300-副本-28-570x300.jpg,,连载中,
15,【漫画下载】亚尔斯兰战记【连载中】,荒川弘,,,http://www.cc-pdf.com/wp-content/uploads/2020/02/770X300-恢复的-副本-4-570x300.jpg,,连载中,
16,【漫画下载】后街女孩,Jasmine Gyuh,,,http://www.cc-pdf.com/wp-content/uploads/2020/02/770X300-恢复的-副本-3-570x300.jpg,,完结,
17,【漫画下载】古见同学有交流障碍症【连载中】,小田智仁,,,http://www.cc-pdf.com/wp-content/uploads/2020/02/770X300-恢复的-副本-2-570x300.jpg,,连载中,
18,【漫画下载】最游记Reload,峰仓和也,,,http://www.cc-pdf.com/wp-content/uploads/2020/02/770X300-恢复的-副本-1-570x300.jpg,,完结,
19,【漫画下载】xxxHOLiC戾【连载中】,CLAMP,,,http://www.cc-pdf.com/wp-content/uploads/2020/02/770X300-副本-28-570x300.jpg,,连载中,
20,【漫画下载】感应少年EIJI-新章【连载中】,朝基胜士,,,http://www.cc-pdf.com/wp-content/uploads/2020/02/770X300-副本-27-570x300.jpg,,连载中,
21,【免费下载】罗德斯岛战记-英雄骑士传,水野良,,,http://www.cc-pdf.com/wp-content/uploads/2018/01/ldsdzj.jpg,,完结,
22,【免费下载】罗德斯岛战记-灰色魔女,水野良,,,http://www.cc-pdf.com/wp-content/uploads/2018/01/ldsdzj.jpg,,完结,
23,【漫画下载】新恐怖宠物店,秋乃茉莉,,,http://www.cc-pdf.com/wp-content/uploads/2018/01/kbcwd.jpg,,完结,
24,【漫画下载】孔雀王曲神纪,获野真,,,http://www.cc-pdf.com/wp-content/uploads/2020/02/770X300-副本-26-570x300.jpg,,完结,
25,【漫画下载】食梦者,小x健,,,http://www.cc-pdf.com/wp-content/uploads/2020/02/770X300-副本-25-570x300.jpg,,完结,
26,【漫画下载】僵尸借贷,PEACH-PIT,,,http://www.cc-pdf.com/wp-content/uploads/2020/02/770X300-副本-24-570x300.jpg,,完结,
27,【漫画下载】火星异种,橘贤一,,,http://www.cc-pdf.com/wp-content/uploads/2020/02/770X300-副本-23-570x300.jpg,,完结,
28,【免费下载】黑脑,坂野经马,,,http://www.cc-pdf.com/wp-content/uploads/2020/02/770X300-副本-22-570x300.jpg,,完结,
29,【漫画下载】HOTEL,Boichi,,,http://www.cc-pdf.com/wp-content/uploads/2020/02/770X300-副本-21-570x300.jpg,,完结,
30,【漫画下载】爆炸头武士（Afro Samurai）,冈崎能士,,,http://www.cc-pdf.com/wp-content/uploads/2020/02/770X300-副本-20-570x300.jpg,,完结,
31,【漫画下载】海盗战记【连载中】,幸村诚,,,http://www.cc-pdf.com/wp-content/uploads/2020/02/770X300-副本-19-570x300.jpg,,连载中,
32,【漫画下载】动物狂想曲/BEASTARS【连载中】,板垣巴留,,,http://www.cc-pdf.com/wp-content/uploads/2020/02/770X300-副本-18-570x300.jpg,,连载中,
33,【漫画下载】铳梦火星战记【连载中】,木城幸人,,,http://www.cc-pdf.com/wp-content/uploads/2020/02/770X300-恢复的-副本-570x300.jpg,,连载中,
34,【漫画下载】地雷震,高桥努,,,http://www.cc-pdf.com/wp-content/uploads/2020/02/770X300-副本-17-570x300.jpg,,完结,
35,【漫画下载】声之形,大今良时,,,http://www.cc-pdf.com/wp-content/uploads/2020/02/770X300-副本-16-570x300.jpg,,完结,
36,【免费下载】食戟之灵 L’etoile,佐伯俊,,,http://www.cc-pdf.com/wp-content/uploads/2017/12/sjzl.jpg,,完结,
37,【漫画下载】妄想老师,春辉,,,http://www.cc-pdf.com/wp-content/uploads/2020/02/770X300-副本-15-570x300.jpg,,完结,
38,【免费下载】超能力美空/美眉美空,安达充,,,http://www.cc-pdf.com/wp-content/uploads/2020/02/770X300-副本-14-570x300.jpg,,完结,
39,【免费下载】AGE35,柴门文,,,http://www.cc-pdf.com/wp-content/uploads/2020/02/770X300-副本-12-570x300.jpg,,完结,
40,【漫画下载】变身照相机,本名和幸,,,http://www.cc-pdf.com/wp-content/uploads/2020/02/770X300-副本-11-570x300.jpg,,完结,
41,【漫画下载】Blame【连载中】,r瓶勉,,,http://www.cc-pdf.com/wp-content/uploads/2020/02/770X300-副本-13-570x300.jpg,,连载中,
42,【漫画下载】DEATHTOPIA,山田{庸,,,http://www.cc-pdf.com/wp-content/uploads/2020/02/770X300-副本-10-570x300.jpg,,完结,
43,【漫画下载】端脑,壁水羽,,,http://www.cc-pdf.com/wp-content/uploads/2020/02/770X300-副本-9-570x300.jpg,,完结,
44,【漫画下载】DESIRE（欲望）【连载中】,小谷宪一,,,http://www.cc-pdf.com/wp-content/uploads/2020/02/770X300-副本-8-570x300.jpg,,连载中,
45,【漫画下载】Citrus 柑橘味香气【连载中】,三郎太,,,http://www.cc-pdf.com/wp-content/uploads/2020/02/770X300-副本-6-570x300.jpg,,连载中,
46,【漫画下载】HAPPINESS【连载中】,押见修造,,,http://www.cc-pdf.com/wp-content/uploads/2020/02/770X300-副本-3-570x300.jpg,,连载中,
47,【漫画下载】内衣教父,新田龙雄,,,http://www.cc-pdf.com/wp-content/uploads/2020/02/770X300-副本-4-570x300.jpg,,完结,
48,【漫画下载】Black Joke（黑色幽默）,田口雅之,,,http://www.cc-pdf.com/wp-content/uploads/2020/02/770X300-副本-2-570x300.jpg,,完结,
49,【免费下载】最强女神传说,Boichi,,,http://www.cc-pdf.com/wp-content/uploads/2020/02/770X300-副本-1-570x300.jpg,,完结,
50,【免费下载】死亡赛车游戏,中井邦,,,http://www.cc-pdf.com/wp-content/uploads/2020/02/770X300-副本-570x300.jpg,,完结,
51,【免费下载】xxxHOLIC戾【连载中】,CLAMP,,,http://www.cc-pdf.com/wp-content/uploads/2019/07/770X300-副本-2-570x300.jpg,,连载中,
52,【漫画下载】TSUBASA翼-梦幻之岛篇,CLAMP,,,http://www.cc-pdf.com/wp-content/uploads/2019/07/770X300-副本-1-570x300.jpg,,完结,
53,【漫画下载】ALIVE最终进化少年,安达渡嘉-ALIVE最终进化少年,,,http://www.cc-pdf.com/wp-content/uploads/2019/07/770X300-1-570x300.jpg,,完结,
54,【漫画下载】你的名字,新海诚+琴音兰丸,,,http://www.cc-pdf.com/wp-content/uploads/2019/07/770X300-副本-570x300.jpg,,完结,
106,【漫画下载】境界之轮回【连载中】,高桥留美子,,,http://www.cc-pdf.com/wp-content/uploads/2018/12/770X300-副本-28-570x300.jpg,,连载中,
93,【漫画下载】镖人【连载中】,许先哲,,,http://www.cc-pdf.com/wp-content/uploads/2018/12/770X300-副本-50-570x300.jpg,,连载中,
94,【漫画下载】妖神记【180话连载中】,踏雪动漫,,,http://www.cc-pdf.com/wp-content/uploads/2018/12/770X300-副本-49-570x300.jpg,,连载中,
95,【漫画下载】天鹅绒之吻,晴见千寻,,,http://www.cc-pdf.com/wp-content/uploads/2018/12/770X300-副本-45-570x300.jpg,,完结,
115,【漫画下载】橙路/古灵精怪,松本泉,,,http://www.cc-pdf.com/wp-content/uploads/2018/12/770X300-副本-14-570x300.jpg,,完结,
116,【漫画下载】钻石王牌,寺岛裕二,,,http://www.cc-pdf.com/wp-content/uploads/2018/12/770X300-副本-13-570x300.jpg,,完结,
117,【漫画下载】分裂恋人,八十八良,,,http://www.cc-pdf.com/wp-content/uploads/2018/12/770X300-副本副本-570x300.jpg,,完结,
118,【漫画下载】疯狂怪医芙兰,木木津克久,,,http://www.cc-pdf.com/wp-content/uploads/2018/12/770X300-副本-12-570x300.jpg,,完结,
119,【免费下载】杀手阿一,山本英夫,,,http://www.cc-pdf.com/wp-content/uploads/2018/12/770X300-副本-11-570x300.jpg,,完结,
120,【漫画下载】刃牙3范马刃牙,板垣惠介,,,http://www.cc-pdf.com/wp-content/uploads/2018/12/770X300-副本-10-570x300.jpg,,完结,
121,【漫画下载】刃牙2,板垣惠介,,,http://www.cc-pdf.com/wp-content/uploads/2018/12/770X300-副本-9-570x300.jpg,,完结,
122,【漫画下载】刃牙,板垣惠介,,,http://www.cc-pdf.com/wp-content/uploads/2018/12/3-570x300.jpg,,完结,
123,【漫画下载】r瓶勉 C Blame,r瓶勉,,,http://www.cc-pdf.com/wp-content/uploads/2018/12/770X300-副本-8-570x300.jpg,,完结,
124,【漫画系列】徐大宝合集11部,徐大宝合集11部,,,http://www.cc-pdf.com/wp-content/uploads/2018/12/770X300-副本-80-570x300.jpg,,完结,
125,【漫画下载】疯狂假面,安藤庆周,,,http://www.cc-pdf.com/wp-content/uploads/2018/12/770X300-副本-6-570x300.jpg,,完结,
126,【漫画下载】龙凤逆转,齐藤千穗,,,http://www.cc-pdf.com/wp-content/uploads/2018/12/770X300-副本34563-570x300.jpg,,完结,
127,【漫画下载】三十处女与二十熟女,甘诘留太,,,http://www.cc-pdf.com/wp-content/uploads/2018/12/770X300-副本123123-570x300.jpg,,完结,
128,【漫画下载】偷窥孔,本名和幸,,,http://www.cc-pdf.com/wp-content/uploads/2018/12/770X300-副本1212-570x300.jpg,,完结,
129,【漫画下载】死亡影片/dead tube,北河トウタ,,,http://www.cc-pdf.com/wp-content/uploads/2018/12/770X300-副本1-570x300.jpg,,完结,
130,【免费下载】赤F,池上辽一+小池一夫,,,http://www.cc-pdf.com/wp-content/uploads/2018/12/770X300-副本-4-570x300.jpg,,完结,
131,【漫画下载】全职高手【连载中】,常盘勇者工作室,,,http://www.cc-pdf.com/wp-content/uploads/2018/12/770X300-副本-3-570x300.jpg,,连载中,
132,【漫画下载】宇宙兄弟【连载中】,小山宙哉,,,http://www.cc-pdf.com/wp-content/uploads/2018/12/770X300-副本-2-570x300.jpg,,连载中,
133,【漫画下载】幽丽塔,乃木坂太郎,,,http://www.cc-pdf.com/wp-content/uploads/2018/12/770X300-副本-1-570x300.jpg,,完结,
134,【漫画下载】我是大哥大,西森博之,,,http://www.cc-pdf.com/wp-content/uploads/2018/12/770X300-副本-570x300.jpg,,完结,
137,【漫画下载】篮球少年王/鸭子的天空【连载中】,日向武史,,,http://www.cc-pdf.com/wp-content/uploads/2018/11/770X300-副本-16-570x300.jpg,,连载中,
149,【漫画下载】旋风管家,x健二郎,,,http://www.cc-pdf.com/wp-content/uploads/2018/11/770X300-副本-8-570x300.jpg,,完结,
150,【漫画下载】王者天下【连载中】,原泰久,,,http://www.cc-pdf.com/wp-content/uploads/2018/11/770X300-副本-7-570x300.jpg,,连载中,
151,【漫画下载】天才麻雀少女【连载中】,小林立,,,http://www.cc-pdf.com/wp-content/uploads/2018/11/770X300-副本-6-570x300.jpg,,连载中,
152,【漫画下载】破坏兽1+2,本田真吾,,,http://www.cc-pdf.com/wp-content/uploads/2018/11/770X300-副本-5-570x300.jpg,,完结,
153,【漫画下载】龙珠/七龙珠（彩色版）,鸟山明,,,http://www.cc-pdf.com/wp-content/uploads/2017/12/770X300-副本-570x300.jpg,,完结,
154,【漫画下载】异能者/异变者/Homunculus,山本英夫,,,http://www.cc-pdf.com/wp-content/uploads/2018/10/770X300-副本-5-570x300.jpg,,完结,
155,【漫画下载】甲贺忍法帖,濑川雅树 ,,,http://www.cc-pdf.com/wp-content/uploads/2018/10/770X300-副本-4-570x300.jpg,,完结,
156,【漫画下载】夜叉鸦,荻野真,,,http://www.cc-pdf.com/wp-content/uploads/2018/10/770X300-副本-3-570x300.jpg,,完结,
157,【漫画下载】押见修造 C 恶之华,押见修造,,,http://www.cc-pdf.com/wp-content/uploads/2018/10/770X300-副本-2-570x300.jpg,,完结,
160,【漫画下载】梦马工作室 C 武道狂之诗,梦马工作室,,,http://www.cc-pdf.com/wp-content/uploads/2018/10/770X300-副本-570x300.jpg,,完结,
165,【漫画下载】东京食尸鬼/东京兄1+2RE,石田スイ,,,http://www.cc-pdf.com/wp-content/uploads/2018/09/570x300-恢复的-副本-2-570x300.jpg,,完结,
181,【系列】JOJO奇妙冒险（彩色版，1-7部）,荒木飞吕彦,,,http://www.cc-pdf.com/wp-content/uploads/2018/09/570x300-恢复的-副本-11-570x300.jpg,,完结,
183,【漫画下载】一人之下【442连载中】,米二,,,http://www.cc-pdf.com/wp-content/uploads/2018/08/网站570x300-副本-20.jpg,,连载中,
184,【系列】驾笼真太郎,驾笼真太郎,,,http://www.cc-pdf.com/wp-content/uploads/2018/08/770X300-副本-3-570x300.jpg,,完结,
185,【系列】千之刃,千之刃,,,http://www.cc-pdf.com/wp-content/uploads/2018/08/770X300-副本-2-570x300.jpg,,完结,
186,【系列】丸尾末广,丸尾末广,,,http://www.cc-pdf.com/wp-content/uploads/2018/08/770X300-1副本-570x300.jpg,,完结,
187,【系列】M图一雄,M图一雄,,,http://www.cc-pdf.com/wp-content/uploads/2018/08/网站570x300-副本-15.jpg,,完结,
188,【漫画系列】伊藤润二,伊藤润二,,,http://www.cc-pdf.com/wp-content/uploads/2018/08/770X300-副本-1-570x300.jpg,,完结,
170,【漫画下载】妖精的尾巴ZERO,真岛浩,,,http://www.cc-pdf.com/wp-content/uploads/2018/09/570x300-恢复的-副本-1-570x300.jpg,,完结,
172,【漫画下载】东京食尸鬼/东京兄1+2RE,石田スイ,,,http://www.cc-pdf.com/wp-content/uploads/2018/09/570x300-恢复的-副本-2-570x300.jpg,,完结,
202,【漫画下载】镇魂街【266连载中】,许辰,,,http://www.cc-pdf.com/wp-content/uploads/2018/08/网站570x300-副本.jpg,,连载中,
203,【免费下载】零秒出手（宇宙也入樽）,井上雄彦,,,http://www.cc-pdf.com/wp-content/uploads/2018/07/网站570x300-副本-4.jpg,,完结,
232,【漫画下载】清水玲子短篇作品集,清水玲子,,,http://www.cc-pdf.com/wp-content/uploads/2018/03/770X300-副本-16-570x300.jpg,,完结,
233,【免费下载】明智少年之（华丽灿烂+优雅犀利）事件簿,佐藤文也,,,http://www.cc-pdf.com/wp-content/uploads/2018/03/mzsn.jpg,,完结,
234,【漫画下载】光速蒙面侠,村田雄介,,,http://www.cc-pdf.com/wp-content/uploads/2018/03/eyeshield21.jpg,,完结,
235,【免费下载】MAR魔法世界,安西信行,,,http://www.cc-pdf.com/wp-content/uploads/2018/03/mar.jpg,,完结,
236,【漫画下载】电影少女,桂正和,,,http://www.cc-pdf.com/wp-content/uploads/2018/03/770X300-副本-15-570x300.jpg,,完结,
237,【漫画下载】花冠安琪儿,齐藤千穗,,,http://www.cc-pdf.com/wp-content/uploads/2018/03/770X300-副本-14-570x300.jpg,,完结,
238,【漫画下载】少年犯之七人,柿崎正澄,,,http://www.cc-pdf.com/wp-content/uploads/2018/03/snfzqr.jpg,,完结,
239,【漫画下载】X战记,CLAMP,,,http://www.cc-pdf.com/wp-content/uploads/2018/03/网站570x300-副本-4.jpg,,完结,
240,【漫画下载】圣心小龙女,松本夏实,,,http://www.cc-pdf.com/wp-content/uploads/2018/03/sxxln.jpg,,完结,
241,【漫画下载】辉夜姬,清水玲子,,,http://www.cc-pdf.com/wp-content/uploads/2018/03/网站570x300-副本-3.jpg,,完结,
242,【免费下载】重金摇滚双面人,若杉公德,,,http://www.cc-pdf.com/wp-content/uploads/2018/03/zjygsmr.jpg,,完结,
244,【漫画下载】末日,望月峰太郎,,,http://www.cc-pdf.com/wp-content/uploads/2018/03/网站570x300-副本-2.jpg,,完结,
245,【漫画下载】魔法骑士,CLAMP,,,http://www.cc-pdf.com/wp-content/uploads/2018/03/mfqs.jpg,,完结,
246,【免费下载】LEVEL E,富坚义博,,,http://www.cc-pdf.com/wp-content/uploads/2018/03/levele.jpg,,完结,
247,【漫画下载】哨声响起（WHISTLE!）,桶口大辅,,,http://www.cc-pdf.com/wp-content/uploads/2018/03/ssxq.jpg,,完结,
248,【漫画下载】黑猫,矢吹健太朗,,,http://www.cc-pdf.com/wp-content/uploads/2018/03/770X300-副本-12-570x300.jpg,,完结,
249,【漫画下载】17青春遁走,古谷实,,,http://www.cc-pdf.com/wp-content/uploads/2018/03/17qcdz.jpg,,完结,
250,【漫画下载】白兔玩偶（白兔糖）,宇仁田由美,,,http://www.cc-pdf.com/wp-content/uploads/2018/03/btt.jpg,,完结,
251,【漫画下载】恶童,松本大洋,,,http://www.cc-pdf.com/wp-content/uploads/2018/03/etong.jpg,,完结,
252,【免费下载】霸王传说,岛崎让,,,http://www.cc-pdf.com/wp-content/uploads/2018/03/770X300-副本-11-570x300.jpg,,完结,
253,【免费下载】双星奇缘,成田美名子,,,http://www.cc-pdf.com/wp-content/uploads/2018/03/sxqy.jpg,,完结,
254,【漫画下载】路德维希革命,由贵香织里,,,http://www.cc-pdf.com/wp-content/uploads/2018/03/ldwxgm.jpg,,完结,
255,【漫画下载】苍天之拳,原哲夫,,,http://www.cc-pdf.com/wp-content/uploads/2018/03/ctzq.jpg,,完结,
256,【漫画下载】毒药伯爵,由贵香织里,,,http://www.cc-pdf.com/wp-content/uploads/2018/03/dybj.jpg,,完结,
257,【漫画下载】梦幻妖子（梦幻天女）,渡濑悠宇,,,http://www.cc-pdf.com/wp-content/uploads/2018/03/770X300-副本-8-570x300.jpg,,完结,
258,【漫画下载】无赖男,梅泽春人,,,http://www.cc-pdf.com/wp-content/uploads/2018/03/网站570x300-恢复的-副本-3.jpg,,完结,
259,【漫画下载】反叛的鲁路修,マジコ,,,http://www.cc-pdf.com/wp-content/uploads/2018/03/网站570x300-恢复的-副本-2.jpg,,完结,
260,【漫画下载】蜂蜜与四叶草,羽海野千花,,,http://www.cc-pdf.com/wp-content/uploads/2018/03/770X300-副本-6-570x300.jpg,,完结,
261,【漫画下载】消防员的故事,曾田正人,,,http://www.cc-pdf.com/wp-content/uploads/2018/03/xfydgs.jpg,,完结,
262,【免费下载】勇者斗恶龙外传,吉崎观音,,,http://www.cc-pdf.com/wp-content/uploads/2018/03/网站570x300-恢复的-副本.jpg,,完结,
263,【免费下载】辣妹海钓船,荻野真,,,http://www.cc-pdf.com/wp-content/uploads/2018/03/lmhdc.jpg,,完结,
264,【漫画下载】PINEAPPLE ARMY（终级佣兵）,浦g直树,,,http://www.cc-pdf.com/wp-content/uploads/2018/03/770X300-副本-5-570x300.jpg,,完结,
265,【漫画下载】以柔克刚,浦泽直树,,,http://www.cc-pdf.com/wp-content/uploads/2018/03/770X300-副本-4-570x300.jpg,,完结,
266,【漫画下载】飞轮少年,大暮维人,,,http://www.cc-pdf.com/wp-content/uploads/2018/03/770X300-副本-3-570x300.jpg,,完结,
267,【漫画下载】魔法老师,赤松健,,,http://www.cc-pdf.com/wp-content/uploads/2018/03/mfls.jpg,,完结,
268,【漫画下载】湘南纯爱组,藤泽亨,,,http://www.cc-pdf.com/wp-content/uploads/2018/03/xncaz.jpg,,完结,
269,【免费下载】黑之契约者,野奇夜,,,http://www.cc-pdf.com/wp-content/uploads/2018/03/hzqyz.jpg,,完结,
270,【漫画下载】魔影紫光（紫眸少女）,筱原千绘,,,http://www.cc-pdf.com/wp-content/uploads/2018/03/myzg.jpg,,完结,
271,【免费下载】NINE（最后的冠军）,安达充,,,http://www.cc-pdf.com/wp-content/uploads/2018/03/nine.jpg,,完结,
272,【漫画下载】ROUGH（我爱芳邻）,安达充,,,http://www.cc-pdf.com/wp-content/uploads/2018/03/网站570x300-副本-1.jpg,,完结,
273,【漫画下载】Slow Step（含羞草）,安达充,,,http://www.cc-pdf.com/wp-content/uploads/2018/03/网站570x300-副本.jpg,,完结,
274,【漫画下载】虹色辣椒,安达充,,,http://www.cc-pdf.com/wp-content/uploads/2018/03/770X300-副本-570x300.jpg,,完结,
276,【漫画下载】CAT’S爱,阿佐维信,,,http://www.cc-pdf.com/wp-content/uploads/2018/01/cats.jpg,,完结,
277,【免费下载】假日下午茶,谷地惠美子,,,http://www.cc-pdf.com/wp-content/uploads/2018/01/jrxwc.jpg,,完结,
278,【漫画下载】狗狗佳人猫少女,安原一,,,http://www.cc-pdf.com/wp-content/uploads/2018/01/ggjr.jpg,,完结,
279,【漫画下载】谎言的诱惑,木月明+佐藤南纪,,,http://www.cc-pdf.com/wp-content/uploads/2018/01/770X300-副本-62-570x300.jpg,,完结,
280,【漫画下载】浑身是胆,村上纪香,,,http://www.cc-pdf.com/wp-content/uploads/2018/01/hssd-1.jpg,,完结,
281,【漫画下载】女仆咖啡厅（即使如此小镇依然转动）,石黑正数,,,http://www.cc-pdf.com/wp-content/uploads/2018/01/770X300-副本-61-570x300.jpg,,完结,
282,【漫画下载】ARMS（神臂）,皆川亮二,,,http://www.cc-pdf.com/wp-content/uploads/2018/01/arms.jpg,,完结,
283,【漫画下载】干物妹小埋回,三角头,,,http://www.cc-pdf.com/wp-content/uploads/2018/01/gwmxm.jpg,,完结,
284,【漫画下载】散华礼弥（僵尸哪有那么萌？）,服部充,,,http://www.cc-pdf.com/wp-content/uploads/2018/01/shln-570x300.jpg,,完结,
285,【漫画下载】神鬼帝国,玉井雪雄,,,http://www.cc-pdf.com/wp-content/uploads/2018/01/sgdg.jpg,,完结,
286,【漫画下载】推理专家民俗学者八云树,山口让司,,,http://www.cc-pdf.com/wp-content/uploads/2018/01/tlzj.jpg,,完结,
287,【漫画下载】氏家ト全 C 妄想学生会【连载中】,氏家ト全,,,http://www.cc-pdf.com/wp-content/uploads/2018/01/770X300-副本-60-570x300.jpg,,连载中,
288,【漫画下载】来自深渊,土笔章人,,,http://www.cc-pdf.com/wp-content/uploads/2018/01/lzsy.jpg,,完结,
289,【漫画下载】小鬼Q太郎,藤子不二雄,,,http://www.cc-pdf.com/wp-content/uploads/2018/01/xgqtl.jpg,,完结,
290,【漫画下载】岸和田博士科学的爱情,汤尼岳崎,,,http://www.cc-pdf.com/wp-content/uploads/2018/01/ahtbs.jpg,,完结,
291,【漫画下载】新暗行御史,梁庆一,,,http://www.cc-pdf.com/wp-content/uploads/2018/01/xaxys.jpg,,完结,
292,【漫画下载】MIX,安达充,,,http://www.cc-pdf.com/wp-content/uploads/2018/01/mix.jpg,,完结,
293,【漫画下载】妖怪医生,佐藤友生,,,http://www.cc-pdf.com/wp-content/uploads/2018/01/ygys-1.jpg,,完结,
295,【漫画下载】怪力小僧,洪同基,,,http://www.cc-pdf.com/wp-content/uploads/2018/01/glxs.jpg,,完结,
296,【漫画下载】不起眼女主角培育法,守姬武士,,,http://www.cc-pdf.com/wp-content/uploads/2018/01/bqynz.jpg,,完结,
297,【漫画下载】杀戮重生犬屋敷,奥浩哉,,,http://www.cc-pdf.com/wp-content/uploads/2018/01/slcs.jpg,,完结,
298,【漫画下载】只有我不在的城市,三部敬,,,http://www.cc-pdf.com/wp-content/uploads/2018/01/770X300-副本-58-570x300.jpg,,完结,
299,【漫画下载】搞笑天神,松浦聪彦,,,http://www.cc-pdf.com/wp-content/uploads/2018/01/gxts.jpg,,完结,
300,【漫画下载】黄昏流星群,弘兼宪史,,,http://www.cc-pdf.com/wp-content/uploads/2018/01/hhlxq.jpg,,完结,
301,【漫画下载】鬼灯的冷彻【连载中】,江口夏实,,,http://www.cc-pdf.com/wp-content/uploads/2018/01/770X300-副本-57-570x300.jpg,,连载中,
302,【漫画下载】半透明女友,冈本一广,,,http://www.cc-pdf.com/wp-content/uploads/2018/01/btmny.jpg,,完结,
220,【漫画下载】堂本裕Fx渡航 C 少女编号,堂本裕Fx渡航,,,http://www.cc-pdf.com/wp-content/uploads/2018/08/网站570x300-恢复的-副本.jpg,,完结,
304,【漫画下载】桥口隆志 C 顶尖神医,桥口隆志,,,http://www.cc-pdf.com/wp-content/uploads/2018/01/djsy.jpg,,完结,
305,【漫画下载】时计野哈里 C 兄妹一家亲,时计野哈里,,,http://www.cc-pdf.com/wp-content/uploads/2018/01/770X300-副本-55-570x300.jpg,,完结,
306,【漫画下载】田代哲也 C 斩・赤红之瞳【连载中】,田代哲也,,,http://www.cc-pdf.com/wp-content/uploads/2018/01/zchzt-570x300.jpg,,连载中,
307,【免费下载】阿鼻剑,郑问,,,http://www.cc-pdf.com/wp-content/uploads/2018/01/abij.jpg,,完结,
308,【免费下载】常胜 C BABY,常胜,,,http://www.cc-pdf.com/wp-content/uploads/2018/01/770X300-副本-1-570x300.jpg,,完结,
309,【漫画下载】牧野葵 C 世界的尽头,牧野葵,,,http://www.cc-pdf.com/wp-content/uploads/2018/01/sjdjt.jpg,,完结,
310,【漫画下载】和气一作 C 女帝,和气一作,,,http://www.cc-pdf.com/wp-content/uploads/2018/01/nvdi.jpg,,完结,
311,【漫画下载】赤松健 C 悠久持有者【连载中】,赤松健,,,http://www.cc-pdf.com/wp-content/uploads/2018/01/yjcyz.jpg,,连载中,
312,【漫画下载】浅田有皆 C 神秘摇滚【连载中】,浅田有皆,,,http://www.cc-pdf.com/wp-content/uploads/2018/01/smyg.jpg,,连载中,
313,【漫画下载】铃木温 C 少年犯罪事件簿,铃木温,,,http://www.cc-pdf.com/wp-content/uploads/2018/01/snfz.jpg,,完结,
314,【漫画下载】小梅京人 C 狼与香辛料【连载中】,小梅京人,,,http://www.cc-pdf.com/wp-content/uploads/2018/01/770X300-副本-54-570x300.jpg,,连载中,
315,【漫画下载】Image漫画公司 C 行尸走肉【连载中】,Image漫画公司,,,http://www.cc-pdf.com/wp-content/uploads/2018/01/xszr-570x300.jpg,,连载中,
316,【漫画下载】佳月铃茅 C 我的青春恋爱喜剧果然有问题（果然我的青春恋爱喜剧搞错了）【连载中】,佳月铃茅,,,http://www.cc-pdf.com/wp-content/uploads/2018/01/wdqc.jpg,,连载中,
317,【免费下载】妙手急先锋RUSH!!（假小子勇希）,北条司,,,http://www.cc-pdf.com/wp-content/uploads/2018/01/网站570x300-副本-24.jpg,,完结,
318,【漫画下载】藤村同学的学生会,敷诚一,,,http://www.cc-pdf.com/wp-content/uploads/2018/01/770X300-副本-52-570x300.jpg,,完结,
319,【免费下载】我要高飞（奥运高手）,菊田洋之,,,http://www.cc-pdf.com/wp-content/uploads/2018/01/wygf.jpg,,完结,
320,【漫画下载】少年刑警,朝基胜士,,,http://www.cc-pdf.com/wp-content/uploads/2018/01/网站570x300-恢复的-副本-17.jpg,,完结,
321,【漫画下载】水星领航员,天野梢,,,http://www.cc-pdf.com/wp-content/uploads/2018/01/770X300-副本-50-570x300.jpg,,完结,
322,【漫画下载】 钢铁神兵,车田正美,,,http://www.cc-pdf.com/wp-content/uploads/2018/01/gtsb.jpg,,完结,
323,【免费下载】替身天使,赤石路代,,,http://www.cc-pdf.com/wp-content/uploads/2018/01/tsts2.jpg,,完结,
324,【漫画下载】不思议游戏,渡濑悠宇,,,http://www.cc-pdf.com/wp-content/uploads/2018/01/bsyyx.jpg,,完结,
325,【漫画下载】东京朱丽叶,北川美幸,,,http://www.cc-pdf.com/wp-content/uploads/2018/01/770X300-副本-49-570x300.jpg,,完结,
326,【漫画下载】银河铁道999,松本零士,,,http://www.cc-pdf.com/wp-content/uploads/2018/01/770X300-副本-48-570x300.jpg,,完结,
327,【漫画下载】人形电脑天使心,CLAMP,,,http://www.cc-pdf.com/wp-content/uploads/2018/01/770X300-副本-47-570x300.jpg,,完结,
328,【漫画下载】孤高之人,坂本真一,,,http://www.cc-pdf.com/wp-content/uploads/2018/01/770X300-副本-46-570x300.jpg,,完结,
329,【漫画下载】龙,村上纪香,,,http://www.cc-pdf.com/wp-content/uploads/2018/01/网站570x300-恢复的-副本-13.jpg,,完结,
330,【漫画下载】TSUBASA翼,CLAMP,,,http://www.cc-pdf.com/wp-content/uploads/2018/01/770X300-副本-45-570x300.jpg,,完结,
331,【漫画下载】佛陀,手V治虫,,,http://www.cc-pdf.com/wp-content/uploads/2018/01/ft.jpg,,完结,
332,【漫画下载】KATSU!（青春交叉点）,安达充,,,http://www.cc-pdf.com/wp-content/uploads/2018/01/katsu.jpg,,完结,
333,【免费下载】电脑骑士,荻野真,,,http://www.cc-pdf.com/wp-content/uploads/2018/01/770X300-副本-44-570x300.jpg,,完结,
334,【漫画下载】花泽健吾 C 敏行快跑,花泽健吾,,,http://www.cc-pdf.com/wp-content/uploads/2018/01/770X300-副本-43-570x300.jpg,,完结,
335,【免费下载】藤原神威 C 勇者斗恶龙-伊甸的战士们,藤原神威,,,http://www.cc-pdf.com/wp-content/uploads/2018/01/dq7.jpg,,完结,
336,【漫画下载】幸运四叶草（Cross Game/四叶游戏）,安达充,,,http://www.cc-pdf.com/wp-content/uploads/2018/01/crossgame.jpg,,完结,
337,【漫画下载】潘多拉之心,望月淳,,,http://www.cc-pdf.com/wp-content/uploads/2018/01/770X300-恢复的-副本-8-570x300.jpg,,完结,
338,【免费下载】天地吞食,本宫宏志,,,http://www.cc-pdf.com/wp-content/uploads/2018/01/tdts.jpg,,完结,
339,【漫画下载】吉河美希 C 山田君与7人魔女,吉河美希,,,http://www.cc-pdf.com/wp-content/uploads/2018/01/stjy7rmn.jpg,,完结,
340,【漫画下载】绫峰栏人 C 闪灵二人组,绫峰栏人,,,http://www.cc-pdf.com/wp-content/uploads/2018/01/770X300-副本-42-570x300.jpg,,完结,
341,【漫画下载】高桥留美子 C 福星小子,高桥留美子,,,http://www.cc-pdf.com/wp-content/uploads/2018/01/fxxz.jpg,,完结,
342,【免费下载】Q&A,安达充,,,http://www.cc-pdf.com/wp-content/uploads/2018/01/QA.jpg,,完结,
343,【漫画下载】田村由美 C 婆娑罗,田村由美,,,http://www.cc-pdf.com/wp-content/uploads/2018/01/770X300-副本-40-570x300.jpg,,完结,
344,【漫画下载】安达充短篇作品集Girl’s Type,安达充,,,http://www.cc-pdf.com/wp-content/uploads/2018/01/770X300-副本-39-570x300.jpg,,完结,
345,【漫画下载】叶精作 C 拍卖行（终极鉴定师）,叶精作,,,http://www.cc-pdf.com/wp-content/uploads/2018/01/770X300-副本-38-570x300.jpg,,完结,
346,【漫画下载】蛭田达也 C 功夫旋风儿,蛭田达也,,,http://www.cc-pdf.com/wp-content/uploads/2018/01/gfxfe.jpg,,完结,
347,【漫画下载】乃木坂太郎 C 医龙,乃木坂太郎,,,http://www.cc-pdf.com/wp-content/uploads/2018/01/770X300-副本-37-570x300.jpg,,完结,
348,【漫画下载】前川刚 C 铁拳小子系列4部,前川刚,,,http://www.cc-pdf.com/wp-content/uploads/2018/01/tqxz.jpg,,完结,
349,【漫画下载】村上纪香 C 仁医,村上纪香,,,http://www.cc-pdf.com/wp-content/uploads/2018/01/ry.jpg,,完结,
350,【漫画下载】高桥和希 C 游戏王,高桥和希,,,http://www.cc-pdf.com/wp-content/uploads/2018/01/yxw.jpg,,完结,
351,【免费下载】宇野比吕士?C 海盗王子,宇野比吕士,,,http://www.cc-pdf.com/wp-content/uploads/2018/01/网站570x300-副本-20.jpg,,完结,
352,【漫画下载】渡濑悠宇 C 不思议游戏玄武开传,渡濑悠宇,,,http://www.cc-pdf.com/wp-content/uploads/2018/01/770X300-副本-35-570x300.jpg,,完结,
353,【漫画下载】蛭田达也 C?新功夫旋风儿柔道篇,蛭田达也,,,http://www.cc-pdf.com/wp-content/uploads/2018/01/xgfxfe.jpg,,完结,
354,【漫画下载】伊藤润二 C 伊藤润二短篇集,伊藤润二,,,http://www.cc-pdf.com/wp-content/uploads/2018/01/ytredp.jpg,,完结,
355,【漫画下载】樱井画门 C 亚人【连载中】,樱井画门,,,http://www.cc-pdf.com/wp-content/uploads/2018/01/770X300-副本-34-570x300.jpg,,连载中,
356,【漫画下载】大久保笃 C 噬魂师,大久保笃,,,http://www.cc-pdf.com/wp-content/uploads/2018/01/shs.jpg,,完结,
357,【漫画下载】仲村佳树 C Skip Beat下一站巨星（华丽的挑战）【连载中】,仲村佳树,,,http://www.cc-pdf.com/wp-content/uploads/2018/01/xyzjx.jpg,,连载中,
358,【漫画下载】绿川幸 C 夏目友人帐【连载中】,绿川幸,,,http://www.cc-pdf.com/wp-content/uploads/2018/01/770X300-副本-30-570x300.jpg,,连载中,
359,【漫画下载】桂正和 C I”s,桂正和,,,http://www.cc-pdf.com/wp-content/uploads/2018/01/网站570x300-恢复的-副本-9.jpg,,完结,
360,【免费下载】荻野真-小类人,荻野真-小类人,,,http://www.cc-pdf.com/wp-content/uploads/2018/01/网站570x300-恢复的-副本-8.jpg,,完结,
361,【漫画下载】上条明峰 C 鬼眼狂刀,上条明峰,,,http://www.cc-pdf.com/wp-content/uploads/2018/01/770X300-副本-29-570x300.jpg,,完结,
362,【漫画下载】REAL【连载中】,井上雄彦,,,http://www.cc-pdf.com/wp-content/uploads/2018/01/real.jpg,,连载中,
363,【漫画下载】三田纪房 C 东大特训班（龙樱）,三田纪房,,,http://www.cc-pdf.com/wp-content/uploads/2018/01/网站570x300-恢复的-副本-7.jpg,,完结,
364,【漫画下载】藤田和日郎 C 潮与虎,藤田和日郎,,,http://www.cc-pdf.com/wp-content/uploads/2018/01/cyh.jpg,,完结,
365,【漫画下载】冈野刚 C 地狱老师,冈野刚,,,http://www.cc-pdf.com/wp-content/uploads/2018/01/lyjssm.jpg,,完结,
366,【漫画下载】铁臂阿童木,手冢治虫,,,http://www.cc-pdf.com/wp-content/uploads/2018/01/770X300-恢复的-副本-5-570x300.jpg,,完结,
367,【漫画下载】筱原千绘 C 苍之封印,筱原千绘,,,http://www.cc-pdf.com/wp-content/uploads/2018/01/网站570x300-恢复的-副本-6.jpg,,完结,
368,【漫画下载】峰仓和也 C 最游记,峰仓和也,,,http://www.cc-pdf.com/wp-content/uploads/2018/01/zyj.jpg,,完结,
369,【漫画下载】山口让司 C 江户川乱步异人馆,山口让司,,,http://www.cc-pdf.com/wp-content/uploads/2018/01/770X300-恢复的-副本-4-570x300.jpg,,完结,
370,【漫画下载】Boichi C 最强不良传说,Boichi,,,http://www.cc-pdf.com/wp-content/uploads/2018/01/zqblcs.jpg,,完结,
371,【漫画下载】怪医黑杰克,手冢治虫,,,http://www.cc-pdf.com/wp-content/uploads/2018/01/gyhjk.jpg,,完结,
372,【漫画下载】虫师,漆原友纪,,,http://www.cc-pdf.com/wp-content/uploads/2018/01/网站570x300-恢复的-副本-5.jpg,,完结,
373,【漫画下载】伪恋,古味直志,,,http://www.cc-pdf.com/wp-content/uploads/2018/01/weilian.jpg,,完结,
374,【漫画下载】古典异色名作集,千之刃,,,http://www.cc-pdf.com/wp-content/uploads/2018/01/gdys.jpg,,完结,
375,【漫画下载】驱魔少年（D.Gray-man）【连载中】,星野桂,,,http://www.cc-pdf.com/wp-content/uploads/2018/01/770X300-副本-27-570x300.jpg,,连载中,
376,【漫画下载】PLUTO（冥王）,浦泽直树,,,http://www.cc-pdf.com/wp-content/uploads/2018/01/pluto.jpg,,完结,
377,【漫画下载】恶魔爱神（处女危机）,新条真由,,,http://www.cc-pdf.com/wp-content/uploads/2018/01/网站570x300-副本-19.jpg,,完结,
378,【漫画下载】鬼神童子,黑岩善宏,,,http://www.cc-pdf.com/wp-content/uploads/2018/01/gstz.jpg,,完结,
379,【漫画下载】侦探学园Q,佐藤文也,,,http://www.cc-pdf.com/wp-content/uploads/2018/01/ztxyq.jpg,,完结,
380,【漫画系列】KOF（the king of fighter）拳皇系列,KOF（the king of fighter）拳皇系列,,,http://www.cc-pdf.com/wp-content/uploads/2018/01/网站570x300-副本-18.jpg,,完结,
381,【漫画下载】家庭教师,天野明,,,http://www.cc-pdf.com/wp-content/uploads/2018/01/reborn.jpg,,完结,
382,【漫画下载】银之匙【连载中】,荒川弘,,,http://www.cc-pdf.com/wp-content/uploads/2018/01/770X300-副本-26-570x300.jpg,,连载中,
383,【漫画下载】我的女神,藤岛康介,,,http://www.cc-pdf.com/wp-content/uploads/2018/01/wdns.jpg,,完结,
384,【漫画下载】夜王,井上纪良,,,http://www.cc-pdf.com/wp-content/uploads/2018/01/770X300-副本-25-570x300.jpg,,完结,
385,【漫画下载】美少女战士,武内直子,,,http://www.cc-pdf.com/wp-content/uploads/2018/01/msnzs.jpg,,完结,
386,【漫画下载】草莓100%,河下水希,,,http://www.cc-pdf.com/wp-content/uploads/2018/01/770X300-副本-24-570x300.jpg,,完结,
387,【漫画下载】20世纪少年,浦泽直树,,,http://www.cc-pdf.com/wp-content/uploads/2018/01/770X300-副本-23-570x300.jpg,,完结,
388,【漫画下载】黑子的篮球/黑子篮球员,藤卷忠俊,,,http://www.cc-pdf.com/wp-content/uploads/2018/01/hzdlq.jpg,,完结,
389,【漫画下载】网球王子,许斐刚,,,http://www.cc-pdf.com/wp-content/uploads/2018/01/wqwz.jpg,,完结,
390,【漫画下载】木铳梦（1+2+外传合集）,木城幸人,,,http://www.cc-pdf.com/wp-content/uploads/2018/01/770X300-恢复的-副本-570x300.jpg,,完结,
391,【免费下载】东京爱情故事,柴门文,,,http://www.cc-pdf.com/wp-content/uploads/2018/01/770X300-副本-22-570x300.jpg,,完结,
392,【漫画下载】火之鸟,手V治虫,,,http://www.cc-pdf.com/wp-content/uploads/2018/01/770X300-副本-21-570x300.jpg,,完结,
393,【漫画下载】xxxHOLiC,CLAMP,,,http://www.cc-pdf.com/wp-content/uploads/2018/01/770X300-副本-20-570x300.jpg,,完结,
394,【免费下载】魔笛MAGI【连载中】+前传,大高忍,,,http://www.cc-pdf.com/wp-content/uploads/2018/01/magi.jpg,,连载中,
395,【漫画下载】GTO湘南14日,藤泽亨,,,http://www.cc-pdf.com/wp-content/uploads/2018/01/gto14.jpg,,完结,
396,【漫画下载】漂流教室,M图一雄,,,http://www.cc-pdf.com/wp-content/uploads/2018/01/770X300-恢复的-副本-3-570x300.jpg,,完结,
397,【漫画下载】枪魂（枪神）,荻野真,,,http://www.cc-pdf.com/wp-content/uploads/2018/01/gunspirit.jpg,,完结,
398,【漫画下载】黑执事【连载中】,枢梁,,,http://www.cc-pdf.com/wp-content/uploads/2018/01/hzs.jpg,,连载中,
399,【漫画下载】绝望先生,久米田康治,,,http://www.cc-pdf.com/wp-content/uploads/2018/01/jwxs.jpg,,完结,
400,【漫画下载】去吧！稻中乒团,古谷实,,,http://www.cc-pdf.com/wp-content/uploads/2018/01/dzzqs.jpg,,完结,
401,【漫画下载】青春之旅（闪烁的青春）【连载中】,D坂伊绪,,,http://www.cc-pdf.com/wp-content/uploads/2018/01/qczl.jpg,,连载中,
402,【漫画下载】圣子到（神行太保）,梅泽春人,,,http://www.cc-pdf.com/wp-content/uploads/2018/01/szd.jpg,,完结,
403,【漫画下载】圣传,CLAMP,,,http://www.cc-pdf.com/wp-content/uploads/2018/01/shengzhuan.jpg,,完结,
404,【漫画下载】棋魂,小x健,,,http://www.cc-pdf.com/wp-content/uploads/2018/01/qihun.jpg,,完结,
405,【漫画下载】水果篮子,高屋奈月,,,http://www.cc-pdf.com/wp-content/uploads/2018/01/770X300-恢复的-副本-2-570x300.jpg,,完结,
406,【漫画下载】快感指令,新条真由,,,http://www.cc-pdf.com/wp-content/uploads/2018/01/770X300-恢复的-副本-1-570x300.jpg,,完结,
407,【漫画下载】NANA【连载中】,矢泽爱,,,http://www.cc-pdf.com/wp-content/uploads/2018/01/nana.jpg,,连载中,
408,【漫画下载】封神演义,藤崎龙,,,http://www.cc-pdf.com/wp-content/uploads/2018/01/fsyy.jpg,,完结,
409,【漫画下载】彼岸岛【1+2完结，3连载中】,松本光司,,,http://www.cc-pdf.com/wp-content/uploads/2018/01/网站570x300-副本-15.jpg,,连载中,
410,【漫画下载】TOUCH（棒球英豪）,安达充,,,http://www.cc-pdf.com/wp-content/uploads/2018/01/770X300-副本-19-570x300.jpg,,完结,
411,【漫画下载】异兽魔都【连载中】,林田球,,,http://www.cc-pdf.com/wp-content/uploads/2018/01/ysmd.jpg,,连载中,
412,【漫画下载】剑豪生死斗,山口贵由,,,http://www.cc-pdf.com/wp-content/uploads/2018/01/770X300-副本-17-570x300.jpg,,完结,
414,【漫画下载】天使禁猎区,由贵香织里,,,http://www.cc-pdf.com/wp-content/uploads/2018/01/770X300-副本-16-570x300.jpg,,完结,
415,【漫画下载】一吻定情,多田薰,,,http://www.cc-pdf.com/wp-content/uploads/2018/01/770X300-副本-15-570x300.jpg,,完结,
416,【漫画下载】森川让次 C 第一神拳【连载中】,森川让次,,,http://www.cc-pdf.com/wp-content/uploads/2018/01/dysq.jpg,,连载中,
417,【漫画下载】CLAMP C 魔卡少女樱,CLAMP,,,http://www.cc-pdf.com/wp-content/uploads/2018/01/mksny.jpg,,完结,
418,【漫画下载】朝基胜士 C 感应少年EIJI,朝基胜士,,,http://www.cc-pdf.com/wp-content/uploads/2018/01/770X300-副本-14-570x300.jpg,,完结,
419,【漫画下载】田岛昭宇 C 多重人格侦探,田岛昭宇,,,http://www.cc-pdf.com/wp-content/uploads/2018/01/dcrgzt.jpg,,完结,
420,【漫画下载】天使心1+2部,北条司,,,http://www.cc-pdf.com/wp-content/uploads/2018/01/tszx.jpg,,完结,
421,【漫画下载】沙村广明 C 无限之住人,沙村广明,,,http://www.cc-pdf.com/wp-content/uploads/2018/01/770X300-副本-12-570x300.jpg,,完结,
422,【漫画下载】荒川弘 C 钢之炼金术师,荒川弘,,,http://www.cc-pdf.com/wp-content/uploads/2018/01/770X300-副本-11-570x300.jpg,,完结,
423,【漫画下载】冈本伦 C 极黑的布伦希尔特,冈本伦,,,http://www.cc-pdf.com/wp-content/uploads/2018/01/jhdblxet.jpg,,完结,
424,【漫画下载】押见修造 C 恶之华,押见修造,,,http://www.cc-pdf.com/wp-content/uploads/2018/01/ezh.jpg,,完结,
425,【漫画下载】藤村绯二 C 诚如神之所说 1+2部,藤村绯二,,,http://www.cc-pdf.com/wp-content/uploads/2018/01/crszss.jpg,,完结,
426,【漫画下载】矢吹健太朗 C to love（出包王女）,矢吹健太朗,,,http://www.cc-pdf.com/wp-content/uploads/2018/01/tolove.jpg,,完结,
427,【漫画下载】矢吹健太朗 C to love darkness（出包女王外传/续篇）,矢吹健太朗,,,http://www.cc-pdf.com/wp-content/uploads/2018/01/cbnw-570x300.jpg,,完结,
428,【免费下载】真斗 C 神奇宝贝特别篇【连载中】,真斗,,,http://www.cc-pdf.com/wp-content/uploads/2018/01/770X300-副本-10-570x300.jpg,,连载中,
429,【漫画下载】秋本治本人 C 乌龙派出所,秋本治本人,,,http://www.cc-pdf.com/wp-content/uploads/2018/01/wlpcs.jpg,,完结,
430,【漫画下载】浦泽直树 C billy bat【连载中】,浦泽直树,,,http://www.cc-pdf.com/wp-content/uploads/2018/01/billybat.jpg,,连载中,
432,【漫画下载】浦泽直树 C 危险调查员,浦泽直树,,,http://www.cc-pdf.com/wp-content/uploads/2018/01/wxdcy.jpg,,完结,
433,【漫画下载】佐野菜见 C 在下坂本有何贵干（我叫坂本我最牛,佐野菜见,,,http://www.cc-pdf.com/wp-content/uploads/2018/01/zxbb.jpg,,完结,
435,【漫画下载】GTO（麻辣教师）,藤泽亨,,,http://www.cc-pdf.com/wp-content/uploads/2018/01/770X300-副本-9-570x300.jpg,,完结,
436,【漫画下载】贞本义行 C EVA（新世纪福音战士）,贞本义行,,,http://www.cc-pdf.com/wp-content/uploads/2018/01/eva.jpg,,完结,
437,【漫画下载】武井宏之 C 通灵王,武井宏之,,,http://www.cc-pdf.com/wp-content/uploads/2018/01/tlw.jpg,,完结,
438,【漫画下载】非常家庭（搞怪家庭 ）,北条司,,,http://www.cc-pdf.com/wp-content/uploads/2018/01/fcjt.jpg,,完结,
439,【漫画下载】浦泽直树 C Monster（怪物）,浦泽直树,,,http://www.cc-pdf.com/wp-content/uploads/2018/01/monster.jpg,,完结,
440,【漫画系列】福本伸行 C 赌博三部曲,福本伸行,,,http://www.cc-pdf.com/wp-content/uploads/2018/01/dbmsl.jpg,,完结,
441,【漫画系列】高桥阳一 C 足球小将系列7部,高桥阳一,,,http://www.cc-pdf.com/wp-content/uploads/2018/01/zqxj.jpg,,完结,
443,【漫画下载】c原一至 C 暗黑之破坏神【连载中】,c原一至,,,http://www.cc-pdf.com/wp-content/uploads/2018/01/bastard.jpg,,连载中,
444,【漫画下载】高桥弘 C CROWS热血高校,高桥弘,,,http://www.cc-pdf.com/wp-content/uploads/2018/01/crows.jpg,,完结,
445,【免费下载】水野良 C 罗德斯岛战记-法理斯的圣女,水野良,,,http://www.cc-pdf.com/wp-content/uploads/2018/01/ldsdzj.jpg,,完结,
447,【漫画下载】士郎正宗 C 攻壳机动队,士郎正宗,,,http://www.cc-pdf.com/wp-content/uploads/2018/01/网站570x300-副本-10.jpg,,完结,
448,【漫画下载】田中亚希夫 C 军鸡,田中亚希夫,,,http://www.cc-pdf.com/wp-content/uploads/2018/01/junji.jpg,,完结,
449,【漫画下载】秋乃茉莉 C 恐怖宠物店,秋乃茉莉,,,http://www.cc-pdf.com/wp-content/uploads/2018/01/kbcwd.jpg,,完结,
450,【漫画下载】七原罪（七大罪）【连载中】,铃木央,,,http://www.cc-pdf.com/wp-content/uploads/2018/01/qyz.jpg,,连载中,
452,【漫画下载】死囚乐园,片冈人生+近藤一马,,,http://www.cc-pdf.com/wp-content/uploads/2018/01/770X300-副本-7-570x300.jpg,,完结,
453,【漫画下载】蜡笔小新,臼井仪人,,,http://www.cc-pdf.com/wp-content/uploads/2018/01/lbxx.jpg,,完结,
454,【漫画下载】野良神（流浪神差）【连载中】,安达渡嘉,,,http://www.cc-pdf.com/wp-content/uploads/2018/01/网站570x300-副本-7.jpg,,连载中,
455,【漫画下载】3×3只眼（三只眼/3×3 eyes）,高田裕三,,,http://www.cc-pdf.com/wp-content/uploads/2018/01/770X300-副本-6-570x300.jpg,,完结,
456,【漫画下载】史上最强弟子兼一,松江名俊,,,http://www.cc-pdf.com/wp-content/uploads/2018/01/网站570x300-恢复的-副本-4.jpg,,完结,
457,【漫画下载】猫眼三姐妹（猫之眼/CAT’S EYE）,北条司,,,http://www.cc-pdf.com/wp-content/uploads/2018/01/catseye.jpg,,完结,
458,【漫画下载】天上天下,大暮维人,,,http://www.cc-pdf.com/wp-content/uploads/2018/01/770X300-副本-5-570x300.jpg,,完结,
460,【漫画下载】龙狼传（1+2部）,山原义人,,,http://www.cc-pdf.com/wp-content/uploads/2018/01/llz.jpg,,完结,
461,【漫画下载】圣斗士星矢冥王神话,手代木史织,,,http://www.cc-pdf.com/wp-content/uploads/2018/01/mwsh.jpg,,完结,
462,【漫画下载】源君物语【连载中】,稻叶翠,,,http://www.cc-pdf.com/wp-content/uploads/2018/01/yjwy.jpg,,连载中,
463,【漫画下载】H2（好逑双物语）,安达充,,,http://www.cc-pdf.com/wp-content/uploads/2018/01/网站570x300-恢复的-副本-2.jpg,,完结,
464,【漫画下载】大剑（猎魔战记）,八木教广,,,http://www.cc-pdf.com/wp-content/uploads/2018/01/网站570x300-恢复的-副本.jpg,,完结,
465,【漫画下载】食梦者,小x健,,,http://www.cc-pdf.com/wp-content/uploads/2018/01/bakuman.jpg,,完结,
467,【漫画下载】孔雀王退魔圣传,荻野真,,,http://www.cc-pdf.com/wp-content/uploads/2018/01/网站570x300-副本-6.jpg,,完结,
470,【漫画下载】尼罗河女儿（王家的纹章）【连载中】,细川智荣子+芙美子,,,http://www.cc-pdf.com/wp-content/uploads/2018/01/nlhne.jpg,,连载中,
471,【漫画下载】欺诈游戏（LIAR GAME）,甲斐谷忍,,,http://www.cc-pdf.com/wp-content/uploads/2018/01/网站570x300-副本-4.jpg,,完结,
472,【漫画系列】岛耕作系列,弘兼宪史,,,http://www.cc-pdf.com/wp-content/uploads/2018/01/770X300-副本-4-570x300.jpg,,完结,
475,【漫画下载】百鬼夜行抄【连载中】,今市子,,,http://www.cc-pdf.com/wp-content/uploads/2018/01/网站570x300-副本-2.jpg,,连载中,
476,【漫画下载】浮恋,糸杉秃,,,http://www.cc-pdf.com/wp-content/uploads/2018/01/fulian.jpg,,完结,
478,【漫画下载】NON C 卖肉的灰姑娘,NON,,,http://www.cc-pdf.com/wp-content/uploads/2018/01/mrdhgn-570x300.jpg,,完结,
479,【漫画下载】学园默示录,佐藤霄吉,,,http://www.cc-pdf.com/wp-content/uploads/2018/01/770X300-副本-570x300.jpg,,完结,
480,【漫画下载】灌篮高手（SLAM DUNK/男儿当入樽）,井上雄彦,,,http://www.cc-pdf.com/wp-content/uploads/2018/01/770X300-副本-2-570x300.jpg,,完结,
483,【漫画下载】北斗神拳/北斗之拳,原哲夫,,,http://www.cc-pdf.com/wp-content/uploads/2017/12/网站570x300-副本-19.jpg,,完结,
484,【漫画下载】寄生兽医,春辉,,,http://www.cc-pdf.com/wp-content/uploads/2017/12/770X300-副本-6-570x300.jpg,,完结,
485,【漫画下载】GANTZ杀戮都市,奥浩哉,,,http://www.cc-pdf.com/wp-content/uploads/2017/12/770X300-副本-5-570x300.jpg,,完结,
488,【漫画下载】妖精的尾巴,真岛浩,,,http://www.cc-pdf.com/wp-content/uploads/2017/12/网站570x300-副本-16.jpg,,完结,
489,【漫画下载】18禁,松本贵,,,http://www.cc-pdf.com/wp-content/uploads/2017/12/18j.jpg,,完结,
490,【漫画下载】神之水滴,冲本秀,,,http://www.cc-pdf.com/wp-content/uploads/2017/12/网站570x300-副本-15.jpg,,完结,
494,【漫画下载】怪怪守护神【连载中】,浜田义一,,,http://www.cc-pdf.com/wp-content/uploads/2017/12/ggshs.jpg,,连载中,
495,【漫画下载】寄生兽,岩明均,,,http://www.cc-pdf.com/wp-content/uploads/2017/12/jss.jpg,,完结,
498,【漫画下载】金田一少年之事件簿【连载中】,佐藤文也,,,http://www.cc-pdf.com/wp-content/uploads/2017/12/jintianyi.jpg,,连载中,
499,【漫画下载】剑风传奇（烙印战士/BERSERK）【连载中】,三浦建太郎,,,http://www.cc-pdf.com/wp-content/uploads/2017/12/berserk.jpg,,连载中,
501,【漫画下载】奈奈与薰的SM日记,甘诘留太,,,http://www.cc-pdf.com/wp-content/uploads/2017/12/nnyx.jpg,,完结,
503,【漫画系列】机器猫（哆啦A梦）全系列,藤子不二雄,,,http://www.cc-pdf.com/wp-content/uploads/2017/12/网站570x300-副本-8.jpg,,完结,
,,,,,,,,
55,【免费下载】侠王传,郑又菁,,,http://www.cc-pdf.com/wp-content/uploads/2019/01/770X300-副本-2-570x300.jpg,,完结,
56,【漫画下载】暴力中毒,马荣成,,,http://www.cc-pdf.com/wp-content/uploads/2019/01/770X300-副本-1-570x300.jpg,,完结,
57,【漫画下载】再造空间/B.O.B/Bron Of Brave,司徒剑侨,,,http://www.cc-pdf.com/wp-content/uploads/2019/01/770X300-副本-570x300.jpg,,完结,
58,【漫画下载】拳皇系列23期2009：拳皇2009/拳皇XII,邱福龙,,,http://www.cc-pdf.com/wp-content/uploads/2018/12/770X300-副本-79-570x300.jpg,,完结,
59,【漫画下载】拳皇系列22期2000：拳皇2004-拳皇新传极限冲击,永仁+蔡景东,,,http://www.cc-pdf.com/wp-content/uploads/2018/12/770X300-副本-78-570x300.jpg,,完结,
60,【漫画下载】拳皇系列16期2000：街霸VS拳皇外传,许景琛,,,http://www.cc-pdf.com/wp-content/uploads/2018/12/770X300-副本-77-570x300.jpg,,完结,
61,【漫画下载】拳皇系列15期2000：街霸VS拳皇,许景琛,,,http://www.cc-pdf.com/wp-content/uploads/2018/12/770X300-副本-76-570x300.jpg,,完结,
62,【漫画下载】拳皇系列21期2003：拳皇VS卡普空,岑卓华,,,http://www.cc-pdf.com/wp-content/uploads/2018/12/770X300-副本-75-570x300.jpg,,完结,
63,【漫画下载】拳皇系列20期2003：拳皇2003之超战篇FXO,永仁+蔡景东,,,http://www.cc-pdf.com/wp-content/uploads/2018/12/770X300-副本-74-570x300.jpg,,完结,
64,【漫画下载】拳皇系列19期2003：拳皇2003,永仁+蔡景东,,,http://www.cc-pdf.com/wp-content/uploads/2018/12/770X300-副本-73-570x300.jpg,,完结,
65,【漫画下载】拳皇系列18期2002：拳皇2002,永仁+蔡景东,,,http://www.cc-pdf.com/wp-content/uploads/2018/12/770X300-副本-72-570x300.jpg,,完结,
66,【免费下载】拳皇系列17期2001：拳皇2001,永仁+蔡景东,,,http://www.cc-pdf.com/wp-content/uploads/2018/12/770X300-副本-71-570x300.jpg,,完结,
67,【漫画下载】拳皇系列14期2000：拳皇Z,司徒剑侨,,,http://www.cc-pdf.com/wp-content/uploads/2018/12/770X300-副本-70-570x300.jpg,,完结,
68,【漫画下载】拳皇系列13期2000：拳皇2000之OX篇,司徒剑侨,,,http://www.cc-pdf.com/wp-content/uploads/2018/12/770X300-副本-69-570x300.jpg,,完结,
69,【漫画下载】拳皇系列12期2000：拳皇2000,司徒剑侨,,,http://www.cc-pdf.com/wp-content/uploads/2018/12/770X300-副本-68-570x300.jpg,,完结,
70,【漫画下载】拳皇系列11期1999：拳皇之后-武力One,李卓华,,,http://www.cc-pdf.com/wp-content/uploads/2018/12/770X300-副本-67-570x300.jpg,,完结,
71,【漫画下载】拳皇系列10期1999：拳皇EVOLUTION,李高,,,http://www.cc-pdf.com/wp-content/uploads/2018/12/770X300-副本-66-570x300.jpg,,完结,
72,【漫画下载】拳皇系列09期1999：拳皇99,许景琛,,,http://www.cc-pdf.com/wp-content/uploads/2018/12/770X300-副本-65-570x300.jpg,,完结,
73,【免费下载】拳皇系列08期：拳皇Special,邓耀荣+陈佳华,,,http://www.cc-pdf.com/wp-content/uploads/2018/12/770X300-副本-64-570x300.jpg,,完结,
74,【漫画下载】拳皇系列07期KOF1998：拳皇98,邓耀荣+陈佳华,,,http://www.cc-pdf.com/wp-content/uploads/2018/12/770X300-副本-63-570x300.jpg,,完结,
75,【漫画下载】拳皇系列06期1997：拳皇97/格斗天王97,邓耀荣+陈佳华,,,http://www.cc-pdf.com/wp-content/uploads/2018/12/770X300-恢复的-恢复的-副本-570x300.jpg,,完结,
76,【漫画下载】拳皇系列05期1996：拳皇96,邓耀荣+郑健和,,,http://www.cc-pdf.com/wp-content/uploads/2018/12/770X300-恢复的-副本-4-570x300.jpg,,完结,
77,【免费下载】拳皇系列04期1995：拳皇95,岑卓华,,,http://www.cc-pdf.com/wp-content/uploads/2018/12/770X300-恢复的-副本-3-570x300.jpg,,完结,
78,【漫画下载】拳皇系列03期前传：拳皇R,司徒剑侨,,,http://www.cc-pdf.com/wp-content/uploads/2018/12/770X300-恢复的-副本-2-570x300.jpg,,完结,
79,【漫画下载】拳皇系列02期：草S京,夏元雅人,,,http://www.cc-pdf.com/wp-content/uploads/2018/12/770X300-恢复的-副本-1-570x300.jpg,,完结,
80,【漫画下载】拳皇系列01期：八神,邓耀荣,,,http://www.cc-pdf.com/wp-content/uploads/2018/12/770X300-恢复的-副本-570x300.jpg,,完结,
83,【免费下载】霸刀外传霸刀无敌篇,冯志明,,,http://www.cc-pdf.com/wp-content/uploads/2018/12/770X300-副本-60-570x300.jpg,,完结,
84,【免费下载】中华英雄2013,马荣成,,,http://www.cc-pdf.com/wp-content/uploads/2018/12/770X300-副本-59-570x300.jpg,,完结,
85,【免费下载】英雄,马荣成,,,http://www.cc-pdf.com/wp-content/uploads/2018/12/770X300-副本-58-570x300.jpg,,完结,
86,【免费下载】天极阎王,马荣成,,,http://www.cc-pdf.com/wp-content/uploads/2018/12/770X300-副本-57-570x300.jpg,,完结,
87,【免费下载】极速传说,马荣成,,,http://www.cc-pdf.com/wp-content/uploads/2018/12/770X300-副本-56-570x300.jpg,,完结,
88,【免费下载】鬼幕,马荣成,,,http://www.cc-pdf.com/wp-content/uploads/2018/12/770X300-副本-55-570x300.jpg,,完结,
89,【漫画下载】英雄无泪,马荣成,,,http://www.cc-pdf.com/wp-content/uploads/2018/12/770X300-副本-54-570x300.jpg,,完结,
90,【免费下载】雪山飞狐,马荣成,,,http://www.cc-pdf.com/wp-content/uploads/2018/12/770X300-副本-53-570x300.jpg,,完结,
91,【漫画下载】七种武器,马荣成,,,http://www.cc-pdf.com/wp-content/uploads/2018/12/770X300-副本-52-570x300.jpg,,完结,
92,【免费下载】风流,马荣成,,,http://www.cc-pdf.com/wp-content/uploads/2018/12/770X300-副本-51-570x300.jpg,,完结,
96,【免费下载】斗神,郑问,,,http://www.cc-pdf.com/wp-content/uploads/2018/12/770X300-副本-39-570x300.jpg,,完结,
97,【免费下载】刺客列传,郑问,,,http://www.cc-pdf.com/wp-content/uploads/2018/12/770X300-副本-38-570x300.jpg,,完结,
98,【免费下载】始皇,郑问,,,http://www.cc-pdf.com/wp-content/uploads/2018/12/770X300-副本-37-570x300.jpg,,完结,
99,【免费下载】万岁,郑问,,,http://www.cc-pdf.com/wp-content/uploads/2018/12/‘-570x300.jpg,,完结,
101,【漫画下载】龙虎门（小流氓）,黄玉郎,,,http://www.cc-pdf.com/wp-content/uploads/2018/12/770X300-副本-33-570x300.jpg,,完结,
102,【免费下载】王风雷传2,黄玉郎,,,http://www.cc-pdf.com/wp-content/uploads/2018/12/770X300-副本-32-570x300.jpg,,完结,
103,【漫画下载】王风雷传,黄玉郎,,,http://www.cc-pdf.com/wp-content/uploads/2018/12/770X300-副本-31-570x300.jpg,,完结,
104,【漫画下载】天龙八部,黄玉郎,,,http://www.cc-pdf.com/wp-content/uploads/2018/12/770X300-副本-5-570x300.jpg,,完结,
105,【漫画下载】如来神掌,黄玉郎,,,http://www.cc-pdf.com/wp-content/uploads/2018/12/770X300-副本-29-570x300.jpg,,完结,
107,【免费下载】鹿鼎记,黄玉郎,,,http://www.cc-pdf.com/wp-content/uploads/2018/12/770X300-副本-27-570x300.jpg,,完结,
108,【免费下载】竞雄女侠秋瑾,黄玉郎,,,http://www.cc-pdf.com/wp-content/uploads/2018/12/770X300-副本-26-570x300.jpg,,完结,
109,【漫画下载】龙虎门-新著龙虎门外传-东方真龙,黄玉郎,,,http://www.cc-pdf.com/wp-content/uploads/2018/12/770X300-副本-25-570x300.jpg,,完结,
110,【漫画下载】覆雨翻云2,邱福龙,,,http://www.cc-pdf.com/wp-content/uploads/2018/12/770X300-副本-19-570x300.jpg,,完结,
111,【漫画下载】覆雨翻云,邱福龙,,,http://www.cc-pdf.com/wp-content/uploads/2018/12/770X300-副本-18-570x300.jpg,,完结,
113,【免费下载】小魔神,邱福龙,,,http://www.cc-pdf.com/wp-content/uploads/2018/12/770X300-副本-16-570x300.jpg,,完结,
138,【漫画下载】佣兵天下,黄玉郎,,,http://www.cc-pdf.com/wp-content/uploads/2018/11/770X300-恢复的-副本-3-570x300.jpg,,完结,
139,【免费下载】大剑师,黄玉郎,,,http://www.cc-pdf.com/wp-content/uploads/2018/11/770X300-恢复的-副本-2-570x300.jpg,,完结,
141,【漫画下载】新著四大名捕,司徒剑侨,,,http://www.cc-pdf.com/wp-content/uploads/2018/11/770X300-副本-15-570x300.jpg,,完结,
142,【漫画下载】四大名捕,司徒剑侨,,,http://www.cc-pdf.com/wp-content/uploads/2018/11/770X300-副本-14-570x300.jpg,,完结,
143,【免费下载】黄玉郎+笑傲星河,黄玉郎+何志文,,,http://www.cc-pdf.com/wp-content/uploads/2018/11/770X300-副本-13-570x300.jpg,,完结,
144,【免费下载】天外玄侠,许景琛,,,http://www.cc-pdf.com/wp-content/uploads/2018/11/770X300-副本-12-570x300.jpg,,完结,
145,【漫画下载】神州奇侠,冯志明,,,http://www.cc-pdf.com/wp-content/uploads/2018/11/770X300-副本-11-570x300.jpg,,完结,
146,【免费下载】霹雳狂龙,黄玉郎+叶明发,,,http://www.cc-pdf.com/wp-content/uploads/2018/11/770X300-副本-10-570x300.jpg,,完结,
148,【免费下载】蝙蝠侠,黄玉郎,,,http://www.cc-pdf.com/wp-content/uploads/2018/11/770X300-副本-9-570x300.jpg,,完结,
163,【免费下载漫画下载】新著龙虎门前传火云邪神,黄玉郎+邱福龙,,,http://www.cc-pdf.com/wp-content/uploads/2018/10/570x300-副本-4-570x300.jpg,,完结,
164,【免费下载漫画下载】龙虎五世/龙虎5世，三部曲,黄玉郎,,,http://www.cc-pdf.com/wp-content/uploads/2018/10/570x300-副本-3-570x300.jpg,,完结,
171,【漫画下载】笑傲江湖,李志清,,,http://www.cc-pdf.com/wp-content/uploads/2018/09/570x300-恢复的-副本-570x300.jpg,,完结,
166,【免费下载】虎男,许景琛,,,http://www.cc-pdf.com/wp-content/uploads/2018/10/570x300-副本1-570x300.jpg,,完结,
167,【漫画下载】绝代英雄,永仁+黄永高,,,http://www.cc-pdf.com/wp-content/uploads/2018/10/570x300-副本-1-570x300.jpg,,完结,
168,【漫画下载】醉拳-新著醉拳,永仁+蔡景东,,,http://www.cc-pdf.com/wp-content/uploads/2018/10/570x300-副本-570x300.jpg,,完结,
,,,,,,,,
,,,,,,,,
,,,,,,,,
173,【漫画下载】天子传奇8-苍天霸王,黄玉郎,,,http://www.cc-pdf.com/wp-content/uploads/2018/09/570x300-恢复的-副本-3-570x300.jpg,,完结,
174,【漫画下载】天子传奇7-三国骄皇,黄玉郎,,,http://www.cc-pdf.com/wp-content/uploads/2018/09/570x300-恢复的-副本-4-570x300.jpg,,完结,
175,【漫画下载】天子传奇6-洪武大帝,黄玉郎,,,http://www.cc-pdf.com/wp-content/uploads/2018/09/570x300-恢复的-副本-5-570x300.jpg,,完结,
176,【漫画下载】天子传奇5-如来神掌,黄玉郎,,,http://www.cc-pdf.com/wp-content/uploads/2018/09/570x300-恢复的-副本-6-570x300.jpg,,完结,
177,【漫画下载】天子传奇4-大唐威龙,黄玉郎,,,http://www.cc-pdf.com/wp-content/uploads/2018/09/570x300-恢复的-副本-7-570x300.jpg,,完结,
178,【免费下载】天子传奇3-流氓天子,黄玉郎,,,http://www.cc-pdf.com/wp-content/uploads/2018/09/570x300-恢复的-副本-8-570x300.jpg,,完结,
179,【漫画下载】天子传奇2-羸政篇,黄玉郎,,,http://www.cc-pdf.com/wp-content/uploads/2018/09/570x300-恢复的-副本-9-570x300.jpg,,完结,
180,【漫画下载】天子传奇1-姬发篇,黄玉郎,,,http://www.cc-pdf.com/wp-content/uploads/2018/09/570x300-恢复的-副本-10-570x300.jpg,,完结,
194,【免费下载】沈虎禅大传,马荣成+叶明发,,,http://www.cc-pdf.com/wp-content/uploads/2018/08/网站570x300-副本-8.jpg,,完结,
195,【免费下载】东英耀扬,牛佬,,,http://www.cc-pdf.com/wp-content/uploads/2018/08/网站570x300-副本-7.jpg,,完结,
197,【免费下载】醉拳王无忌,黄玉郎,,,http://www.cc-pdf.com/wp-content/uploads/2018/08/网站570x300-副本-5.jpg,,完结,
199,【漫画下载】新著龙虎门【连载中】,黄玉郎,,,http://www.cc-pdf.com/wp-content/uploads/2018/08/网站570x300-副本-3.jpg,,连载中,
200,【漫免费】侠客行,黄玉郎+林业庆,,,http://www.cc-pdf.com/wp-content/uploads/2018/08/网站570x300-副本-2.jpg,,完结,
201,【免费下载】霹雳龙神,周圣+胡绍权,,,http://www.cc-pdf.com/wp-content/uploads/2018/08/770X300-副本-570x300.jpg,,完结,
204,【免费下载】神少,叶精作,,,http://www.cc-pdf.com/wp-content/uploads/2018/07/770X300-恢复的-副本-570x300.jpg,,完结,
205,【漫画下载】倚天屠龙记,马荣成,,,http://www.cc-pdf.com/wp-content/uploads/2018/07/770X300-副本-570x300.jpg,,完结,
206,【免费下载】书剑恩仇录,何志文,,,http://www.cc-pdf.com/wp-content/uploads/2018/07/网站570x300-副本-1.jpg,,完结,
207,【漫画下载】欢场大哥,牛佬,,,http://www.cc-pdf.com/wp-content/uploads/2018/07/网站570x300-副本.jpg,,完结,
210,【漫画下载】红灯区,牛佬,,,http://www.cc-pdf.com/wp-content/uploads/2018/06/网站570x300-副本-8.jpg,,完结,
211,【免费下载】海虎无限,邓志辉+温日良,,,http://www.cc-pdf.com/wp-content/uploads/2018/06/网站570x300-副本-7.jpg,,完结,
212,【免费下载】中华英雄前传,马荣成,,,http://www.cc-pdf.com/wp-content/uploads/2018/06/网站570x300-副本1-2.jpg,,完结,
213,【漫画下载】中华英雄,马荣成,,,http://www.cc-pdf.com/wp-content/uploads/2018/06/网站570x300-副本-6.jpg,,完结,
214,【免费下载】电影龙虎门,黄玉郎,,,http://www.cc-pdf.com/wp-content/uploads/2018/06/网站570x300-副本-5.jpg,,完结,
215,【免费下载】黄玉郎+叶明发 C 说英雄谁是英雄,黄玉郎+叶明发,,,http://www.cc-pdf.com/wp-content/uploads/2018/06/网站570x300-副本-4.jpg,,完结,
216,【漫画下载】霸刀,冯志明,,,http://www.cc-pdf.com/wp-content/uploads/2018/06/网站570x300-副本1-1.jpg,,完结,
217,【免费下载】石黑龙传,黄玉郎,,,http://www.cc-pdf.com/wp-content/uploads/2018/06/网站570x300-副本-2.jpg,,完结,
218,【漫画下载】温瑞安群侠传2,司徒剑侨,,,http://www.cc-pdf.com/wp-content/uploads/2018/06/网站570x300-副本-1.jpg,,完结,
219,【漫画下载】温瑞安群侠传,司徒剑侨,,,http://www.cc-pdf.com/wp-content/uploads/2018/06/网站570x300-副本1.jpg,,完结,
,,,,,,,,
222,【漫画系列】神兵玄奇系列全集,黄玉郎,,,http://www.cc-pdf.com/wp-content/uploads/2018/05/网站570x300-副本-1.jpg,,完结,
223,【漫画下载】黑豹列传,马荣成,,,http://www.cc-pdf.com/wp-content/uploads/2018/05/网站570x300-副本.jpg,,完结,
225,【漫画下载】封神纪/武庚纪（三部合集）【PDF版】,郑健和,,,http://www.cc-pdf.com/wp-content/uploads/2018/05/770X300-副本-570x300.jpg,,完结,
226,【漫画下载】八仙道,司徒剑侨,,,http://www.cc-pdf.com/wp-content/uploads/2018/05/网站570x300-恢复的-副本-5.jpg,,完结,
228,【免费下载】脱北者,郑健和,,,http://www.cc-pdf.com/wp-content/uploads/2018/05/770X300-恢复的-副本-1-570x300.jpg,,完结,
229,【免费下载】神兵斗者,司徒剑侨,,,http://www.cc-pdf.com/wp-content/uploads/2018/05/网站570x300-恢复的-副本-1.jpg,,完结,
230,【免费下载】风林火山,郑健和,,,http://www.cc-pdf.com/wp-content/uploads/2018/05/770X300-恢复的-副本-2-570x300.jpg,,完结,
231,【免费下载】神兵科幻纪,黄玉郎,,,http://www.cc-pdf.com/wp-content/uploads/2018/05/1.jpg,,完结,
303,【漫画下载】深邃美丽的亚细亚,郑问,,,http://www.cc-pdf.com/wp-content/uploads/2018/01/ssml.jpg,,完结,
