874,姉妹いずむ,cartoon-cover/20191122/1574414394468.jpg,1
873,らぶらぶSHOW,cartoon-cover/20191121/1574327352591.jpg,1
872,いつセックスするの、今でしょ,cartoon-cover/20191121/1574328886167.jpg,1
871,女教師ハント 女教師狩獵記,cartoon-cover/20191116/1573901336939.jpg,1
870,無底限精力解放宣言,cartoon-cover/20191115/157381910348.jpg,1
869,いろはにほへと 淫艷花的色與味,cartoon-cover/20191115/1573818751609.jpg,1
868,溺愛交尾,cartoon-cover/20191113/1573616822681.jpg,1
867,ビッチ多め、ときどき処女 淫蕩女很多、有時有處女,cartoon-cover/20191113/1573613419376.jpg,1
866,エロいオンナ 好色的女人們,cartoon-cover/20191112/1573562675492.jpg,1
865,真面目でメガネなおっぱい達,cartoon-cover/20191108/1573190193826.jpg,1
863,君が好き，好喜歡你,cartoon-cover/20191108/1573186844800.jpg,1
862,恋するケモノと人外は…,cartoon-cover/20191108/1573184976984.jpg,1
861,くノ一淫縛大戦,cartoon-cover/20191107/1573099158328.jpg,1
860,♥ 柔嫩欲滴巨乳的美麗大姊姊♥,cartoon-cover/20191107/1573097520201.jpg,1
859,濕濕黏黏的被疼愛,cartoon-cover/20191107/157309572819.jpg,1
858,恋乳ているず あんこ～る！ 戀乳情慾小品 安可安~可！,cartoon-cover/20191106/1573014557363.jpg,1
857,clone人間,cartoon-cover/20191106/1573010420867.jpg,1
856,ふしだら吐息 淫亂微熱吐息,cartoon-cover/20191106/1573008882112.jpg,1
855,熟メス♀ 熟淫牝♀,cartoon-cover/20191105/1572940552765.jpg,1
854,ふわとろ巨乳なおねーさん,cartoon-cover/20191105/1572937968929.jpg,1
853,熟メス♀,cartoon-cover/20191105/1572928489844.jpg,1
852,M女専科,cartoon-cover/20191104/1572861684441.jpg,1
851,母姉W相姦,cartoon-cover/20191104/1572858120937.jpg,1
850,舞FAVORITE,cartoon-cover/20191104/1572838355511.jpg,1
849,教师阿姨,cartoon-cover/20191104/1572837018150.jpg,1
848,♥Sisters,cartoon-cover/20191104/1572835648842.jpg,1
847,人妻物語 ,cartoon-cover/20191103/1572773045234.jpg,1
846,LOVE SELECTION,cartoon-cover/20191102/1572691483826.jpg,1
845,性純乙女,cartoon-cover/20191102/1572689047450.jpg,1
844,STRINGENDO[黑翼幻獄城],cartoon-cover/20191102/1572686184559.jpg,1
600,別冊コミックアンリアル TSビッチ～ヤりたがり女体化美少女たち～,manga-cover/20190921/1569058959738.jpg,1
599,過酷少女絵録・惨,manga-cover/20190921/1569058427315.jpg,1
598,娼公女みゆき ～薄幸少女凌辱物語～,manga-cover/20190921/1569057669328.jpg,1
597,色恋少女 ,manga-cover/20190921/1569035738146.jpg,1
592, アニメーター、家出少女を拾う,manga-cover/20190918/1568790722390.jpg,1
591,魔法少女まどか☆マギカ,manga-cover/20190918/1568782986350.jpg,1
589,こうかん☆にっき 同じアパートの少女にただただれいぷ(和姦)するだけの本 ,manga-cover/20190918/1568776138460.jpg,1
587, 少女倶楽部,manga-cover/20190916/1568637080716.jpg,1
586,少女神,manga-cover/20190916/1568636051238.jpg,1
585,魔法少女まどか☆マギカ,manga-cover/20190916/1568635189931.jpg,1
584,理不尽少女XVI,manga-cover/20190916/1568635122539.jpg,1
582,少女連続誘拐事件 裸のぬるぬるアイランド,manga-cover/20190916/1568634132125.jpg,1
581,ノラネコ少女との暮らしかた ,manga-cover/20190916/1568631706765.jpg,1
580,少女肉欲痴態~ラストフルフ,manga-cover/20190916/1568630939856.jpg,1
574,少女姦察日記,manga-cover/20190909/1568004484162.jpg,1
572,神待ち家出少女,manga-cover/20190909/1568003571700.jpg,1
569,如何使用娃娃,manga-cover/20190909/1568002650706.png,1
565,露出少女日記,manga-cover/20190907/1567846793527.jpg,1
562,少女が堕ちる触手の宴 ,manga-cover/20190907/1567845614705.png,1
561,猥褻少女,manga-cover/20190907/1567843646576.jpg,1
560,二次元ど素人娘生中出し1フェイトちゃん●9歳,manga-cover/20190906/1567738237848.jpg,1
559,提督の中休み。改,manga-cover/20190906/1567738202599.jpg,1
556,発情!少女エクスタシー,manga-cover/20190906/1567737256447.jpg,1
553,過酷少女絵録・惨,manga-cover/20190904/1567600300520.jpg,1
552,絶望少女群,manga-cover/20190904/1567599366339.jpg,1
549,思春期セックス ,manga-cover/20190904/1567598292369.jpg,1
544,部活少女パラダイス 汗っかきの天使たち,manga-cover/20190903/1567510859469.jpg,1
542,四肢切断少女拷問虐待館,manga-cover/20190902/1567428060255.jpg,1
541,そして僕は少女になる,manga-cover/20190902/1567427864765.jpg,1
540,淫靡豊満な住民たち~おもらし少女、しかも処女~ ,manga-cover/20190902/1567426748826.jpg,1
537,排泄少女 総集編,manga-cover/20190902/1567426116217.jpg,1
536,官能小説少女,manga-cover/20190901/1567332895441.jpg,1
535,～奪ワレタ少女ノカラダ～ ,cartoon-cover/20191119/1574173149209.jpg,1
532, 通販少女 -妹といっしょ,manga-cover/20190901/1567330991486.jpg,1
531,被搞壞的美少女,manga-cover/20190901/1567330177945.jpg,1
530, 少女は犬の夢を見る,manga-cover/20190831/1567254638915.jpg,1
529,魔法少女マジカルなごみ ,manga-cover/20190831/1567254558755.jpg,1
527,淫靡豊満的女房客們 ～漏尿的少女、還是個處女～,manga-cover/20190831/1567252478885.jpg,1
525,等待援交少女,manga-cover/20190831/1567251533967.jpg,1
524,いんらん少女辞典,manga-cover/20190830/1567162758265.jpg,1
523,精飲少女,manga-cover/20190830/1567162009178.jpg,1
522,疲れた貴方を癒やしてくれるリリカル魔法少女,cartoon-cover/20191119/1574172521256.jpg,1
520,思春期のココロ,manga-cover/20190829/1567084167729.jpg,1
518,青春少女主義 ,manga-cover/20190829/1567083323236.jpg,1
516,少女M,manga-cover/20190829/15670827284.jpg,1
511,制服処女これくしょん,cartoon-cover/20191119/1574171674320.jpg,1
509,制服乙女想,manga-cover/20190828/1566968913461.jpg,1
508,制服発情も～ど,manga-cover/20190827/1566911386833.jpg,1
505,催淫制服処女,manga-cover/20190826/1566825428103.jpg,1
502,制服のまま愛しなさいっ,manga-cover/20190826/1566794454890.jpg,1
501,制服の奥の気持ちいいトコ,cartoon-cover/20191119/1574171490385.jpg,1
500,制服JK,manga-cover/20190825/1566721920919.jpg,1
498,ずぶ濡れ制服娘に媚薬を飲ませて連続中出し～るみちゃんは欲求不満～,manga-cover/20190825/1566720767764.jpg,1
497,制服至上主義ー冬ー,manga-cover/20190825/1566715932913.jpg,1
495,チマメ制服いかがですか?,manga-cover/20190825/1566715728466.png,1
494,おママごと 長谷川さんちの親子関係,manga-cover/20190825/1566715392736.jpg,1
493,制服ギャルと童貞教師の秘密の性教育,manga-cover/20190825/1566715292379.jpg,1
492,制服至上主義-夏-,manga-cover/20190825/1566713239879.jpg,1
491,制服美少女,manga-cover/20190825/1566712098881.jpg,1
490,我在膣內射精能拯救整個世界的理由,manga-cover/20190824/1566620702222.jpg,1
485,給我閉嘴在體內射出來吧,manga-cover/20190824/1566616944622.jpg,1
484,啊啊、射出來了,manga-cover/20190824/1566615986476.jpg,1
483,生ハメ膣出し洗脳中 生插入膣射出洗腦中,manga-cover/20190824/1566614251417.jpg,1
482,膣射出汁溢出 巨乳授業,manga-cover/20190823/1566536711827.jpg,1
481,愛棒 膣內射出也沒關係唷♥,manga-cover/20190823/156653567261.jpg,1
480,子宮之扉被硬撐開來了,manga-cover/20190823/1566534720872.jpg,1
479,兒子不聽話硬要射進來所以作為懲罰晚餐給他吃滿滿的滾燙炒青椒漢化母,manga-cover/20190823/1566534577683.jpg,1
477,彼女がする太くて硬いモノ ,manga-cover/20190823/1566533670386.jpg,1
476,好想強壓硬上妳喔,manga-cover/20190823/1566532560481.jpg,1
474,硬挺又粗大又熱的那個♡,manga-cover/20190823/1566527824381.jpg,1
472,痴女のアナ,manga-cover/20190822/1566452832703.jpg,1
471,女子穴·志穂 ―人妻キャス,cartoon-cover/20191119/1574163137746.jpg,1
470,射精管理的女装M人偶-典子是妈妈的变态屁眼露出奴隶,manga-cover/20190822/1566449302899.jpg,1
467,女教師恥穴授業,manga-cover/20190822/1566445394944.jpg,1
466,[早乙女もんどのすけ] 彼女の穴。 [中,manga-cover/20190822/1566443821645.jpg,1
463,玩弄菊穴的女明星,manga-cover/20190821/1566361013786.jpg,1
462,痴女讓我硬梆梆,manga-cover/20190821/156635969484.jpg,1
460,人間操りスマホ～強制コントロー,manga-cover/20190821/1566359454905.jpg,1
459,女淫ホール,manga-cover/20190821/15663585659.jpg,1
458, 小穴穴的搓洗達人!我和那傢伙在女湯裡!?,manga-cover/20190821/1566357859511.jpg,1
457,女地獄、肉之壺 ~変態類淫乱科淫母豬一代記,manga-cover/20190821/1566356703801.jpg,1
455,母さんの女穴『あな』つかわせて ～前編～ ,manga-cover/20190821/1566356005821.jpg,1
453,いかにして母は女を解放したか 2,manga-cover/20190820/1566281570153.jpg,1
451,乳奴隷～母娘ご懐妊～ 乳奴隸-母女都懷孕,manga-cover/20190820/1566277724512.jpg,1
450,淫悦の母娘～淑女が雌に堕ちるとき～,manga-cover/20190820/1566276064980.jpg,1
449,當母親是個普通女人時,manga-cover/20190820/1566274547124.jpg,1
447,二人の迷宮王女 ～ふたなり母姉妹の溺愛ハーレム～,manga-cover/20190820/1566272804970.jpg,1
446,美少女ヴァンパイアに母乳ドリン,manga-cover/20190820/1566270350420.jpg,1
445,俺の母さんは親父の女,manga-cover/20190820/1566270198360.jpg,1
443,ヌキJKとコキJK ,manga-cover/20190819/1566200564829.jpg,1
439,純粋性妻,manga-cover/20190819/1566199347696.jpg,1
438,性少女魔法力,manga-cover/20190819/1566197264667.jpg,1
437,魔性の甘体,manga-cover/20190819/1566197168474.jpg,1
436,エルフの国の宮廷魔導師になれたので姫様に性的な悪戯をしてみた ,manga-cover/20190819/1566193625866.jpg,1
435,僕が芸能3姉妹の性奴隷になった結果,manga-cover/20190819/1566192568735.jpg,1
434,聖百合ヶ丘女学園性奴会,manga-cover/20190819/1566190073772.jpg,1
433,性奴隷捕虜生活～衒られた女の歩む道～,manga-cover/20190819/1566189824887.jpg,1
432,僕だけの爆乳オナメイド 上,manga-cover/20190819/1566188888714.jpg,1
431,恋母性活～ママの爆乳は僕のもの～,manga-cover/20190819/1566184398525.jpg,1
428, ムチムチ母娘とハメ放題！～巨乳な彼女の母親は更にボインな爆乳熟女でした～ ,manga-cover/20190817/1565978942127.jpg,1
426,人妻ぢごく楼,manga-cover/20190817/1565978030337.jpg,1
425,想要和人妻們嘿咻看看嗎? ,manga-cover/20190817/1565977212135.jpg,1
424,変態人妻解放区,manga-cover/20190817/1565976489667.jpg,1
423,隣のHな人妻達,manga-cover/20190817/1565975557413.jpg,1
422,身為人妻的生活,manga-cover/20190816/1565969306866.jpg,1
421,熟人妻們的淫亂溼潤果肉,manga-cover/20190816/1565962427741.jpg,1
420,国立人妻学園 ,manga-cover/20190814/156575159083.jpg,1
419,墮妻 人妻為名的假面具被剝了下來,manga-cover/20190813/1565667083333.jpg,1
418,搾精女子,manga-cover/20190813/1565666605917.jpg,1
413,被狙擊的淫臭熟母嗚咽哭泣的高潮醃漬,manga-cover/20190813/1565631015543.jpg,1
412,私だって必死でイクのガマ,manga-cover/20190813/1565629862486.jpg,1
411,濕潤高潮,manga-cover/20190813/1565628752119.jpg,1
410,委員長的小祕密 ～高潮的次數會顯露出來的世界～ 2,manga-cover/20190813/1565627997918.jpg,1
408,淫亂人妻進行式,manga-cover/20190812/1565620166617.jpg,1
407,孕ませ！人妻調教師 ,manga-cover/20190812/1565619250446.jpg,1
406,疼く人妻 ,manga-cover/20190812/1565618296736.jpg,1
405,接続された人妻,manga-cover/20190812/1565617274199.jpg,1
404,レンタル人妻マナカさん～パー,manga-cover/20190812/1565615434952.jpg,1
403,人妻教師狩り,manga-cover/20190812/156561443735.jpg,1
402,されたい人妻,manga-cover/20190812/1565612481518.jpg,1
401,人妻×寝取られ,manga-cover/20190812/1565611426260.jpg,1
399,人妻秘書室,manga-cover/20190812/1565607470544.jpg,1
398,人妻在溫泉旅館淫亂的交尾者,manga-cover/20190812/1565606380482.jpg,1
397,喫茶・人妻肉奴隷,manga-cover/20190812/1565605252262.jpg,1
396,人妻不信 〜淫欲に堕ちる爆乳達〜,manga-cover/20190812/1565604250276.jpg,1
395,人妻だけど! 愛シテるっ! ,manga-cover/20190812/1565603310105.jpg,1
394,関ヶ原商事人妻部 ,manga-cover/20190812/1565602288165.jpg,1
393,人妻奥突き乳悶絶!,manga-cover/20190812/1565601380277.jpg,1
392,人妻姦射祭,manga-cover/20190812/1565600304265.jpg,1
391,人妻肉人形まゆら,manga-cover/20190812/1565598200691.jpg,1
390,人妻的肉穴,manga-cover/20190812/1565597200971.jpg,1
389,人妻和儿子的朋友,manga-cover/20190812/1565596145897.jpg,1
388,性夺取的人妻,manga-cover/20190812/1565595096680.jpg,1
387,极上的人妻,manga-cover/20190812/1565594080400.jpg,1
386,袋男 人妻たちの秘密のバイ,manga-cover/20190812/156559323743.jpg,1
385,堕落性工作女子,manga-cover/20190812/1565592147118.jpg,1
384,义母的性饥渴,manga-cover/20190812/1565590300594.jpg,1
383,性保护过度的姐妹,manga-cover/20190812/156558901047.jpg,1
382,继父堕落性宠物,manga-cover/20190812/156558798419.jpg,1
381,魅惑的后宫般性感海岸,manga-cover/20190812/1565587120815.jpg,1
380,乳白色的淫靡记忆,manga-cover/20190812/1565586233718.jpg,1
379,学園性処理活動 ～チャイムの後は無限射精タイム～,manga-cover/20190812/1565585267172.jpg,1
378,义妹射精,manga-cover/20190812/1565584400707.jpg,1
377,桃尻女学生性春白书,manga-cover/20190812/156558326221.jpg,1
375,乱交舞会,manga-cover/20190812/1565582444221.jpg,1
374,乱交狂欢,manga-cover/20190812/1565581547340.jpg,1
373,好色的淫穴娘,manga-cover/20190812/156558049938.jpg,1
372,全都是好色的故事,manga-cover/20190812/1565579454952.jpg,1
371,这么好色，真抱歉喔？,manga-cover/20190812/1565578431706.jpg,1
370,即插入好色淫穴,manga-cover/20190812/156557744437.jpg,1
369,很好色的肉体顾问,manga-cover/20190812/1565576370867.jpg,1
368,プロトタイプ マド,manga-cover/20190812/1565575326992.jpg,1
367,淫荡好色痴女的大姊姊们,manga-cover/20190812/156557428372.jpg,1
366,超好色的教室,manga-cover/20190812/1565573229490.jpg,1
365,淫蜜狂溅,manga-cover/20190812/156557250368.jpg,1
364,性爱的蜜淫汁,manga-cover/20190812/1565571335303.jpg,1
363,发情美少女的淫荡蜜壶,manga-cover/20190812/156557030038.jpg,1
361,潜入妻サトミ 洗脳凌辱の記,manga-cover/20190812/1565567677143.jpg,1
360,卧底人妻里美洗脑凌辱的记录,manga-cover/20190812/1565566802718.jpg,1
359,美人编集长的秘密,manga-cover/20190812/1565565802777.jpg,1
358,人妻的品嚐美味食用法,manga-cover/20190812/1565565057663.jpg,1
357,美人三姉妹とラブホ始め,manga-cover/20190812/1565564143811.jpg,1
356,黑辣妹美少女她只有喜歡你一人,manga-cover/20190812/1565563219932.jpg,1
355,黒ギャルちゃんはキミだけが,manga-cover/20190812/1565562185452.jpg,1
354,美人三姊妹们一起来,manga-cover/20190812/1565561355608.jpg,1
353,初犬2,manga-cover/20190812/1565560635366.jpg,1
352,姦罪都市~エンドレスレイ,manga-cover/20190812/1565559974471.jpg,1
351,都市伝説ビッチ－女子怪－,manga-cover/20190812/1565559121225.jpg,1
350,龙城志立学园,manga-cover/20190812/1565558061454.jpg,1
349,鬼逝〜彻底鬼畜凌辱,manga-cover/20190812/1565557039516.jpg,1
348,初恋十色,manga-cover/20190812/1565556071966.jpg,1
347,初恋はチカンでした,manga-cover/20190812/156555507296.jpg,1
346,初恋融化,manga-cover/20190812/1565554089858.jpg,1
345,初恋巧克力,manga-cover/20190812/1565553138136.jpg,1
344,初恋,manga-cover/20190812/1565552138821.jpg,1
343,比起初恋还要更舒服,manga-cover/20190812/1565551148906.jpg,1
342,女孩子们好色的成年礼,manga-cover/20190812/1565550179931.jpg,1
341,初恋的旋律,manga-cover/20190812/1565549253409.jpg,1
340,別冊コミックアンリアル,manga-cover/20190812/1565548585229.jpg,1
339,小悪魔☆アラモード,manga-cover/20190812/156554774625.jpg,1
338,人妻不伦沼,manga-cover/20190812/1565546775906.jpg,1
336,ひめさまおとし,manga-cover/20190812/1565545096901.jpg,1
335,天幕圣母,cartoon-cover/20191107/15731261628.jpg,1
