1091,°®ÇéÆõÔ¼2,cartoon_cover/20191204/157544728884.jpg,1
900,Masochist-Ç±²ØµÄÓûÍû,cartoon_cover/20191127/157484249941.jpg,1
897,ÈıÈËĞĞ£¿,cartoon-cover/20191202/1575269600958.jpg,1
896,Õ÷·şÃÀÅ®¼Ç,cartoon-cover/20191202/1575270356934.jpg,1
893,°İÍĞÁËÈËÆŞ(ÈËÆŞ°ï°ïÃ¦),cartoon-cover/20191201/1575190360261.jpg,1
888,Ìå¸ĞÇéÈ¤ÓÃÆ·(·ÖÉí),cartoon-cover/20191202/1575271900263.jpg,1
877,°ÑÄãÍæ»µµô,cartoon_cover/20191127/157484248080.jpg,1
875,Èç´Ë¿É°®µÄ¼äµı?,cartoon_cover/20191127/157484247935.jpg,1
843,²»ÒªÅöÎÒ,cartoon-cover/20191018/157140268732.jpg,1
842,Ö÷²¥HÈÕ¼Ç,cartoon-cover/20191018/157140268674.jpg,1
841,Òù»ê±ğÉÏ´²,cartoon-cover/20191018/157140268646.jpg,1
840,·ôÇ³Å®,cartoon-cover/20191018/157140268611.jpg,1
838,Ö£Ö÷ÈÎÎªºÎÕâÑù,cartoon-cover/20191018/157140268338.jpg,1
837,ÓİÃÀÈË,cartoon-cover/20191018/157140268389.jpg,1
836,ÇéÃÔ×¡°ê,cartoon-cover/20191018/157140268380.jpg,1
835,ÖØ×ïÖ®µº,cartoon-cover/20191018/157140268218.jpg,1
834,Ê§×ã,cartoon-cover/20191018/157140268284.jpg,1
832,ÔË¶¯Ô±Å®º¢,cartoon-cover/a5a296ab2b6017d7ee348008a4037b7a.jpg,1
831,Š©Å®Ë¯×ÅÖ®ºó,cartoon-cover/20191018/157140268099.jpg,1
830,Ê¬È¥±¾ĞÔ,cartoon-cover/20191018/157140267931.jpg,1
827,ĞÔ¸ĞµÄ¸ßÊÖÃÇ,cartoon-cover/20191018/157140267825.jpg,1
826,¿É°®µÄ¼Ò»ï,cartoon-cover/20191018/157140267897.jpg,1
825,ÁÆÓıÅ®º¢£¨µÚ¶ş¼¾£©,cartoon-cover/20191018/157140267760.jpg,1
822,ÈËÍâÉçÇø,cartoon-cover/20191018/157140267627.jpg,1
821,ÁÆÓıÅ®º¢£¨µÚ1¼¾£©,cartoon-cover/20191018/157140267660.jpg,1
820,ĞÔÆïÊ¿ÃÇ,cartoon-cover/20191018/157140267618.jpg,1
818,ÈÕÄºÖ®Òâ,cartoon-cover/20191018/157140267576.jpg,1
816,Î¯ÍĞÉ±ÈË,cartoon-cover/20191018/157140267539.jpg,1
815,ÏÈ×öÔÙËµ,cartoon-cover/20191018/157140267434.jpg,1
813,ÎÒµÄÃØÃÜÅÚÓÑ,cartoon-cover/20191018/157140267498.jpg,1
812,ÎÒµÄ±äÌ¬Å®ÓÑ,cartoon-cover/20191018/157140267464.jpg,1
810,ÇÉÊÖ¸¾²ú¿Æ,cartoon-cover/20191018/157140267370.jpg,1
809,Ææ¹ÖµÄµ¼Ñİ,cartoon-cover/20191018/157140267239.jpg,1
808,Ë­°ÑËû¸ø³ÔÁË,cartoon-cover/20191018/157140267217.jpg,1
807,ÏëÏó¿ñÈÈ,cartoon-cover/20191018/157140267244.jpg,1
806,[BL]Ë®·ïÏÉ,cartoon-cover/20191018/157140267067.jpg,1
805,ÎÒµÄÊÀ½ç,cartoon-cover/20191018/157140267018.jpg,1
804,[BL]ÎüÑª¹íµÄÀÓÓ¡£¨µÚÒ¼¼¾£©,cartoon-cover/20191018/157140267047.jpg,1
803,µ÷½ÌÓĞ·òÅ®,cartoon-cover/20191018/157140267042.jpg,1
798,°®ÇéÆõÔ¼1,cartoon-cover/db0774434488ed9abd38bb70d0e10b8e.jpg,1
797,ËûÓëËıµÄÂŞÂüÊ·,cartoon-cover/20191018/157140266597.jpg,1
793,³¬ÄÜÁ¦Õß,cartoon-cover/20191018/157140266239.jpg,1
791,³ÉÈË¾º¼¼³¡,cartoon-cover/20191018/157140266122.jpg,1
788,É«»¨Ñ¨,cartoon-cover/20191018/157140266071.jpg,1
785,È¥ĞÒµº,cartoon-cover/20191018/157140265928.jpg,1
774,Á¶Óü¹íµº,cartoon-cover/20191018/157140265563.jpg,1
769,Éú´æÓÎÏ·,cartoon-cover/20191018/157140265291.jpg,1
766,ËıµÄĞÄÉù,cartoon-cover/20191018/157140265140.jpg,1
764,Ñ©»¨,cartoon-cover/20191018/157140265075.jpg,1
758,"°İÍĞ,¼éÊÓÎÒ°É",cartoon-cover/20191018/157140264766.jpg,1
750,Ø¬ÃÎ,cartoon-cover/20191018/157140264290.jpg,1
748,µ¥Éíç³ÎÅ,cartoon-cover/20191018/157140264288.jpg,1
747,³õÁµµÄÅ®¶ù,cartoon-cover/20191018/157140264144.jpg,1
746,´¦×ÓÁÔÈË,cartoon-cover/20191018/157140264160.jpg,1
745,ÍõÅÆ¾­¼ÍÈË,cartoon-cover/20191018/157140264146.jpg,1
744,³ÉÈË¾ãÀÖ²¿,cartoon-cover/20191018/157140264019.jpg,1
743,·òÈËµÄÀñÎï,cartoon-cover/20191018/157140264013.jpg,1
728,"Ç×°®µÄ,ÎÒàèÍÈÁË",cartoon-cover/20191018/157140263397.jpg,1
726,ÑıÅ®Ö®»ö,cartoon-cover/20191018/157140263258.jpg,1
725,³¬ºõÏëÏó,cartoon-cover/20191018/157140263230.jpg,1
723,²¹Ï°°àç³ÎÅ(ÍÊÏÂÇàÉ¬),cartoon-cover/20191018/157140263079.jpg,1
722,ÖĞ¶¾,cartoon-cover/20191018/157140263047.jpg,1
721,ÓÕ»ó·ÅÓ²»ú,cartoon-cover/20191018/157140263072.jpg,1
720,ÉñÃØ°ó¼Ü·¸,cartoon-cover/20191018/157140262967.jpg,1
717,¶ñÅ®À´ÁËÇëĞ¡ĞÄ,cartoon-cover/20191018/157140262943.jpg,1
716,°×ÁìÀöÈË£¨È«Èı¼¾£©,cartoon-cover/20191018/157140262887.jpg,1
715,Settia£¨BL£©,cartoon-cover/20191018/157140262893.jpg,1
714,´¿ÁµÊ§½¹£¨BL£©,cartoon-cover/20191018/157140262740.jpg,1
713,´¿GayÅàÑµËù£¨BL£©,cartoon-cover/20191018/157140262767.jpg,1
712,Å®ËŞÉá¹ÜÀíÔ±,cartoon-cover/20191018/157140262668.jpg,1
710,Ã÷ÖÇµÄÉú»î£¨BL£©,cartoon-cover/20191018/157140262581.jpg,1
708,ºÉ¶ûÃÉÍõ,cartoon-cover/20191018/157140262430.jpg,1
707,Love Outsider,cartoon-cover/20191018/157140262499.jpg,1
706,Keymaker,cartoon-cover/20191018/157140262413.jpg,1
705,Casting Couch,cartoon-cover/20191018/157140262410.jpg,1
704,LiSTeN,cartoon-cover/20191018/157140262353.jpg,1
703,²»Á¼·¿¶«,cartoon-cover/20191018/157140262355.jpg,1
702,Á½¸öÀÏÆÅ(¼ÒÓĞË«ÆŞ),cartoon-cover/20191201/1575191009391.jpg,1
701,ÃÎÓÎ(Ë«ÃæÈËÉú),cartoon-cover/20191018/157140262356.jpg,1
700,¿É°®µÄ¼Ò»ïCC,cartoon-cover/20191018/157140262262.jpg,1
698,Î´ÍöÈË,cartoon-cover/20191018/157140262140.jpg,1
697,¼ÏËø,cartoon-cover/20191018/157140262172.jpg,1
696,ÎÒµÄÒ°ÂùÊÒÓÑ,cartoon-cover/20191018/157140262122.jpg,1
695,15ÉÙÅ®Æ¯Á÷¼Ç,cartoon-cover/20191018/157140262192.jpg,1
692,ÈÎºÎĞ¡½ã,cartoon-cover/20191018/157140262091.jpg,1
690,ÈËÆŞºÃÏëÒª(ÓûÍûÈËÆŞ),cartoon-cover/20191018/157140261995.jpg,1
688,¼ÌÄ¸,cartoon-cover/20191018/157140261965.jpg,1
686,ÃÀÈËÎªÏÚ,cartoon-cover/20191018/157140261777.jpg,1
685,ÂôÉíÆõÔ¼,cartoon-cover/20191018/157140261639.jpg,1
684,³¤ÍÈ½ã½ã,cartoon-cover/20191018/157140261576.jpg,1
682,µ÷½ÌÆŞ×Ó,cartoon-cover/20191018/157140261539.jpg,1
681,ÓÅÖÊÅ®º¢(ÓÅÖÊÅ®ÈË),cartoon-cover/20191018/157140261416.jpg,1
680,ÎÚÍĞ°îÓÎÏ·,cartoon-cover/20191018/157140261496.jpg,1
679,°®ÉÏ¹ëÃÛµÄ°Ö°Ö,cartoon-cover/20191018/157140261375.jpg,1
677,ËÙÊ³ÄĞÅ®,cartoon-cover/20191018/157140261341.jpg,1
675,GOOD NIGHT,cartoon-cover/20191018/157140261244.jpg,1
673,ÔÀÄ¸¼ÒµÄ´Ì¼¤Éú»î,cartoon-cover/20191018/157140261033.jpg,1
672,SÉÌµêµÄËı,cartoon-cover/20191122/1574428722743.jpg,1
671,ĞÔ°®°Ù·Ö°Ù,cartoon-cover/20191018/157140261040.jpg,1
668,ÁÚ¾Ó,cartoon-cover/20191018/157140260989.jpg,1
667,»úÃÜµµ°¸,cartoon-cover/20191018/157140260940.jpg,1
666,¾øÃüÌìÌÃ·¹µê(ÃÜÊÒÌÓÉú),cartoon-cover/20191018/157140260936.jpg,1
665,Ææ¹ÖµÄÉÌ³¬,cartoon-cover/20191018/157140260834.jpg,1
664,°µºÚÖ®Áµ(ºÚÉ«°®Áµ),cartoon-cover/20191018/157140260824.jpg,1
663,°Ö°ÖÉÏ°àÖĞ,cartoon-cover/20191018/157140260871.jpg,1
662,ÈâÌå,cartoon-cover/20191018/157140260755.jpg,1
661,15·ÖÖÓ_¶¨Ê±¿ªÆô,cartoon-cover/20191018/157140260637.jpg,1
655,Å®Ôº¼ûÎÅÂ¼(À±÷Èµ±¼Ò),cartoon-cover/20191018/157140260575.jpg,1
654,¹²Ïí¼Æ»®(Ö»ÎªÂú×ãÄã),cartoon-cover/20191018/157140260586.jpg,1
653,·ÑÂåÃÉÏãË®Ö®ÃØÏã,cartoon-cover/20191018/157140260583.jpg,1
651,ĞßÀ¢µÄ·¿¼ä,cartoon-cover/20191018/157140260470.jpg,1
649,µØ±í×îºóµÄÄĞÈË,cartoon-cover/20191018/157140260424.jpg,1
642,ÕÒ»Ø×ÔÎÒ,cartoon-cover/e05e79a33c6719ef99547097a5466ba1.jpg,1
638,¶À¼Ò×¨ÊôÆõÔ¼,cartoon-cover/20191018/157140260043.jpg,1
632,ÄÚÒÂÉçµÄĞÂÖ°Ô±,cartoon-cover/d4d3575d7de5a0e1fc03f29f28e3e151.jpg,1
626,Š…ÓëÎÒµÄĞ¡ÃØÃÜ,cartoon-cover/20191018/157140259718.jpg,1
624,ËûµÄËı,cartoon-cover/20191018/157140259797.jpg,1
621,ÊªÀÖÔ°,cartoon-cover/20191018/157140259548.jpg,1
617,ÉîÒ¹ÓÃÆ·µê,cartoon-cover/20191018/157140259332.jpg,1
616,ÎÜ¸æ,cartoon-cover/20191018/157140259223.jpg,1
615,ÎÒµÄ²İÊ³ÏµÀÏ¹«(¼ÒÓĞÍÃÀÏ¹«),cartoon-cover/20191018/157140259218.jpg,1
614,Missing9,cartoon-cover/20191018/157140259297.jpg,1
611,ÎÒµÄÍøºìÎïÓï(È«¶¼¸øÄã),cartoon-cover/20191018/157140259137.jpg,1
333,Revenge£¨¸´³ğÎŞÉ¾¼õ£©,cartoon-cover/20190810/1565398855231.jpg,1
329,ÁÚ¾Ó½ã½ãÊÇAVµ¼Ñİ£¨ÕæÈËÂş»­£©,cartoon-cover/20190804/1564880417869.jpg,1
316,ÒìÏçÈË:ÒâÍâÌÒ»¨Ô´,cartoon-cover/20190706/1562402680519.jpg,1
312,"æ¢·ò,Ó²ÆğÀ´",cartoon-cover/20190706/1562402622426.jpg,1
309,ÃÀÈË»¨·»,cartoon-cover/20190521/1558406031381.jpg,1
308,ÄĞÈËÑ±ÊŞÊ¦,cartoon-cover/20190518/155815023129.jpg,1
307,TouchTouch,cartoon-cover/20190510/1557471219468.jpg,1
306,Å®ÅóÓÑ,cartoon-cover/20190510/1557471078374.jpg,1
305,Ö£±¾×óµÄAVÌØ¹¥¶Ó,cartoon-cover/20190510/1557470939840.jpg,1
304,ÅÉ°®´ïÈË,cartoon-cover/20190510/1557470821902.jpg,1
303,»ì»ìÆ¦Æ¦ ÅÉÇ²Ô±,cartoon-cover/20190510/155747081569.jpg,1
301,³àºìÖ®ÌÃ,cartoon-cover/20190510/1557470588766.jpg,1
300,KEEP THE GIRLS,cartoon-cover/20190510/1557470485444.jpg,1
299,¸ÉµùÎÒ»¹Òª,cartoon-cover/20190422/1555914624163.jpg,1
298,NEW FACE,cartoon-cover/20190510/1557471300823.jpg,1
296,Çà´ºÄĞÅ®,cartoon-cover/20190422/155591375290.jpg,1
294,¹«Ô¢Å¾Å¾Å¿,cartoon-cover/20190510/1557470653323.jpg,1
293,Î£ÏÕĞÔÓÎÏ·,cartoon-cover/20190510/1557470652914.jpg,1
292,¼«ÖÂĞÔ°®±¦µä,cartoon-cover/20190422/1555903417525.jpg,1
291,¾üÈËµÄÓÕ»ó?,cartoon-cover/20190510/155747116129.jpg,1
290,Çå´¿Å¼ÏñµÄÉîÒ¹Ö±²¥,cartoon-cover/20190422/1555903414786.jpg,1
288,¹Å»óÉÙÄê,cartoon-cover/20190422/1555903400605.jpg,1
287,ËûµÄÅ®ÈË,cartoon-cover/20190510/155747077579.jpg,1
286,¼¤Çé·ÖÏíÎİ,cartoon-cover/20190510/1557471017626.jpg,1
285,ÏÄÃÀÎÒµÄ°®,cartoon-cover/20190422/155590335066.jpg,1
284,ÌğÃÀºÃÉùÒô,cartoon-cover/20190422/155590335059.jpg,1
282,ºÚ°µÖ®º£,cartoon-cover/20190510/1557470827245.jpg,1
281,Èı½ãÃÃ,cartoon-cover/20190510/1557470887622.jpg,1
280,¶şÊ®ÔÙÖØÀ´,cartoon-cover/20190422/155590329993.jpg,1
279,Àë»é±¨¸æÊé1,cartoon-cover/20190510/1557470559872.jpg,1
278,»µÅ®ÈË±¨¸æÊé,cartoon-cover/20190422/1555903280120.jpg,1
277,ÎŞ·¨Í£Ö¹µÄÌğÃÛ¹ØÏµ,cartoon-cover/20190420/1555751940802.jpg,1
276,Î£ÏÕÍ¬¾Ó,cartoon-cover/20190420/1555751940379.jpg,1
275,Ä§Å®,cartoon-cover/20190420/1555751939902.jpg,1
274,½ÌÁ·½Ì½ÌÎÒ,cartoon-cover/20190420/1555751939593.jpg,1
273,ÃØÃÜStory(µÚ2¼¾),cartoon-cover/20190420/1555751939824.jpg,1
272,ÃÉÃæÅ®Íõ,cartoon-cover/20190420/1555751938594.jpg,1
271,ÈËÆŞĞÔ½â·Å,cartoon-cover/20190510/1557470708164.jpg,1
270,Áµ°®Êµ¾³,cartoon-cover/20190420/1555751938180.jpg,1
269,¹ØÏµ,cartoon-cover/20190420/1555751937955.jpg,1
266,Ğ¡Íµ,cartoon-cover/20190420/1555751936518.jpg,1
264,êÓÃÁÅ®¾ç³¡,cartoon-cover/20190420/1555751935121.jpg,1
263,²Â²»Í¸µÄĞÄ(°ÙºÏ),cartoon-cover/20190420/1555751935233.jpg,1
261,Ğ¡Ò»ÂÖµÄ´¿°®Å®º¢,cartoon-cover/20190420/1555751934546.jpg,1
260,ÉÏË¾µÄÆŞ×Ó,cartoon-cover/20190420/1555751932859.jpg,1
259,ÏëÏñ¿ñÈÈ,cartoon-cover/20190510/1557471019922.jpg,1
258,Bodychange(ÕûÈİÕë),cartoon-cover/20190510/1557470460420.jpg,1
257,¸ç¸çµÄÃØÊé,cartoon-cover/20190420/1555751868876.jpg,1
256,ĞÂ½øÑµÓı(Õæ¼Ù½ãµÜ),cartoon-cover/20190420/1555751868682.jpg,1
254,BURST,cartoon-cover/20190420/1555751867570.jpg,1
253,[BL]Ò»²»Ğ¡ĞÄêşÍäÄã,cartoon-cover/20190420/1555751867116.jpg,1
252,±ä³É¹·µÄÄĞÈË(ÎïÖÖ×ª»»),cartoon-cover/20190420/1555751866330.jpg,1
251,ËÀÍöÌìÊ¹,cartoon-cover/20190420/1555751866567.jpg,1
250,¾õĞÑ,cartoon-cover/20190420/1555751866161.jpg,1
249,TEAM PLAY,cartoon-cover/20190420/15557518658.jpg,1
248,Â¥·ï(²»¾´ÒµµÄĞ¡½ã½ã),cartoon-cover/20190518/1558150687939.jpg,1
247,Íæ»ğ,cartoon-cover/20190420/155575186498.jpg,1
246,Å¼È»,cartoon-cover/20190510/1557470725310.jpg,1
243,¿şÀÜÂêÀò(Ñ°ÕÒÃ·Àò),cartoon-cover/20190420/1555751863384.jpg,1
242,¼¤Çé¿ªÂóÀ­,cartoon-cover/20190420/1555751863775.jpg,1
241,»¨¹Ú: ÎŞ·¨Ê¢¿ªµÄ»¨,cartoon-cover/20190420/1555751862352.jpg,1
240,³óÎÅµÚ¶ş¼¾,cartoon-cover/20190420/155575186236.jpg,1
239,Ïú»êÖ®ÊÖ,cartoon-cover/20190420/1555751861185.jpg,1
237,²Ğ´æ,cartoon-cover/20190420/155575184176.jpg,1
236,ÉñµÄÀñÎï,cartoon-cover/20190420/1555751841101.jpg,1
235,White Girl,cartoon-cover/20190420/1555751841224.jpg,1
233,ÏëÈë·Ç·Ç,cartoon-cover/20190420/1555751839487.jpg,1
232,SEED The Beginning,cartoon-cover/20190420/1555751838720.jpg,1
231,Ë«ÃæÊ¥Å®,cartoon-cover/20190420/1555751838461.jpg,1
230,ÃÔÈËµÄËı,cartoon-cover/20190420/1555751837188.jpg,1
229,ĞÔÒç·¿Îİ,cartoon-cover/20190420/1555751837683.jpg,1
228,ÊçÅ®»¨Ô·,cartoon-cover/20190420/1555751837528.jpg,1
226,°İÓš£¬Š¦ÊÓÎÒ°É,cartoon-cover/20190420/1555751836164.jpg,1
225,ÅóÓÑÆŞ,cartoon-cover/20190420/1555751835643.jpg,1
222,°ïÈË¼Ò»­Âï(ÆæÃîÍ¬¾Ó),cartoon-cover/20190510/1557470657385.jpg,1
221,ÀÏÆÅ»ØÀ´ÁË,cartoon-cover/20190510/1557470897627.jpg,1
220,´ßÃßÊ¦,cartoon-cover/20190530/1559181677434.jpg,1
219,´óÊå,cartoon-cover/20190510/1557470556518.jpg,1
218,ÒõÊªÂ·,cartoon-cover/20190510/155747069692.jpg,1
215,ÑøÅ®,cartoon-cover/20190420/1555751770431.jpg,1
214,Ê§×Ù,cartoon-cover/20190510/1557470898976.jpg,1
213,ÉñÃØ±´¿Çµº,cartoon-cover/20190530/1559181677203.jpg,1
212,³óÎÅµÚÒ»¼¾,cartoon-cover/20190510/1557470500395.jpg,1
211,ÍÑ¹â¹âĞ¡µº,cartoon-cover/20190510/1557470769929.jpg,1
210,Àë»é±¨¸æÊé2,cartoon-cover/20190420/1555751767198.jpg,1
209,ÄÇÀïµÄÏãÆø,cartoon-cover/20190510/1557470913677.jpg,1
208,·Ûºì±¨¸æÊé,cartoon-cover/20190510/1557470936651.jpg,1
207,ÑÓÏ£,cartoon-cover/20190420/1555751766638.jpg,1
205,17ÖÖĞÔ»ÃÏë£¨µÚ¶ş¼¾£©,cartoon-cover/20190510/1557471238819.jpg,1
204,Í¸ÊÓ£¡Å®×ÓÓÎÓ¾²¿,cartoon-cover/20190420/1555751764378.jpg,1
203,Î£ÏÕµÄÅ®ÈË,cartoon-cover/20190420/1555751763908.jpg,1
202,¶ÔÎÒ¶øÑÔ²»¼òµ¥µÄÅ®ÈË,cartoon-cover/20190420/1555751763795.jpg,1
201,ÙÖúÕß,cartoon-cover/20190420/1555751762580.jpg,1
200,Ë¹µÂ¸ç¶ûÄ¦Ö¢ºòÈº,cartoon-cover/20190420/1555751761518.jpg,1
199,ÉÏÁ÷Éç»á,cartoon-cover/20190420/1555751761524.jpg,1
198,ÉçÇøµÄÉñµzÃÀÈİÔº,cartoon-cover/20190420/1555751760848.jpg,1
197,Çé‘jÁéÒ©,cartoon-cover/20190510/1557471164651.jpg,1
196,ÎŞ·¨×Ô°Î,cartoon-cover/20190420/1555751746312.jpg,1
195,ÁÔÎï,cartoon-cover/20190510/155747048383.jpg,1
194,10ÈË10É«£º³õÌåÑé,cartoon-cover/20190420/1555751745891.jpg,1
193,Ğê£¡æ¢æ¢µÄÓÕ»ó,cartoon-cover/20190420/1555751745767.jpg,1
192,ÉúÎïÑ§µÄÅ®ĞÔ¹¥ÂÔ·¨,cartoon-cover/20190420/1555751744514.jpg,1
191,Î£ÏÕ½»»»,cartoon-cover/20190420/1555751743916.jpg,1
190,µÍËÙÄĞ¸ßËÙÅ®(·´²îÇéÂÂ),cartoon-cover/20190420/1555751743281.jpg,1
189,Å¼Ïñ¾Ñ»÷ÊÖ,cartoon-cover/20190420/1555751742515.jpg,1
187,ÈËÆŞĞÔ½â·Å3:´Ö²ÚµÄÊÖ,cartoon-cover/20190518/1558150751220.jpg,1
185,Éß¾«³±Ñ¨,cartoon-cover/20190420/1555751739286.jpg,1
184,Ò°µÀ¾ç³¡,cartoon-cover/20190420/1555751738909.jpg,1
183,Mom cafe,cartoon-cover/20190420/155575173780.jpg,1
182,Ò»ÆğÏíÓÃ°É,cartoon-cover/20190420/1555751737344.jpg,1
181,æ¢æ¢:Á«(½ã½ã:Á«),cartoon-cover/20190510/1557470848646.jpg,1
179,Íµ¿ú¾ãÀÖ²¿,cartoon-cover/20190420/1555751734225.jpg,1
178,ÎÒµÄMÊôĞÔÑ§½ã,cartoon-cover/20190420/1555751732615.jpg,1
177,Î£ÏÕµÄ°®(¼ÒÍ¥½ÌÊ¦),cartoon-cover/20190420/1555751292871.jpg,1
176,H-Mate,cartoon-cover/20190518/1558150593366.jpg,1
175,æ¢ÃÃS·¹,cartoon-cover/20190420/1555751290196.jpg,1
174,MAD:Ğ¡½ãÓëË¾»ú,cartoon-cover/20190420/1555751290356.jpg,1
173,TOUCH ME,cartoon-cover/20190420/1555751290425.jpg,1
172,ÒùÂÒ°ì¹«ÊÒ(OFFICE TROUBLE),cartoon-cover/20190420/1555751289438.jpg,1
170,Å«¼ÒË¼Ïë,cartoon-cover/20190420/1555751289706.jpg,1
169,ÓûÇóÍõ(Super Dick),cartoon-cover/20190420/1555751288105.jpg,1
167,Loser,cartoon-cover/20190420/155575128444.jpg,1
166,ËıµÄÃØÃÜ¿Õ¼ä,cartoon-cover/20190530/1559181679724.jpg,1
165,Ê«¶÷,cartoon-cover/20190510/1557470558624.jpg,1
164,¶éÂäÓÎÏ·,cartoon-cover/20190510/1557470773803.jpg,1
163,ÎÒµÄÃØÃÜ³hÓÑ,cartoon-cover/20190510/1557471016317.jpg,1
162,ÃÎ÷Ê,cartoon-cover/20190420/1555751280606.jpg,1
161,ÎŞÃûµº,cartoon-cover/20190510/1557471298659.jpg,1
160,ÇàÉ¬ÄĞº¢³õÌåÑé,cartoon-cover/20190420/1555751279952.jpg,1
158,Òª½»»»Âğ?,cartoon-cover/20190510/1557470651790.jpg,1
157,17ÖÖĞÔ»ÃÏë£¨µÚÒ»¼¾£©,cartoon-cover/20190420/1555751265333.jpg,1
156,ÄÄÀï»µ»µ,cartoon-cover/20190510/1557470886455.jpg,1
155,´ŞÇ¿ĞÔÆøÓëÆÓÒø»Û,cartoon-cover/20190420/1555751264879.jpg,1
154,ËÀÁË¶¼Òª°®°®,cartoon-cover/20190420/1555751264857.jpg,1
151,À¬»øÄĞ,cartoon-cover/20190420/1555751263111.jpg,1
149,Áµ°®¸¨ÖúÆ÷,cartoon-cover/20190510/155747083051.jpg,1
148,ÍûÔÂÏÉÅ®´«Ëµ,cartoon-cover/20190420/1555751262547.jpg,1
147,LOVE °®µÄµ¼º½G,cartoon-cover/20190420/1555751262447.jpg,1
146,Àë»éÄĞÅ®,cartoon-cover/20190420/1555751261667.jpg,1
144,¸ĞĞÔ±äÌ¬,cartoon-cover/20190420/1555751261705.jpg,1
143,Ã»Ïëµ½ÃÃÃÃ»áÄÇÑù,cartoon-cover/20190420/1555751260478.jpg,1
142,ºûµûÖ®ÃÎ,cartoon-cover/20190420/1555751260249.jpg,1
141,³ÉÈËµÄ×ÌÎ¶,cartoon-cover/20190420/1555751260956.jpg,1
140,ÊìÅ®µÄ×ÌÎ¶,cartoon-cover/20190420/1555751259199.jpg,1
139,»öÂÒ,cartoon-cover/20190420/1555751259717.jpg,1
138,30cmÁ¢Ô¼ÈË,cartoon-cover/20190420/1555751258967.jpg,1
136,Ñ§ÃÃ±ğ·ÅËÁ,cartoon-cover/20190420/1555751245607.jpg,1
135,ĞÂÉúÒùÂÒÈÕ¼Ç,cartoon-cover/20190420/1555751242665.jpg,1
134,Í¬¾Ó,cartoon-cover/20190510/1557470918187.jpg,1
132,ÎÒÓë¼ËÅ®½á»éÁË,cartoon-cover/20190510/1557470462826.jpg,1
131,ÄàÕÓ,cartoon-cover/20190521/1558406060428.jpg,1
130,ÖíÈ¦,cartoon-cover/20190510/1557470895107.jpg,1
129,Ğ¡¿ã¿ã¾«Áé,cartoon-cover/20190519/1558234109128.jpg,1
128,¸ß¸úĞ¬,cartoon-cover/20190420/1555751237234.jpg,1
126,³ö¹ì,cartoon-cover/20190510/1557470554504.jpg,1
125,Ç§ÀïÑ°°®,cartoon-cover/20190420/1555751235325.jpg,1
124,³õÁµÎïÓï(ÇéÊÂÎïÓïNEXT),cartoon-cover/20190510/1557470785721.jpg,1
123,µ÷½ÌÅ®´óÉú,cartoon-cover/20190510/1557470761355.jpg,1
122,Ä¿±ê¾ÍÊÇŠ…ÄÚ¿ã,cartoon-cover/20190420/1555751233811.jpg,1
120,À±÷Èµ±¼Ò,cartoon-cover/20190420/1555751233957.jpg,1
119,Î£ÏÕĞÔ¶Ä×¢,cartoon-cover/20190420/1555751232140.jpg,1
118,±©Í½,cartoon-cover/20190420/1555751231838.jpg,1
117,Òùµ´µÄÆŞ×ÓÃÇ,cartoon-cover/20190510/1557470762434.jpg,1
116,ÒùÂÒÄ§¹í,cartoon-cover/20190420/1555751205258.jpg,1
115,ÎÒºÍ½ã·ò(Á½¸öÅ®ÈË),cartoon-cover/20190510/1557470915192.jpg,1
114,´ÔÁÖ°®°®·¨Ôò,cartoon-cover/20190510/1557471013331.jpg,1
113,ÃôÏ£(ºìÉ«Ó¡¼Ç),cartoon-cover/20190420/1555751204130.jpg,1
112,¸¹ºÚÅ®µÄÒìÏëÊÀ½ç,cartoon-cover/20190420/155575120443.jpg,1
111,Öí×ĞÅ©³¡,cartoon-cover/20190420/1555751203819.jpg,1
110,Dream Girl(ÎÒµÄ»úÆ÷Å®ÓÑ),cartoon-cover/20190420/1555751203992.jpg,1
109,Ò¹»¨,cartoon-cover/20190420/1555751203434.jpg,1
108,¶ñÃÎ,cartoon-cover/20190420/1555751203391.jpg,1
107,×ïÓë·£,cartoon-cover/20190420/1555751202191.jpg,1
104,ĞÔÍõÖ®Â·(ÖØ·µÈ­Ì³),cartoon-cover/20190420/1555751201500.jpg,1
103,ÈËÆŞµÄÃØÃÜ,cartoon-cover/20190420/1555751201965.jpg,1
102,ÔÂºìÒ¹»¨,cartoon-cover/20190420/1555751201569.jpg,1
101,à£à£à£,cartoon-cover/20190420/1555751201943.jpg,1
100,ĞÈºìÖ®±Ú,cartoon-cover/20190420/1555751200605.jpg,1
98,Á÷ÀËÃ¨,cartoon-cover/20190420/1555751199799.jpg,1
97,êÓÃÁ,cartoon-cover/20190420/155575118632.jpg,1
96,½ñÌìµÄÀÏ¹«,cartoon-cover/20190420/1555751185149.jpg,1
95,Òùstagram,cartoon-cover/20190420/1555751185246.jpg,1
93,°Ö°ÖµÄÅ®ÈË,cartoon-cover/20190420/1555751184563.jpg,1
92,¿úÊÓ(·ìÏ¶),cartoon-cover/20190420/1555751182979.jpg,1
90,Ç°ÄĞÓÑÇ°Å®ÓÑ,cartoon-cover/20190510/1557470781617.jpg,1
89,ÁèÈè··Âô»ú,cartoon-cover/20190510/1557470937182.jpg,1
88,È¦Ì×,cartoon-cover/20190510/1557471303691.jpg,1
87,Êª¼ÒÕìÌ½(½âÓÇÕìÌ½Éç),cartoon-cover/20190521/1558406047634.jpg,1
86,LOVE²»¶¯²ú,cartoon-cover/20190420/1555751180433.jpg,1
85,ĞÔñ±ºÃ,cartoon-cover/20190510/1557470890921.jpg,1
84,"½ñÌì,¼Ó°àºÃßã?(ÒşÂ÷µÄÁµÇé)",cartoon-cover/20190510/1557470889371.jpg,1
83,Å°ÆŞÓÎÏ·,cartoon-cover/20190420/1555751179564.jpg,1
81,µ÷½Ì¼ÒÕş¸¾,cartoon-cover/20190510/1557471162716.jpg,1
80,¸£¸ÔµÄÅ®ÈËÃÇ,cartoon-cover/20190420/155575116395.jpg,1
79,ÎŞ·¨Òş²Ø,cartoon-cover/20190420/1555751163132.jpg,1
78,»¶ÀÖÂúÎİ,cartoon-cover/20190420/1555751163345.jpg,1
76,Commission(Î¯Ô±»á),cartoon-cover/20190420/1555751162500.jpg,1
75,ÌìÊ¹µÄÑÛÀá,cartoon-cover/20190420/1555751161651.jpg,1
71,Ò°ÊŞ,cartoon-cover/20190420/1555751160588.jpg,1
70,ACE:½û¶ÏµÄÕ©ÆÛÖ®Ò¹,cartoon-cover/20190420/1555751159677.jpg,1
69,ÉîÒ¹±ãÀûµê,cartoon-cover/20190420/1555751159260.jpg,1
68,Ë½Éú:°®µ½³Õ¿ñ,cartoon-cover/20190420/1555751159189.jpg,1
67,³õÁµÖ¢ºòÈº,cartoon-cover/20190420/1555751158719.jpg,1
66,Honey trap ÌğÃÛÏİÚå,cartoon-cover/20190420/1555751157780.jpg,1
65,HĞ£Ô°,cartoon-cover/20190518/155815063487.jpg,1
61,´úÀíÔĞÄ¸,cartoon-cover/20190420/1555751154371.jpg,1
59,ÎŞÃßÖ®Ò¹(¸ô‰¦Ëù°®),cartoon-cover/20190420/1555751136612.jpg,1
58,ìãÄÈ,cartoon-cover/20190420/1555751136415.jpg,1
57,ÌğÃÀÅ®º¢,cartoon-cover/20190420/1555751135486.jpg,1
56,½»ÍùµÄÌõ¼ş,cartoon-cover/20190420/1555751135100.jpg,1
55,ÈË¼ÒËµµÄÄã¶¼×öºğ,cartoon-cover/20190420/1555751134482.jpg,1
54,ÎÒµÄ´óÊå,cartoon-cover/20190420/1555751134245.jpg,1
52,³õÁµÇé½á(±¨¸æÑ§³¤),cartoon-cover/20190420/1555751133695.jpg,1
51,Å¾Å¾Å¾µ÷½ÌËù,cartoon-cover/20190420/1555751133913.jpg,1
50,ÖÆ×÷ÈË:Á·Ï°Éú(½ğÅÆ×÷Çú¼Ò),cartoon-cover/20190420/1555751132409.jpg,1
49,Ä¸ÖíÑø³É¼Æ»®,cartoon-cover/20190420/1555751132905.jpg,1
46,The Day,cartoon-cover/20190510/1557470943137.jpg,1
45,²¶ÁÔÄ¸Öí,cartoon-cover/20190510/1557471304280.jpg,1
44,ÅóÓÑµÄÆŞ×Ó£ºÓĞŠ…ÔÚµÄ¼Ò,cartoon-cover/20190510/1557470654821.jpg,1
43,ºÃÅóÓÑµÄÅ®ÅóÓÑ,cartoon-cover/20190510/155747089294.jpg,1
42,Áµ°®´óÅÅµµ,cartoon-cover/20190420/1555751127102.jpg,1
41,ÇÎæ¤¿§·È¹İ,cartoon-cover/20190510/1557471165477.jpg,1
40,Çà´º:ÄæÁäĞ¡ÏÊÈâ,cartoon-cover/20190420/1555751107166.jpg,1
39,±¾ÄÜ½â¾öÊ¦,cartoon-cover/20190420/1555751106377.jpg,1
38,Æ­¾Ö,cartoon-cover/20190420/1555751106889.jpg,1
34,She£ºÎÒµÄ÷È»óÅ®ÓÑ,cartoon-cover/20190420/1555751102966.jpg,1
33,ËûÓëËı,cartoon-cover/20190530/1559181678488.jpg,1
32,Ë«ÖØÁµ°®(ÖçÒ¹ÄĞÅ®),cartoon-cover/20190510/1557470557740.jpg,1
31,ÖÆ·şµÄÓÕ»ó(Å®×°Éè¼ÆÊ¦),cartoon-cover/20190510/1557470771744.jpg,1
30,ÏæÑÇ:»ı¼«×·Çó¹¥ÊÆ,cartoon-cover/20190510/1557471014880.jpg,1
29,â²ÑÀ,cartoon-cover/20190420/1555751101351.jpg,1
28,My lovedoll,cartoon-cover/20190510/155747129650.jpg,1
26,±§Ç¸½ãÊÇ±äÌ¬,cartoon-cover/20190420/1555751100634.jpg,1
25,ÃØÃÜStory,cartoon-cover/20190510/1557470650764.jpg,1
24,»ÃÏëÖĞµÄËı,cartoon-cover/20190420/1555751100179.jpg,1
23,°ïÅÉÅ®Ğö,cartoon-cover/20190420/1555751100936.jpg,1
22,ÎÒÅ®ÓÑÊÇAVÅ®ÓÅ,cartoon-cover/20190420/1555751099978.jpg,1
21,ÎÒµÄÉ«É«Ò¹Ëµ,cartoon-cover/20190420/1555751099381.jpg,1
20,ÓÕ»ó,cartoon-cover/20190510/1557470656982.jpg,1
19,ÑÇ¹şÂ·,cartoon-cover/20190510/1557470894110.jpg,1
18,10ÒÚ·çÉ§ÀÏé›Äï,cartoon-cover/20190510/1557471082110.jpg,1
17,Ä§¹í,cartoon-cover/20190420/1555751086247.jpg,1
16,ÎŞ·¨×Ô°ÎµÄ¿Úºì½º,cartoon-cover/20190510/1557470548178.jpg,1
15,Å®Öú½Ì,cartoon-cover/20190510/1557470547795.jpg,1
14,³óÎÅµÚÈı¼¾,cartoon-cover/20190420/1555751085776.jpg,1
13,ºìĞÓ³öÇ½,cartoon-cover/20190510/1557470759634.jpg,1
12,Éñ¼¶¹«ÎñÔ±,cartoon-cover/20190420/1555751084300.jpg,1
11,²»Â×¼İÑµ°à,cartoon-cover/20190510/1557471011899.jpg,1
10,×â°®Ì×·¿,cartoon-cover/20190420/1555751084560.jpg,1
8,Ğ¡Ò°Ã¨Ñ±·şÊÖ²á,cartoon-cover/20190420/1555751083879.jpg,1
7,ºÏÀí»³ÒÉ,cartoon-cover/20190420/1555751083623.jpg,1
4,Ë÷¶àÂê¾ãÀÖ²¿,cartoon-cover/20190420/1555751081838.jpg,1
3,MY OFFICE LADYS(°×ÁìÀöÈË),cartoon-cover/20191129/1575001769742.jpg,1
2,Ë®òÎ,cartoon-cover/20190420/1555751080263.jpg,1
1,¿ª·¢ĞÔÎ¶ÀÙ,cartoon-cover/20190420/1555751079122.jpg,1
1091,çˆ±æƒ…å¥‘çº¦2,cartoon_cover/20191204/157544728884.jpg,1
1004,ç”œèœœå‡æœŸ,cartoon_cover/20191204/157544743833.jpg,1
900,Masochist-æ½œè—çš„æ¬²æœ›,cartoon_cover/20191127/157484249941.jpg,1
897,ä¸‰äººè¡Œï¼Ÿ,cartoon-cover/20191202/1575269600958.jpg,1
896,å¾æœç¾å¥³è®°,cartoon-cover/20191202/1575270356934.jpg,1
893,æ‹œæ‰˜äº†äººå¦»(äººå¦»å¸®å¸®å¿™),cartoon-cover/20191201/1575190360261.jpg,1
888,ä½“æ„Ÿæƒ…è¶£ç”¨å“(åˆ†èº«),cartoon-cover/20191202/1575271900263.jpg,1
877,æŠŠä½ ç©åæ‰,cartoon_cover/20191127/157484248080.jpg,1
875,å¦‚æ­¤å¯çˆ±çš„é—´è°?,cartoon_cover/20191127/157484247935.jpg,1
843,ä¸è¦ç¢°æˆ‘,cartoon-cover/20191018/157140268732.jpg,1
842,ä¸»æ’­Hæ—¥è®°,cartoon-cover/20191018/157140268674.jpg,1
841,æ·«é­‚åˆ«ä¸ŠåºŠ,cartoon-cover/20191018/157140268646.jpg,1
840,è‚¤æµ…å¥³,cartoon-cover/20191018/157140268611.jpg,1
838,éƒ‘ä¸»ä»»ä¸ºä½•è¿™æ ·,cartoon-cover/20191018/157140268338.jpg,1
837,è™ç¾äºº,cartoon-cover/20191018/157140268389.jpg,1
836,æƒ…è¿·ä½ç“£,cartoon-cover/20191018/157140268380.jpg,1
835,é‡ç½ªä¹‹å²›,cartoon-cover/20191018/157140268218.jpg,1
834,å¤±è¶³,cartoon-cover/20191018/157140268284.jpg,1
832,è¿åŠ¨å‘˜å¥³å­©,cartoon-cover/a5a296ab2b6017d7ee348008a4037b7a.jpg,1
831,å§ªå¥³ç¡ç€ä¹‹å,cartoon-cover/20191018/157140268099.jpg,1
830,å°¸å»æœ¬æ€§,cartoon-cover/20191018/157140267931.jpg,1
827,æ€§æ„Ÿçš„é«˜æ‰‹ä»¬,cartoon-cover/20191018/157140267825.jpg,1
826,å¯çˆ±çš„å®¶ä¼™,cartoon-cover/20191018/157140267897.jpg,1
825,ç–—è‚²å¥³å­©ï¼ˆç¬¬äºŒå­£ï¼‰,cartoon-cover/20191018/157140267760.jpg,1
822,äººå¤–ç¤¾åŒº,cartoon-cover/20191018/157140267627.jpg,1
821,ç–—è‚²å¥³å­©ï¼ˆç¬¬1å­£ï¼‰,cartoon-cover/20191018/157140267660.jpg,1
820,æ€§éª‘å£«ä»¬,cartoon-cover/20191018/157140267618.jpg,1
818,æ—¥æš®ä¹‹æ„,cartoon-cover/20191018/157140267576.jpg,1
816,å§”æ‰˜æ€äºº,cartoon-cover/20191018/157140267539.jpg,1
815,å…ˆåšå†è¯´,cartoon-cover/20191018/157140267434.jpg,1
813,æˆ‘çš„ç§˜å¯†ç‚®å‹,cartoon-cover/20191018/157140267498.jpg,1
812,æˆ‘çš„å˜æ€å¥³å‹,cartoon-cover/20191018/157140267464.jpg,1
810,å·§æ‰‹å¦‡äº§ç§‘,cartoon-cover/20191018/157140267370.jpg,1
809,å¥‡æ€ªçš„å¯¼æ¼”,cartoon-cover/20191018/157140267239.jpg,1
808,è°æŠŠä»–ç»™åƒäº†,cartoon-cover/20191018/157140267217.jpg,1
807,æƒ³è±¡ç‹‚çƒ­,cartoon-cover/20191018/157140267244.jpg,1
806,[BL]æ°´å‡¤ä»™,cartoon-cover/20191018/157140267067.jpg,1
804,[BL]å¸è¡€é¬¼çš„çƒ™å°ï¼ˆç¬¬å£¹å­£ï¼‰,cartoon-cover/20191018/157140267047.jpg,1
803,è°ƒæ•™æœ‰å¤«å¥³,cartoon-cover/20191018/157140267042.jpg,1
798,çˆ±æƒ…å¥‘çº¦1,cartoon-cover/db0774434488ed9abd38bb70d0e10b8e.jpg,1
797,ä»–ä¸å¥¹çš„ç½—æ›¼å²,cartoon-cover/20191018/157140266597.jpg,1
793,è¶…èƒ½åŠ›è€…,cartoon-cover/20191018/157140266239.jpg,1
791,æˆäººç«æŠ€åœº,cartoon-cover/20191018/157140266122.jpg,1
788,è‰²èŠ±ç©´,cartoon-cover/20191018/157140266071.jpg,1
785,å»å¹¸å²›,cartoon-cover/20191018/157140265928.jpg,1
774,ç‚¼ç‹±é¬¼å²›,cartoon-cover/20191018/157140265563.jpg,1
769,ç”Ÿå­˜æ¸¸æˆ,cartoon-cover/20191018/157140265291.jpg,1
766,å¥¹çš„å¿ƒå£°,cartoon-cover/20191018/157140265140.jpg,1
764,é›ªèŠ±,cartoon-cover/20191018/157140265075.jpg,1
758,"æ‹œæ‰˜,å¥¸è§†æˆ‘å§",cartoon-cover/20191018/157140264766.jpg,1
750,å™©æ¢¦,cartoon-cover/20191018/157140264290.jpg,1
748,å•èº«ç»¯é—»,cartoon-cover/20191018/157140264288.jpg,1
747,åˆæ‹çš„å¥³å„¿,cartoon-cover/20191018/157140264144.jpg,1
746,å¤„å­çŒäºº,cartoon-cover/20191018/157140264160.jpg,1
745,ç‹ç‰Œç»çºªäºº,cartoon-cover/20191018/157140264146.jpg,1
744,æˆäººä¿±ä¹éƒ¨,cartoon-cover/20191018/157140264019.jpg,1
743,å¤«äººçš„ç¤¼ç‰©,cartoon-cover/20191018/157140264013.jpg,1
728,"äº²çˆ±çš„,æˆ‘å™¼è…¿äº†",cartoon-cover/20191018/157140263397.jpg,1
726,å¦–å¥³ä¹‹ç¥¸,cartoon-cover/20191018/157140263258.jpg,1
725,è¶…ä¹æƒ³è±¡,cartoon-cover/20191018/157140263230.jpg,1
723,è¡¥ä¹ ç­ç»¯é—»(è¤ªä¸‹é’æ¶©),cartoon-cover/20191018/157140263079.jpg,1
722,ä¸­æ¯’,cartoon-cover/20191018/157140263047.jpg,1
721,è¯±æƒ‘æ”¾ç¡¬æœº,cartoon-cover/20191018/157140263072.jpg,1
720,ç¥ç§˜ç»‘æ¶çŠ¯,cartoon-cover/20191018/157140262967.jpg,1
717,æ¶å¥³æ¥äº†è¯·å°å¿ƒ,cartoon-cover/20191018/157140262943.jpg,1
716,ç™½é¢†ä¸½äººï¼ˆå…¨ä¸‰å­£ï¼‰,cartoon-cover/20191018/157140262887.jpg,1
715,Settiaï¼ˆBLï¼‰,cartoon-cover/20191018/157140262893.jpg,1
714,çº¯æ‹å¤±ç„¦ï¼ˆBLï¼‰,cartoon-cover/20191018/157140262740.jpg,1
713,çº¯GayåŸ¹è®­æ‰€ï¼ˆBLï¼‰,cartoon-cover/20191018/157140262767.jpg,1
712,å¥³å®¿èˆç®¡ç†å‘˜,cartoon-cover/20191018/157140262668.jpg,1
710,æ˜æ™ºçš„ç”Ÿæ´»ï¼ˆBLï¼‰,cartoon-cover/20191018/157140262581.jpg,1
708,è·å°”è’™ç‹,cartoon-cover/20191018/157140262430.jpg,1
707,Love Outsider,cartoon-cover/20191018/157140262499.jpg,1
706,Keymaker,cartoon-cover/20191018/157140262413.jpg,1
705,Casting Couch,cartoon-cover/20191018/157140262410.jpg,1
704,LiSTeN,cartoon-cover/20191018/157140262353.jpg,1
703,ä¸è‰¯æˆ¿ä¸œ,cartoon-cover/20191018/157140262355.jpg,1
702,ä¸¤ä¸ªè€å©†(å®¶æœ‰åŒå¦»),cartoon-cover/20191201/1575191009391.jpg,1
701,æ¢¦æ¸¸(åŒé¢äººç”Ÿ),cartoon-cover/20191018/157140262356.jpg,1
700,å¯çˆ±çš„å®¶ä¼™CC,cartoon-cover/20191018/157140262262.jpg,1
698,æœªäº¡äºº,cartoon-cover/20191018/157140262140.jpg,1
697,æ·é”,cartoon-cover/20191018/157140262172.jpg,1
696,æˆ‘çš„é‡è›®å®¤å‹,cartoon-cover/20191018/157140262122.jpg,1
695,15å°‘å¥³æ¼‚æµè®°,cartoon-cover/20191018/157140262192.jpg,1
692,ä»»ä½•å°å§,cartoon-cover/20191018/157140262091.jpg,1
690,äººå¦»å¥½æƒ³è¦(æ¬²æœ›äººå¦»),cartoon-cover/20191018/157140261995.jpg,1
688,ç»§æ¯,cartoon-cover/20191018/157140261965.jpg,1
686,ç¾äººä¸ºé¦…,cartoon-cover/20191018/157140261777.jpg,1
685,å–èº«å¥‘çº¦,cartoon-cover/20191018/157140261639.jpg,1
684,é•¿è…¿å§å§,cartoon-cover/20191018/157140261576.jpg,1
682,è°ƒæ•™å¦»å­,cartoon-cover/20191018/157140261539.jpg,1
681,ä¼˜è´¨å¥³å­©(ä¼˜è´¨å¥³äºº),cartoon-cover/20191018/157140261416.jpg,1
680,ä¹Œæ‰˜é‚¦æ¸¸æˆ,cartoon-cover/20191018/157140261496.jpg,1
679,çˆ±ä¸Šé—ºèœœçš„çˆ¸çˆ¸,cartoon-cover/20191018/157140261375.jpg,1
677,é€Ÿé£Ÿç”·å¥³,cartoon-cover/20191018/157140261341.jpg,1
675,GOOD NIGHT,cartoon-cover/20191018/157140261244.jpg,1
673,å²³æ¯å®¶çš„åˆºæ¿€ç”Ÿæ´»,cartoon-cover/20191018/157140261033.jpg,1
672,Så•†åº—çš„å¥¹,cartoon-cover/20191122/1574428722743.jpg,1
671,æ€§çˆ±ç™¾åˆ†ç™¾,cartoon-cover/20191018/157140261040.jpg,1
668,é‚»å±…,cartoon-cover/20191018/157140260989.jpg,1
667,æœºå¯†æ¡£æ¡ˆ,cartoon-cover/20191018/157140260940.jpg,1
666,ç»å‘½å¤©å ‚é¥­åº—(å¯†å®¤é€ƒç”Ÿ),cartoon-cover/20191018/157140260936.jpg,1
665,å¥‡æ€ªçš„å•†è¶…,cartoon-cover/20191018/157140260834.jpg,1
664,æš—é»‘ä¹‹æ‹(é»‘è‰²çˆ±æ‹),cartoon-cover/20191018/157140260824.jpg,1
663,çˆ¸çˆ¸ä¸Šç­ä¸­,cartoon-cover/20191018/157140260871.jpg,1
662,è‚‰ä½“,cartoon-cover/20191018/157140260755.jpg,1
661,15åˆ†é’Ÿ_å®šæ—¶å¼€å¯,cartoon-cover/20191018/157140260637.jpg,1
655,å¥³é™¢è§é—»å½•(è¾£é­…å½“å®¶),cartoon-cover/20191018/157140260575.jpg,1
654,å…±äº«è®¡åˆ’(åªä¸ºæ»¡è¶³ä½ ),cartoon-cover/20191018/157140260586.jpg,1
653,è´¹æ´›è’™é¦™æ°´ä¹‹ç§˜é¦™,cartoon-cover/20191018/157140260583.jpg,1
651,ç¾æ„§çš„æˆ¿é—´,cartoon-cover/20191018/157140260470.jpg,1
649,åœ°è¡¨æœ€åçš„ç”·äºº,cartoon-cover/20191018/157140260424.jpg,1
642,æ‰¾å›è‡ªæˆ‘,cartoon-cover/e05e79a33c6719ef99547097a5466ba1.jpg,1
638,ç‹¬å®¶ä¸“å±å¥‘çº¦,cartoon-cover/20191018/157140260043.jpg,1
632,å†…è¡£ç¤¾çš„æ–°èŒå‘˜,cartoon-cover/d4d3575d7de5a0e1fc03f29f28e3e151.jpg,1
626,å¦³ä¸æˆ‘çš„å°ç§˜å¯†,cartoon-cover/20191018/157140259718.jpg,1
624,ä»–çš„å¥¹,cartoon-cover/20191018/157140259797.jpg,1
621,æ¹¿ä¹å›­,cartoon-cover/20191018/157140259548.jpg,1
617,æ·±å¤œç”¨å“åº—,cartoon-cover/20191018/157140259332.jpg,1
616,è¯¬å‘Š,cartoon-cover/20191018/157140259223.jpg,1
615,æˆ‘çš„è‰é£Ÿç³»è€å…¬(å®¶æœ‰å…”è€å…¬),cartoon-cover/20191018/157140259218.jpg,1
614,Missing9,cartoon-cover/20191018/157140259297.jpg,1
611,æˆ‘çš„ç½‘çº¢ç‰©è¯­(å…¨éƒ½ç»™ä½ ),cartoon-cover/20191018/157140259137.jpg,1
333,Revengeï¼ˆå¤ä»‡æ— åˆ å‡ï¼‰,cartoon-cover/20190810/1565398855231.jpg,1
329,é‚»å±…å§å§æ˜¯AVå¯¼æ¼”ï¼ˆçœŸäººæ¼«ç”»ï¼‰,cartoon-cover/20190804/1564880417869.jpg,1
316,å¼‚ä¹¡äºº:æ„å¤–æ¡ƒèŠ±æº,cartoon-cover/20190706/1562402680519.jpg,1
312,"å§Šå¤«,ç¡¬èµ·æ¥",cartoon-cover/20190706/1562402622426.jpg,1
309,ç¾äººèŠ±åŠ,cartoon-cover/20190521/1558406031381.jpg,1
308,ç”·äººé©¯å…½å¸ˆ,cartoon-cover/20190518/155815023129.jpg,1
307,TouchTouch,cartoon-cover/20190510/1557471219468.jpg,1
306,å¥³æœ‹å‹,cartoon-cover/20190510/1557471078374.jpg,1
305,éƒ‘æœ¬å·¦çš„AVç‰¹æ”»é˜Ÿ,cartoon-cover/20190510/1557470939840.jpg,1
304,æ´¾çˆ±è¾¾äºº,cartoon-cover/20190510/1557470821902.jpg,1
303,æ··æ··ç—ç— æ´¾é£å‘˜,cartoon-cover/20190510/155747081569.jpg,1
301,èµ¤çº¢ä¹‹å ‚,cartoon-cover/20190510/1557470588766.jpg,1
300,KEEP THE GIRLS,cartoon-cover/20190510/1557470485444.jpg,1
299,å¹²çˆ¹æˆ‘è¿˜è¦,cartoon-cover/20190422/1555914624163.jpg,1
298,NEW FACE,cartoon-cover/20190510/1557471300823.jpg,1
296,é’æ˜¥ç”·å¥³,cartoon-cover/20190422/155591375290.jpg,1
294,å…¬å¯“å•ªå•ªè¶´,cartoon-cover/20190510/1557470653323.jpg,1
281,ä¸‰å§å¦¹,cartoon-cover/20190510/1557470887622.jpg,1
280,äºŒåå†é‡æ¥,cartoon-cover/20190422/155590329993.jpg,1
279,ç¦»å©šæŠ¥å‘Šä¹¦1,cartoon-cover/20190510/1557470559872.jpg,1
278,åå¥³äººæŠ¥å‘Šä¹¦,cartoon-cover/20190422/1555903280120.jpg,1
277,æ— æ³•åœæ­¢çš„ç”œèœœå…³ç³»,cartoon-cover/20190420/1555751940802.jpg,1
276,å±é™©åŒå±…,cartoon-cover/20190420/1555751940379.jpg,1
275,é­”å¥³,cartoon-cover/20190420/1555751939902.jpg,1
274,æ•™ç»ƒæ•™æ•™æˆ‘,cartoon-cover/20190420/1555751939593.jpg,1
273,ç§˜å¯†Story(ç¬¬2å­£),cartoon-cover/20190420/1555751939824.jpg,1
272,è’™é¢å¥³ç‹,cartoon-cover/20190420/1555751938594.jpg,1
271,äººå¦»æ€§è§£æ”¾,cartoon-cover/20190510/1557470708164.jpg,1
270,æ‹çˆ±å®å¢ƒ,cartoon-cover/20190420/1555751938180.jpg,1
269,å…³ç³»,cartoon-cover/20190420/1555751937955.jpg,1
266,å°å·,cartoon-cover/20190420/1555751936518.jpg,1
264,æš§æ˜§å¥³å‰§åœº,cartoon-cover/20190420/1555751935121.jpg,1
263,çŒœä¸é€çš„å¿ƒ(ç™¾åˆ),cartoon-cover/20190420/1555751935233.jpg,1
261,å°ä¸€è½®çš„çº¯çˆ±å¥³å­©,cartoon-cover/20190420/1555751934546.jpg,1
260,ä¸Šå¸çš„å¦»å­,cartoon-cover/20190420/1555751932859.jpg,1
259,æƒ³åƒç‹‚çƒ­,cartoon-cover/20190510/1557471019922.jpg,1
258,Bodychange(æ•´å®¹é’ˆ),cartoon-cover/20190510/1557470460420.jpg,1
257,å“¥å“¥çš„ç§˜ä¹¦,cartoon-cover/20190420/1555751868876.jpg,1
256,æ–°è¿›è®­è‚²(çœŸå‡å§å¼Ÿ),cartoon-cover/20190420/1555751868682.jpg,1
254,BURST,cartoon-cover/20190420/1555751867570.jpg,1
253,[BL]ä¸€ä¸å°å¿ƒæ°å¼¯ä½ ,cartoon-cover/20190420/1555751867116.jpg,1
252,å˜æˆç‹—çš„ç”·äºº(ç‰©ç§è½¬æ¢),cartoon-cover/20190420/1555751866330.jpg,1
251,æ­»äº¡å¤©ä½¿,cartoon-cover/20190420/1555751866567.jpg,1
250,è§‰é†’,cartoon-cover/20190420/1555751866161.jpg,1
249,TEAM PLAY,cartoon-cover/20190420/15557518658.jpg,1
248,æ¥¼å‡¤(ä¸æ•¬ä¸šçš„å°å§å§),cartoon-cover/20190518/1558150687939.jpg,1
247,ç©ç«,cartoon-cover/20190420/155575186498.jpg,1
246,å¶ç„¶,cartoon-cover/20190510/1557470725310.jpg,1
243,å‚€å„¡ç›è‰(å¯»æ‰¾æ¢…è‰),cartoon-cover/20190420/1555751863384.jpg,1
242,æ¿€æƒ…å¼€éº¦æ‹‰,cartoon-cover/20190420/1555751863775.jpg,1
241,èŠ±å† : æ— æ³•ç››å¼€çš„èŠ±,cartoon-cover/20190420/1555751862352.jpg,1
240,ä¸‘é—»ç¬¬äºŒå­£,cartoon-cover/20190420/155575186236.jpg,1
239,é”€é­‚ä¹‹æ‰‹,cartoon-cover/20190420/1555751861185.jpg,1
237,æ®‹å­˜,cartoon-cover/20190420/155575184176.jpg,1
236,ç¥çš„ç¤¼ç‰©,cartoon-cover/20190420/1555751841101.jpg,1
235,White Girl,cartoon-cover/20190420/1555751841224.jpg,1
233,æƒ³å…¥éé,cartoon-cover/20190420/1555751839487.jpg,1
232,SEED The Beginning,cartoon-cover/20190420/1555751838720.jpg,1
231,åŒé¢åœ£å¥³,cartoon-cover/20190420/1555751838461.jpg,1
230,è¿·äººçš„å¥¹,cartoon-cover/20190420/1555751837188.jpg,1
229,æ€§æº¢æˆ¿å±‹,cartoon-cover/20190420/1555751837683.jpg,1
228,æ·‘å¥³èŠ±è‹‘,cartoon-cover/20190420/1555751837528.jpg,1
226,æ‹œè¨—ï¼Œå§¦è§†æˆ‘å§,cartoon-cover/20190420/1555751836164.jpg,1
225,æœ‹å‹å¦»,cartoon-cover/20190420/1555751835643.jpg,1
222,å¸®äººå®¶ç”»å˜›(å¥‡å¦™åŒå±…),cartoon-cover/20190510/1557470657385.jpg,1
221,è€å©†å›æ¥äº†,cartoon-cover/20190510/1557470897627.jpg,1
220,å‚¬çœ å¸ˆ,cartoon-cover/20190530/1559181677434.jpg,1
219,å¤§å”,cartoon-cover/20190510/1557470556518.jpg,1
218,é˜´æ¹¿è·¯,cartoon-cover/20190510/155747069692.jpg,1
215,å…»å¥³,cartoon-cover/20190420/1555751770431.jpg,1
214,å¤±è¸ª,cartoon-cover/20190510/1557470898976.jpg,1
213,ç¥ç§˜è´å£³å²›,cartoon-cover/20190530/1559181677203.jpg,1
212,ä¸‘é—»ç¬¬ä¸€å­£,cartoon-cover/20190510/1557470500395.jpg,1
211,è„±å…‰å…‰å°å²›,cartoon-cover/20190510/1557470769929.jpg,1
210,ç¦»å©šæŠ¥å‘Šä¹¦2,cartoon-cover/20190420/1555751767198.jpg,1
209,é‚£é‡Œçš„é¦™æ°”,cartoon-cover/20190510/1557470913677.jpg,1
208,ç²‰çº¢æŠ¥å‘Šä¹¦,cartoon-cover/20190510/1557470936651.jpg,1
207,å»¶å¸Œ,cartoon-cover/20190420/1555751766638.jpg,1
205,17ç§æ€§å¹»æƒ³ï¼ˆç¬¬äºŒå­£ï¼‰,cartoon-cover/20190510/1557471238819.jpg,1
204,é€è§†ï¼å¥³å­æ¸¸æ³³éƒ¨,cartoon-cover/20190420/1555751764378.jpg,1
203,å±é™©çš„å¥³äºº,cartoon-cover/20190420/1555751763908.jpg,1
202,å¯¹æˆ‘è€Œè¨€ä¸ç®€å•çš„å¥³äºº,cartoon-cover/20190420/1555751763795.jpg,1
201,è´ŠåŠ©è€…,cartoon-cover/20190420/1555751762580.jpg,1
200,æ–¯å¾·å“¥å°”æ‘©ç—‡å€™ç¾¤,cartoon-cover/20190420/1555751761518.jpg,1
199,ä¸Šæµç¤¾ä¼š,cartoon-cover/20190420/1555751761524.jpg,1
198,ç¤¾åŒºçš„ç¥ç¥•ç¾å®¹é™¢,cartoon-cover/20190420/1555751760848.jpg,1
197,æƒ…æ…¾çµè¯,cartoon-cover/20190510/1557471164651.jpg,1
196,æ— æ³•è‡ªæ‹”,cartoon-cover/20190420/1555751746312.jpg,1
195,çŒç‰©,cartoon-cover/20190510/155747048383.jpg,1
194,10äºº10è‰²ï¼šåˆä½“éªŒ,cartoon-cover/20190420/1555751745891.jpg,1
193,å˜˜ï¼å§Šå§Šçš„è¯±æƒ‘,cartoon-cover/20190420/1555751745767.jpg,1
191,å±é™©äº¤æ¢,cartoon-cover/20190420/1555751743916.jpg,1
190,ä½é€Ÿç”·é«˜é€Ÿå¥³(åå·®æƒ…ä¾£),cartoon-cover/20190420/1555751743281.jpg,1
189,å¶åƒç‹™å‡»æ‰‹,cartoon-cover/20190420/1555751742515.jpg,1
187,äººå¦»æ€§è§£æ”¾3:ç²—ç³™çš„æ‰‹,cartoon-cover/20190518/1558150751220.jpg,1
185,è›‡ç²¾æ½®ç©´,cartoon-cover/20190420/1555751739286.jpg,1
184,é‡é“å‰§åœº,cartoon-cover/20190420/1555751738909.jpg,1
183,Mom cafe,cartoon-cover/20190420/155575173780.jpg,1
182,ä¸€èµ·äº«ç”¨å§,cartoon-cover/20190420/1555751737344.jpg,1
181,å§Šå§Š:è²(å§å§:è²),cartoon-cover/20190510/1557470848646.jpg,1
179,å·çª¥ä¿±ä¹éƒ¨,cartoon-cover/20190420/1555751734225.jpg,1
178,æˆ‘çš„Må±æ€§å­¦å§,cartoon-cover/20190420/1555751732615.jpg,1
177,å±é™©çš„çˆ±(å®¶åº­æ•™å¸ˆ),cartoon-cover/20190420/1555751292871.jpg,1
176,H-Mate,cartoon-cover/20190518/1558150593366.jpg,1
175,å§Šå¦¹ä¸¼é¥­,cartoon-cover/20190420/1555751290196.jpg,1
174,MAD:å°å§ä¸å¸æœº,cartoon-cover/20190420/1555751290356.jpg,1
173,TOUCH ME,cartoon-cover/20190420/1555751290425.jpg,1
172,æ·«ä¹±åŠå…¬å®¤(OFFICE TROUBLE),cartoon-cover/20190420/1555751289438.jpg,1
170,å¥´å®¶æ€æƒ³,cartoon-cover/20190420/1555751289706.jpg,1
169,æ¬²æ±‚ç‹(Super Dick),cartoon-cover/20190420/1555751288105.jpg,1
167,Loser,cartoon-cover/20190420/155575128444.jpg,1
166,å¥¹çš„ç§˜å¯†ç©ºé—´,cartoon-cover/20190530/1559181679724.jpg,1
165,è¯—æ©,cartoon-cover/20190510/1557470558624.jpg,1
164,å •è½æ¸¸æˆ,cartoon-cover/20190510/1557470773803.jpg,1
163,æˆ‘çš„ç§˜å¯†ç ²å‹,cartoon-cover/20190510/1557471016317.jpg,1
162,æ¢¦é­‡,cartoon-cover/20190420/1555751280606.jpg,1
161,æ— åå²›,cartoon-cover/20190510/1557471298659.jpg,1
160,é’æ¶©ç”·å­©åˆä½“éªŒ,cartoon-cover/20190420/1555751279952.jpg,1
158,è¦äº¤æ¢å—?,cartoon-cover/20190510/1557470651790.jpg,1
157,17ç§æ€§å¹»æƒ³ï¼ˆç¬¬ä¸€å­£ï¼‰,cartoon-cover/20190420/1555751265333.jpg,1
156,å“ªé‡Œåå,cartoon-cover/20190510/1557470886455.jpg,1
155,å´”å¼ºæ€§æ°”ä¸æœ´é“¶æ…§,cartoon-cover/20190420/1555751264879.jpg,1
154,æ­»äº†éƒ½è¦çˆ±çˆ±,cartoon-cover/20190420/1555751264857.jpg,1
151,åƒåœ¾ç”·,cartoon-cover/20190420/1555751263111.jpg,1
149,æ‹çˆ±è¾…åŠ©å™¨,cartoon-cover/20190510/155747083051.jpg,1
148,æœ›æœˆä»™å¥³ä¼ è¯´,cartoon-cover/20190420/1555751262547.jpg,1
147,LOVE çˆ±çš„å¯¼èˆªG,cartoon-cover/20190420/1555751262447.jpg,1
146,ç¦»å©šç”·å¥³,cartoon-cover/20190420/1555751261667.jpg,1
144,æ„Ÿæ€§å˜æ€,cartoon-cover/20190420/1555751261705.jpg,1
143,æ²¡æƒ³åˆ°å¦¹å¦¹ä¼šé‚£æ ·,cartoon-cover/20190420/1555751260478.jpg,1
142,è´è¶ä¹‹æ¢¦,cartoon-cover/20190420/1555751260249.jpg,1
141,æˆäººçš„æ»‹å‘³,cartoon-cover/20190420/1555751260956.jpg,1
140,ç†Ÿå¥³çš„æ»‹å‘³,cartoon-cover/20190420/1555751259199.jpg,1
139,ç¥¸ä¹±,cartoon-cover/20190420/1555751259717.jpg,1
138,30cmç«‹çº¦äºº,cartoon-cover/20190420/1555751258967.jpg,1
136,å­¦å¦¹åˆ«æ”¾è‚†,cartoon-cover/20190420/1555751245607.jpg,1
135,æ–°ç”Ÿæ·«ä¹±æ—¥è®°,cartoon-cover/20190420/1555751242665.jpg,1
134,åŒå±…,cartoon-cover/20190510/1557470918187.jpg,1
132,æˆ‘ä¸å¦“å¥³ç»“å©šäº†,cartoon-cover/20190510/1557470462826.jpg,1
131,æ³¥æ²¼,cartoon-cover/20190521/1558406060428.jpg,1
130,çŒªåœˆ,cartoon-cover/20190510/1557470895107.jpg,1
129,å°è£¤è£¤ç²¾çµ,cartoon-cover/20190519/1558234109128.jpg,1
128,é«˜è·Ÿé‹,cartoon-cover/20190420/1555751237234.jpg,1
126,å‡ºè½¨,cartoon-cover/20190510/1557470554504.jpg,1
125,åƒé‡Œå¯»çˆ±,cartoon-cover/20190420/1555751235325.jpg,1
124,åˆæ‹ç‰©è¯­(æƒ…äº‹ç‰©è¯­NEXT),cartoon-cover/20190510/1557470785721.jpg,1
123,è°ƒæ•™å¥³å¤§ç”Ÿ,cartoon-cover/20190510/1557470761355.jpg,1
122,ç›®æ ‡å°±æ˜¯å¦³å†…è£¤,cartoon-cover/20190420/1555751233811.jpg,1
120,è¾£é­…å½“å®¶,cartoon-cover/20190420/1555751233957.jpg,1
119,å±é™©æ€§èµŒæ³¨,cartoon-cover/20190420/1555751232140.jpg,1
118,æš´å¾’,cartoon-cover/20190420/1555751231838.jpg,1
117,æ·«è¡çš„å¦»å­ä»¬,cartoon-cover/20190510/1557470762434.jpg,1
116,æ·«ä¹±é­”é¬¼,cartoon-cover/20190420/1555751205258.jpg,1
115,æˆ‘å’Œå§å¤«(ä¸¤ä¸ªå¥³äºº),cartoon-cover/20190510/1557470915192.jpg,1
114,ä¸›æ—çˆ±çˆ±æ³•åˆ™,cartoon-cover/20190510/1557471013331.jpg,1
113,æ•å¸Œ(çº¢è‰²å°è®°),cartoon-cover/20190420/1555751204130.jpg,1
112,è…¹é»‘å¥³çš„å¼‚æƒ³ä¸–ç•Œ,cartoon-cover/20190420/155575120443.jpg,1
111,çŒªä»”å†œåœº,cartoon-cover/20190420/1555751203819.jpg,1
110,Dream Girl(æˆ‘çš„æœºå™¨å¥³å‹),cartoon-cover/20190420/1555751203992.jpg,1
109,å¤œèŠ±,cartoon-cover/20190420/1555751203434.jpg,1
108,æ¶æ¢¦,cartoon-cover/20190420/1555751203391.jpg,1
107,ç½ªä¸ç½š,cartoon-cover/20190420/1555751202191.jpg,1
104,æ€§ç‹ä¹‹è·¯(é‡è¿”æ‹³å›),cartoon-cover/20190420/1555751201500.jpg,1
103,äººå¦»çš„ç§˜å¯†,cartoon-cover/20190420/1555751201965.jpg,1
102,æœˆçº¢å¤œèŠ±,cartoon-cover/20190420/1555751201569.jpg,1
101,å•µå•µå•µ,cartoon-cover/20190420/1555751201943.jpg,1
100,è…¥çº¢ä¹‹å£,cartoon-cover/20190420/1555751200605.jpg,1
98,æµæµªçŒ«,cartoon-cover/20190420/1555751199799.jpg,1
97,æš§æ˜§,cartoon-cover/20190420/155575118632.jpg,1
96,ä»Šå¤©çš„è€å…¬,cartoon-cover/20190420/1555751185149.jpg,1
95,æ·«stagram,cartoon-cover/20190420/1555751185246.jpg,1
93,çˆ¸çˆ¸çš„å¥³äºº,cartoon-cover/20190420/1555751184563.jpg,1
92,çª¥è§†(ç¼éš™),cartoon-cover/20190420/1555751182979.jpg,1
90,å‰ç”·å‹å‰å¥³å‹,cartoon-cover/20190510/1557470781617.jpg,1
89,å‡Œè¾±è´©å–æœº,cartoon-cover/20190510/1557470937182.jpg,1
88,åœˆå¥—,cartoon-cover/20190510/1557471303691.jpg,1
87,æ¹¿å®¶ä¾¦æ¢(è§£å¿§ä¾¦æ¢ç¤¾),cartoon-cover/20190521/1558406047634.jpg,1
86,LOVEä¸åŠ¨äº§,cartoon-cover/20190420/1555751180433.jpg,1
85,æ€§ç™–å¥½,cartoon-cover/20190510/1557470890921.jpg,1
84,"ä»Šå¤©,åŠ ç­å¥½å’©?(éšç’çš„æ‹æƒ…)",cartoon-cover/20190510/1557470889371.jpg,1
83,è™å¦»æ¸¸æˆ,cartoon-cover/20190420/1555751179564.jpg,1
81,è°ƒæ•™å®¶æ”¿å¦‡,cartoon-cover/20190510/1557471162716.jpg,1
80,ç¦å†ˆçš„å¥³äººä»¬,cartoon-cover/20190420/155575116395.jpg,1
79,æ— æ³•éšè—,cartoon-cover/20190420/1555751163132.jpg,1
78,æ¬¢ä¹æ»¡å±‹,cartoon-cover/20190420/1555751163345.jpg,1
76,Commission(å§”å‘˜ä¼š),cartoon-cover/20190420/1555751162500.jpg,1
75,å¤©ä½¿çš„çœ¼æ³ª,cartoon-cover/20190420/1555751161651.jpg,1
71,é‡å…½,cartoon-cover/20190420/1555751160588.jpg,1
70,ACE:ç¦æ–­çš„è¯ˆæ¬ºä¹‹å¤œ,cartoon-cover/20190420/1555751159677.jpg,1
69,æ·±å¤œä¾¿åˆ©åº—,cartoon-cover/20190420/1555751159260.jpg,1
68,ç§ç”Ÿ:çˆ±åˆ°ç—´ç‹‚,cartoon-cover/20190420/1555751159189.jpg,1
67,åˆæ‹ç—‡å€™ç¾¤,cartoon-cover/20190420/1555751158719.jpg,1
66,Honey trap ç”œèœœé™·é˜±,cartoon-cover/20190420/1555751157780.jpg,1
65,Hæ ¡å›­,cartoon-cover/20190518/155815063487.jpg,1
61,ä»£ç†å­•æ¯,cartoon-cover/20190420/1555751154371.jpg,1
59,æ— çœ ä¹‹å¤œ(éš”å¢»æ‰€çˆ±),cartoon-cover/20190420/1555751136612.jpg,1
58,ç…¦å¨œ,cartoon-cover/20190420/1555751136415.jpg,1
57,ç”œç¾å¥³å­©,cartoon-cover/20190420/1555751135486.jpg,1
56,äº¤å¾€çš„æ¡ä»¶,cartoon-cover/20190420/1555751135100.jpg,1
55,äººå®¶è¯´çš„ä½ éƒ½åšå¼,cartoon-cover/20190420/1555751134482.jpg,1
54,æˆ‘çš„å¤§å”,cartoon-cover/20190420/1555751134245.jpg,1
52,åˆæ‹æƒ…ç»“(æŠ¥å‘Šå­¦é•¿),cartoon-cover/20190420/1555751133695.jpg,1
51,å•ªå•ªå•ªè°ƒæ•™æ‰€,cartoon-cover/20190420/1555751133913.jpg,1
50,åˆ¶ä½œäºº:ç»ƒä¹ ç”Ÿ(é‡‘ç‰Œä½œæ›²å®¶),cartoon-cover/20190420/1555751132409.jpg,1
49,æ¯çŒªå…»æˆè®¡åˆ’,cartoon-cover/20190420/1555751132905.jpg,1
46,The Day,cartoon-cover/20190510/1557470943137.jpg,1
45,æ•çŒæ¯çŒª,cartoon-cover/20190510/1557471304280.jpg,1
44,æœ‹å‹çš„å¦»å­ï¼šæœ‰å¦³åœ¨çš„å®¶,cartoon-cover/20190510/1557470654821.jpg,1
43,å¥½æœ‹å‹çš„å¥³æœ‹å‹,cartoon-cover/20190510/155747089294.jpg,1
42,æ‹çˆ±å¤§æ’æ¡£,cartoon-cover/20190420/1555751127102.jpg,1
41,ä¿å¦å’–å•¡é¦†,cartoon-cover/20190510/1557471165477.jpg,1
40,é’æ˜¥:é€†é¾„å°é²œè‚‰,cartoon-cover/20190420/1555751107166.jpg,1
39,æœ¬èƒ½è§£å†³å¸ˆ,cartoon-cover/20190420/1555751106377.jpg,1
38,éª—å±€,cartoon-cover/20190420/1555751106889.jpg,1
34,Sheï¼šæˆ‘çš„é­…æƒ‘å¥³å‹,cartoon-cover/20190420/1555751102966.jpg,1
33,ä»–ä¸å¥¹,cartoon-cover/20190530/1559181678488.jpg,1
32,åŒé‡æ‹çˆ±(æ˜¼å¤œç”·å¥³),cartoon-cover/20190510/1557470557740.jpg,1
31,åˆ¶æœçš„è¯±æƒ‘(å¥³è£…è®¾è®¡å¸ˆ),cartoon-cover/20190510/1557470771744.jpg,1
30,æ¹˜äºš:ç§¯æè¿½æ±‚æ”»åŠ¿,cartoon-cover/20190510/1557471014880.jpg,1
29,ç ç‰™,cartoon-cover/20190420/1555751101351.jpg,1
28,My lovedoll,cartoon-cover/20190510/155747129650.jpg,1
27,é¸­ç‹(åº”å¬å…ˆç”Ÿ),cartoon-cover/20190510/1557471221569.jpg,1
26,æŠ±æ­‰å§æ˜¯å˜æ€,cartoon-cover/20190420/1555751100634.jpg,1
25,ç§˜å¯†Story,cartoon-cover/20190510/1557470650764.jpg,1
24,å¹»æƒ³ä¸­çš„å¥¹,cartoon-cover/20190420/1555751100179.jpg,1
23,å¸®æ´¾å¥³å©¿,cartoon-cover/20190420/1555751100936.jpg,1
22,æˆ‘å¥³å‹æ˜¯AVå¥³ä¼˜,cartoon-cover/20190420/1555751099978.jpg,1
21,æˆ‘çš„è‰²è‰²å¤œè¯´,cartoon-cover/20190420/1555751099381.jpg,1
20,è¯±æƒ‘,cartoon-cover/20190510/1557470656982.jpg,1
19,äºšå“ˆè·¯,cartoon-cover/20190510/1557470894110.jpg,1
18,10äº¿é£éªšè€é—†å¨˜,cartoon-cover/20190510/1557471082110.jpg,1
17,é­”é¬¼,cartoon-cover/20190420/1555751086247.jpg,1
16,æ— æ³•è‡ªæ‹”çš„å£çº¢èƒ¶,cartoon-cover/20190510/1557470548178.jpg,1
15,å¥³åŠ©æ•™,cartoon-cover/20190510/1557470547795.jpg,1
14,ä¸‘é—»ç¬¬ä¸‰å­£,cartoon-cover/20190420/1555751085776.jpg,1
13,çº¢æå‡ºå¢™,cartoon-cover/20190510/1557470759634.jpg,1
12,ç¥çº§å…¬åŠ¡å‘˜,cartoon-cover/20190420/1555751084300.jpg,1
11,ä¸ä¼¦é©¾è®­ç­,cartoon-cover/20190510/1557471011899.jpg,1
10,ç§Ÿçˆ±å¥—æˆ¿,cartoon-cover/20190420/1555751084560.jpg,1
8,å°é‡çŒ«é©¯æœæ‰‹å†Œ,cartoon-cover/20190420/1555751083879.jpg,1
7,åˆç†æ€€ç–‘,cartoon-cover/20190420/1555751083623.jpg,1
4,ç´¢å¤šç›ä¿±ä¹éƒ¨,cartoon-cover/20190420/1555751081838.jpg,1
3,MY OFFICE LADYS(ç™½é¢†ä¸½äºº),cartoon-cover/20191129/1575001769742.jpg,1
2,æ°´è›­,cartoon-cover/20190420/1555751080263.jpg,1
1,å¼€å‘æ€§å‘³è•¾,cartoon-cover/20190420/1555751079122.jpg,1
