,漫画ID,标题,作者,封面,内容简介,是否完结,最新章节,题材类型,关键字,评分
0,13744,继母的朋友们,Red-A &amp;amp;amp;amp; 頸枕,/bookimages/1513/7dd21318-a849-43dc-963f-3a01b048d423.jpeg,「我看过…那影片了…!」宅男继子像平常一样在房间裡面看影片，却意外发现继母和她朋友们的祕密。揭开这件祕密的硕宇，渐渐与她们纠缠在一起…,连载中,第15話-坦白一切,其他,"继母,淫荡,多P,乱伦,宅男,巨乳勾引",9.87
1,13798,超市的漂亮姐姐,北鼻&amp;amp;逃兵,/bookimages/1559/da154681-e383-4859-a484-44322385fb4c.jpeg,暗恋着超市女店员的正邦，某一天发现了她的秘密，该怎么利用这个秘密乖乖让她听话呢...,连载中,第10話-想嚐嚐看學姐的胸部,其他,"巨乳,偷情,刺激,勾引",9.86
2,13758,超会卖女业务,MAD; 洋洋,/bookimages/1536/830b8c98-0091-4b9e-8df6-11249d2f0b09.jpeg,超会卖女业务：昌寿开了间最新流行的保健食品店，但不善经营的他面临赤字危机。自从他请来了一位魔鬼身材的女员工后，业绩竟直直攀升!究竟她有什麼样的秘诀呢?,连载中,第14話-老闆，我需要你的安慰,其他,"壮阳药,魔鬼身材,女员工,巨乳",9.86
3,13741,与前妻同居,李大八 ;  黑兔,/bookimages/1510/1ca36f82-6305-402f-8ce7-5f2e11fa67f1.jpeg,「我们最后要不要来打个分手炮?」 一对貌合神离的夫妻，在前往法院办理离婚的路上，做完最后一场的性爱后，两人的关系却开始有了微妙的变化…,连载中,第21話-你的身體讓我慾火焚身,其他,"分手炮,同居,巨乳,勾引,熟女,大尺度",9.76
4,13738,退货女友,MIUMIU; 哈魯娜,/bookimages/1508/cb18ca54-d2d0-481c-a95d-ab077b093e9e.jpeg,留下性爱影片就消失的前女友突然被退回了家门前，而且还有种精神不太正常的感觉。糊里糊涂地开始和她展开同居生活，究竟会发生什么事呢?,连载中,第23話-恢復記憶的恩雅,其他,"性爱影片,巨乳,同居,性感,勾引,极品",9.88
5,13503,致命游戏,猴子團隊,/Public/Uploads/img/20191125/5ddbe4e451781.jpg,20年前曾犯下連續殺人案的慈善事業家得知自己所剩日子不多，為了完成此生唯一遺憾，他找了17個人來幫他完成夢想…,连载中,第39話-加害人永遠都不記得,其他,"惊悚,犯罪,肉欲,正妹,性感,诱惑",9.88
6,13732,亲爱的大叔,F-set ; 碩知,/bookimages/1503/4405c33d-dcf3-4a6d-b013-18217913fb14.jpg,對大叔而言，我只不過是個小女孩…但大叔你知道嗎?我每天都幻想著與你…,连载中,第29話-少女純粹的慾望,其他,"大叔,巨乳,萝莉,少女,性幻想",9.88
7,13742,难言之隐,SSAEM,/bookimages/1511/299b1959-6438-483d-9e0a-b1bcf6979150.jpeg,平凡的国考生又廷有个无法向别人提起的致命缺点，那就是…他有严重的早洩问题!无法满足自己的正妹女友让他相当烦恼…因缘际会下他来到一间以性治疗闻名的中医诊所...,连载中,第19話-我們要不要...那個,其他,"早泄,巨乳,女大学生,性感,治疗",9.83
8,13791,老婆的姐姐,肉体家族,/bookimages/1556/ae7e9259-712e-45f8-8865-1e33b40914dd.jpeg,在结婚纪念旅行途中发生意外，导致双眼失明的妻子，没有死，到底是幸，还是不幸？不知不觉间，我开始在意住在一起的老婆的姐姐...,连载中,第11話-射到姐的體內,其他,"人妻,姐姐,偷情,出轨,刺激",9.86
9,13736,爱徒,林巨星,/bookimages/1506/c107e89f-7349-419f-88ee-d080785495a0.jpeg,曾紅極一時的落魄畫家，收了朋友女兒當學生。天使臉孔魔鬼身材的她，讓單純的美術課開始走向另一門藝術…,连载中,第26話-對老師的愛撫念念不忘,其他,"女学生,魔鬼身材,巨乳,勾引,诱惑",9.89
10,13612,淫新小套房,吳三斤;活火山,/bookimages/1238/ca6b2d48-8823-410e-b096-e7505bce5383.jpg,江霖在租屋處與卉美姐初嚐禁果後，卉美姐便經常到小套房去為他「親身」授課...,连载中,第98話-火熱的報答,其他,"巨乳,肉欲,女大学生,套房,戏剧,大尺度",9.75
11,13734,新闻主播,husky team； 勇次郎,/bookimages/1505/13a1289c-2968-4719-adab-09f3d2ed554b.jpg,刘在宇曾是被寄予厚望的主播，却因为恪守信念被长官处处针对，沦为只能做代打主播的命运。对在宇来说，自己的女友同时也是电视台最强女神江韶云，是他的唯一的避风港。,连载中,第27話-迫不及待的她,其他,"主播,办公室,黑丝,高跟鞋,巨乳,正妹",9.88
12,13453,媳妇的诱惑,周君 ; 朴孝中,/bookimages/1478/849e01e7-4d71-4c37-8c40-14cd3a5e2313.jpg,剛嫁做人婦的薇娜，又漂亮又會做家事。但她有個不可告人的秘密，就是…她想要將公公據為己有!,连载中,第45話-好想生一個爸爸的孩子,其他,"调教,正妹,老少配,公公,不伦,巨乳,勾引",9.88
13,13579,"朋友, 女朋友",敏英 ; 柳極兆,/bookimages/1473/77aa8cd6-a37d-46c2-b4b2-75006a76acc7.jpg,為了讓從沒交過女友的慶秀得以美夢成真，他的死黨與死黨女友開始了一系列一對一的重點特訓...,连载中,第47話-裸露的下半身按摩,其他,"巨乳,初体验,正妹,同居,3P,性感",9.82
14,13719,健身教练,G.HO ; 高孫志,/bookimages/1498/718d5ece-f2ea-46bd-9d36-f8bf8ee46fad.jpg,贤秀是业绩万年垫底的健身教练，而组长杰森凭著销售能力和亲密的肢体接触长年独佔业绩第一名的宝座。当青梅竹马来到健身房运动时，贤秀要怎麽阻止她遭受到杰森的毒手呢？,连载中,第30話-搭訕劉俐雅的傑森組長,其他,"巨乳,肉欲,青梅竹马,勾引,健身",9.86
15,13504,堕落教师,Hodat ; 高孫志,/bookimages/1458/7ab775a5-59b3-493b-847f-c67dd4511ea8.jpg,秀哲單戀著自己的數學老師，但是他不光是「蠢蠢的愛著」，而是有計畫性地一步一步讓數學老師變成自己的女人!,连载中,第54話-盡情享用珠媛的秀哲,其他,"数学老师,性奴,学生,多人,巨乳,性感,丝袜",9.89
16,13508,别人的老婆,Tula; 塔蘭,/bookimages/1470/9da7db58-c2b9-4486-a4d9-4c1837db27c8.jpg,才剛新婚六個月，本該過著甜蜜生活的宇赫。卻無法對心愛的老婆執行男人的義務！但某天晚上卻因為一個意外，讓他發現了提昇興致的方法…,连载中,第51話(第2季)-前妻的熱情服務,其他,"肉欲,调教,有夫之妇,3P,多人,偷情,巨乳",9.93
17,13359,Run away,Rangrari ; 鋼鐵王,/bookimages/1453/8f38be6d-38f3-4c8e-b98a-25d43da4cafe.jpg,東哲悄悄接近了喪失記憶、徘徊在樹林中的娜連，想要強暴她；娜連逃離了東哲的魔掌後，戲劇性地和自己的老公奇泰重逢…,连载中,第60話-尹秘書...你剛剛說什麼啊,其他,"巨乳,妻子,监禁,逃跑,性感,诱惑,强暴",9.83
18,13800,享乐补习街,NUWARU&amp;清涼,/bookimages/1562/eeb00f20-b882-4b4b-83a7-45ecf3af4c3f.jpeg,要不要加入读书会，一起研究考上的秘诀呀？在这条补习街上，每个人拼了命想出头天，加入对的读书会，不但可以带你上天堂，还能“精”榜题名！,连载中,第9話-軟綿綿的酥胸,其他,"补习,巨乳,学生妹,群交",9.88
19,13801,妹妹的义务,大手,/bookimages/1561/9a93dfa8-23e9-4d2f-8c2e-bafdba52faf4.jpeg,偶然发现班长秘密的佳伟，被班长视为眼中钉，每天生不如死。佳伟的妹妹妍柔，看了哥哥的日记发现他被霸凌，决定去找加害人谈判......“哥，这次换我保护你”,连载中,第9話-給“國軍”的特別服務,其他,"校园霸凌,谈判,肉体,巨乳",9.92
20,13767,家教老师,CreamMedia,/bookimages/1538/f334e3d6-45c6-45bc-88c1-b8b1e74845e7.jpeg,平凡重考生承睿的妈妈为他请来了一位美女家教老师，「80分胸部、85分私处、90分任你处置」，究竟正值20岁、性慾旺盛的承睿能不能摆脱童贞呢?,连载中,第13話-另一個家教老師,其他,"美女,家教,性欲,勾引",9.82
21,13775,超导体鲁蛇,朴亨俊 &amp;amp;amp; 李元植,/bookimages/1543/42739b26-bf64-4965-83c2-aa55a79c8a27.jpeg,一场意外后获得的「特殊能力」，让高豪爽成为每个女人渴望的对象，就此展开鲁蛇波澜万丈的「性」福人生!,连载中,第15話-又遇見她了,其他,"超能力,巨乳,性感,渴望",9.87
22,13376,隔壁母女,劉勝裴,/bookimages/1489/95c82727-3d0b-4405-9f57-442a7431d9f6.jpg,善宇曾是小有名氣的畫家。某天，曾出現在他夢中的少女，與她的美麗母親出現在他面前…,连载中,第36話-越來越複雜的關係,其他,"巨乳,正妹,女大学生,母女,多人",9.85
23,13740,邻居人妻,李周元 ; 頸枕,/bookimages/1509/7d070df0-f8d4-44dc-85e3-544a0258d9a1.jpeg,才新婚一年，柏齐跟太太的性生活就面临危机。此时出现的邻居人妻，前凸后翘的身材佔据了柏齐的所有思绪…,连载中,第21話-快點，不然會被別人看到,其他,"人妻,巨乳,翘臀,性欲,出轨,大尺度",9.89
24,13242,"下女,初希",KIMONO,/bookimages/1452/00f145e4-f585-4c54-ae8f-2849c60a5524.jpg,擁有美麗的律師太太、優秀的兒子，身為家中最沒地位的丈夫，在遇見太太聘用的新女傭時，生活開始失控…,连载中,第57話-重拾過去的老公,其他,"女佣,偷情,巨乳,家政妇,戏剧,失控",9.84
25,13576,弱点,Gyou;Husky team,/bookimages/1389/89df535d-c723-4277-8c30-aa4d028dfda9.jpg,金東振是個靠關係撈到律師事務所裡一個低階職位的魯蛇。事務所裡最年輕的美女律師－劉世琳成天鄙視金東振，但礙於地位天差地遠，東振完全不敢反抗劉世琳。某天，金東振偶然發現了尹世,连载中,第66話-復仇的決心就是最強的動力,其他,"办公室,戏剧,肉欲,秘书,美女律师,弱点",9.76
26,13606,漂亮干姐姐,犬子,/Public/Uploads/img/20200302/5e5c7dea7c21c.jpg,志豪與慧美從小一起長大，多熙則是慧美的大學時期閨蜜，三人的感情在志豪大二後開始有了化學變化...,连载中,第78話-前女友的助言,其他,"戏剧,浪漫,女大学生,同居,干姐姐,翘臀",9.85
27,13717,朋友的姐姐,Sean Kim ; 鍾普林,/bookimages/1496/7c5ed2a1-3412-4b48-8e26-44ab8e341ecd.jpg,喜欢偷看别人上床，血气方刚的高中生恆轩，这次在偷窥过程中意外被抓包!情急之下躲进隔壁房间，却没想到房间内有个一丝不挂的女人…!,连载中,第30話-阿姨怎麼可以這樣對我,其他,"偷窥,抓奸,肉欲,性感,乱伦,高挑",9.88
28,13718,秘密教学,美娜讚 &amp;amp;amp; 鋼鐵王,/bookimages/1497/f3694e3f-5842-4dd9-8489-7d87bf28ed11.jpg,13歲那年成為孤兒的子豪，被爸爸的朋友收養。然而成年後的子豪卻對男女交往一無所知，阿姨與姊姊們決定給純潔的子豪，來場教學…,连载中,第31話-很在意子豪的視線,其他,"孤儿,初体验,正妹,巨乳,观淫",9.79
29,13355,江南罗曼史,李單&amp;蜂蜜美乃滋,/bookimages/1229/942_1545792451.9057.jpg,在錢的面前，哪還有自尊可言... 為錢下海的朵兒，何時有上岸的一天,连载中,第83話-突如其來的離別,其他,"戏剧,浪漫,调教,正妹,酒店,债务,下海",9.85
30,13737,兼职奶妈,豆腐渣,/bookimages/1507/58c78a7a-5073-4334-8158-6d104f7accd3.jpeg,王刚是名独自抚养双胞胎女儿的单亲爸爸，虽然经济状况不好，但他还是下定决心要花大钱让女儿喝母奶。贩卖母奶给王刚的则是一名住在豪宅的少妇侑希...,连载中,第24話-在摩鐵偷情,其他,"少妇,巨乳,自慰,奶妈,偷情,出轨",9.89
31,13714,计划出轨,cocodor ; 文碩培,/bookimages/1494/08eb083e-169a-453f-8db7-077342b77ed9.jpg,平时相当恩爱的泰霖与奕珍，因房事日渐不合饱受痛苦，此时泰霖的前辈向泰霖提出了「计划出轨」的建议…「我们交换伴侣试试看吧?」,连载中,第32話-同床異夢的夫妻,其他,"调教,交换,有夫之妇,不论,出轨,朋友妻",9.89
32,13743,"大嫂,哥哥的女人",Noir ; Project SA,/bookimages/1512/6ce55c92-e898-4c5d-acd8-9c7a2d750652.jpeg,「小叔~要跟我一起吃好吃的吗?」借住在哥哥家的宇豪，这阵子一直很在意同居的大嫂。面对大嫂若有似无的勾引，与强烈的感官刺激，宇豪逐渐陷入了大嫂的诱惑中…,连载中,第18話-無法壓抑的情感,其他,"同居,大嫂,勾引,性感,巨乳,乱伦",9.85
33,13358,S-Mate,龟足,/Public/Uploads/img/20191126/5ddbfe40ca73c.jpg,本魯在H-mate的邀請下，成為了Share house的管理人。在美女雲集的房子裡，究竟誰能替我破處呢?,连载中,第68話-最糟的旅行成為最棒的旅行,其他,"浪漫校园,巨乳,大学生,同居,美女云集",9.78
34,13608,重考生,夜行星 &amp;  柚子,/bookimages/1469/75a7c682-0f23-4b5c-b488-abc8600db9d2.jpg,收到備取通知的當天，備取5的正妹主動聯絡我，說只要我把遞補名額讓給她，她就願意當我炮友…?,连载中,第47話-丹雅的心動搖了,其他,"校园,女大学生,教授,候补,炮友,性感",9.83
35,13733,正妹小主管,富貴鼻 ; 雲河尹,/bookimages/1504/a2a9c7f5-a3a9-4a81-bc65-c815c02470ca.jpg,与女友稳定交往的承浩，虽然女友很漂亮，但他渐渐开始受不了她的个性。此时，承浩终于找到了工作，并在职场上遇到比自己年幼的上司。他与上司间的距离渐渐缩短。。。,连载中,第27話-今晚一定要得到,其他,"办公室,肉欲,大尺度,淫乱,巨乳,丝袜",9.78
36,13604,驯服小姨子,FACON,/bookimages/1399/c8ea9510-40f2-4cd7-9387-1d8abc1312cf.jpg,身材姣好的貌美妻子，加上含苞待放20歲小姨子的雙重誘惑，姊妹丼的滋味你嚐過嗎?,连载中,第69話-性感的房東女兒,其他,"有夫之妇,姐妹,女大学生,性感,小姨子,含苞欲放",9.82
37,13722,兄妹关系,Irun ; 草莓味橘子,/bookimages/1501/207cfa65-0a41-4290-8bc4-ad65f8828708.jpg,我的初恋小橘有著出众的外貌，因为父亲再婚让我们成了兄妹。由于不明的原因，她开始疏远我，直到我上大学后某次返家，撞见了她的秘密…,连载中,第29話-吵醒我了，你要負責,其他,"肉欲,初恋,兄妹,同居,乱伦,巨乳",9.87
38,13381,她的高跟鞋,刑作家 ; 橘皮,/bookimages/929/adf00db0-d474-40c2-93ab-9c5e7ffa735a.jpg,「她選擇的不是高跟，而是我的那一根」在叔叔鞋店打工的真宇與四名女客戶碰撞出不同的快感..,连载中,第114話-做愛...有那麼舒服嗎,其他,"戲劇,辦公室,黑絲襪,高跟鞋,巨乳,後宮,正妹,打工仔",9.83
39,13362,秘书的潜规则,CLITO&amp;amp;Elise God,/Public/Uploads/img/20200420/5e9dad0d39814.jpg,勝哲是一間世界最大的情趣用品店的新進員工。這間公司有個非常特別的「一人一秘書制度」，而勝哲也被分派了一個美女秘書，但是…他卻沒想到…女秘書要做的事竟然是…?!,连载中,第72話-銷售策略,其他,"办公室,秘书,潜规则,情趣用品,女秘书",9.85
40,13509,KTV情人,J&amp;amp;amp;amp;B 活火山,/Public/Uploads/img/20200421/5e9ec7e00479a.jpg,她是散播欢乐，散播爱的游乐园员工兼传播妹，正值含苞待放的年纪，却已经迫不及待想让我爽一下…,连载中,第78話-經理的眼中釘,其他,"援交,浪漫,正妹,传播,含苞待放,大尺度",9.75
41,13615,偷窥,李乙 &amp;  經文旗,/bookimages/811/2e0fabe9-ae08-4cd7-b839-6b1c556b1141.jpg,不管是在通勤的路上還是家裡，總有個視線不停遊走在我身上...,连载中,第172話<第3季>-我比那兩個老頭還行,其他,"戲劇,大尺度,觀淫,有夫之婦,公公,儿媳妇,SM",9.89
42,13379,老婆的闺蜜,Minumindu;哈士奇小子,/Public/Uploads/img/20200421/5e9dd2ecae242.jpg,雖然玄秀擁有優秀的妻子，但他的夫妻生活並不美滿。面對公司火辣女同事的誘惑，他該如何選擇呢...,连载中,第71話-不斷湧上的背叛感和怒意,其他,"办公室,朋友的老婆,有妇之夫,不伦,女同事",9.85
43,13796,我的老婆是模特,"可可朵儿,勋塔",/Public/Uploads/img/20200422/5ea0264ba63a3.jpg,啊，啊...看着我的老婆和学长在...我竟然不由自主地打起了飞机...,连载中,,其他,,9.68
44,13795,隔壁的她,精子王,/Public/Uploads/img/20200421/5e9ddcd134743.jpeg,喜欢偷看邻居做爱的清纯少妇竟然下身赤裸的来敲我房门，内心的煎熬让我再也无法...,连载中,,其他,"巨乳,长腿,勾引,偷窥,性感",9.68
45,13794,我的继母是寡妇,"元夏钧,Dingoo",/Public/Uploads/img/20200420/5e9dc164e1e6d.jpg,在安慰和欲望的刺激下...我今天又偷窥了继母，从今往后继母就是我的女人!,连载中,,其他,,9.68
46,13790,毫无保留的她,RedP,/Public/Uploads/img/20200420/5e9d5a3c08736.jpg,背着女朋友带小学妹回家偷吃，让这场性爱探索更加刺激的新手学妹最终成为了熟练的老司机......,连载中,,其他,,9.68
47,13789,上流社会的女人,"koi,香波",/Public/Uploads/img/20200419/5e9c6a4305263.jpg,"淫乱放荡、轻世傲物的她，在遇到他后决心洁身自好，却因那丝快感又与别人上了床...
",连载中,,其他,,9.68
48,13788,天降梦中人,"NarAKA,金明浩",/Public/Uploads/img/20200419/5e9c5f22166dd.jpg,梦中人竟然搬到了我家隔壁，每天的娇喘声都让我兽心难耐，我决定不要再这样意淫她了...,连载中,,其他,,9.68
49,13787,致命的你,石贤,/Public/Uploads/img/20200419/5e9b495d42eeb.jpg,只要和她发生关系就会死亡， 粉嫩香穴化身夺命死神。你会是下一个吗?,连载中,,其他,,9.68
50,13786,心机女教授,★9,/Public/Uploads/img/20200419/5e9b278e61e6e.jpg,再迟到一次就给你挂科！饥渴的心机女教授提出淫秘交易，纯厚的我从此变得纵欲淫乱......,连载中,,其他,,9.68
51,13785,失格妈妈,"Viagra,injak",/Public/Uploads/img/20200418/5e9b154b5df18.jpg,"我竟因儿子的朋友浴火缠身此刻的我只想当个女人...对不起..我是个失格的妈妈。
",连载中,,其他,,9.68
52,13779,假戏真做,Koi | Nara Nya,/Public/Uploads/img/20200413/5e9465bb0d3b3.jpg,假戏真做：为救好友被迫与朋友老婆同居 性感迷人风韵犹存的好友之妻 让韩辉再也抑制不住内心的欲望。。。,连载中,,其他,"偷情,勾引,巨乳,朋友妻",9.68
53,13778,梦幻直播间,艺廉,/Public/Uploads/img/20200413/5e9472269e988.jpg,"欢迎进入梦幻直播间：呻吟粗喘真空尺度的激情直播,让原本零收入的小主播人气飙升,可是...超管真的不出来管管吗?",连载中,第9话：欢迎进入梦幻直播间,其他,"直播,性感,3P,主播,巨乳",9.68
54,13776,偶像养成记,"Viagra,Beck",/Public/Uploads/img/20200409/5e8f43437b56e.jpg,性感女星各种赤裸诱惑还要我这个男人帮她洗澡?!更要命的是我还要跟她同居...,连载中,,其他,"同居,偶像,明星,赤裸",9.68
55,13454,有夫同享,野大豆,/bookimages/1485/8c0a5166-8803-47c0-9ecc-6806f20fae07.png,原本是個浪子的韓大木在遇見金窈窕後住進蒂寶大廈，開始了家庭主夫的生活。偶然間他接觸到了社區裡的婦女會，在和那些有錢卻內心寂寞的婦女會成員們相處之下，他體內的浪子魂逐漸甦醒,连载中,第30話-興奮度MAX,其他,"巨乳,肉欲,调教,大尺度,有妇之夫,不伦",9.87
56,13575,解放一夏,櫸樹,/bookimages/1487/9d7b2dff-d03d-40e5-aca6-b53344f26aed.jpg,向來嚴守婦道的蕙蘭，卻在紙醉金迷的異國意外開啟對情慾的渴望...,连载中,第31話-妻子令人垂涎的朋友,其他,"调教,少妇,黑人,有夫之妇,乱伦",9.86
57,13578,姐妹与继父,外星人 ; 阿拉丁,/bookimages/1480/e9293f29-b998-48ae-9dfb-d7f6f71ce54c.jpg,雖然貧困但幸福的一家三口。突然在某一天女兒逐漸成熟的身體映入了父親的眼簾，就算已經盡力抑制對女兒的慾望，身體卻不聽使喚…,连载中,第29話-令人垂涎欲滴的肉體,其他,"正妹,姐妹,继父,乱伦,老少配,巨乳",9.88
58,13451,人妻姐姐,真Studio,/bookimages/1457/39525288-637c-4ed8-a33b-6b2765c66972.jpg,我很滿意目前跟熟女女友的同居生活，但某天她的人妻好友卻突然闖入了我的心房…,连载中,第35話-未曾預期的結果,其他,"巨乳,有夫之妇,姐姐,人妻,好友老公,偷情",9.84
59,13610,你劈腿了吗?,LSD,/bookimages/1483/e4d6e938-3e26-423b-8425-ab4ca9ba19af.jpg,自從見修發現小春對自己有所隱瞞之後，就對小春產生了距離感與懷疑…她，是不是劈腿了?,连载中,最終話-後來的我們,其他,"背叛,正妹,巨乳,性感,劈腿",9.88
60,13731,实习老师,,/Public/Uploads/img/20191213/5df36c9cb6226.jpg,在夜店巧遇昔日學生的宇威，在不得已的情況下與學生們一同喝酒。酒醒後，卻發現自己一絲不掛，身旁還有女性內衣褲…,连载中,第7話-誘人的雙峰,其他,,9.68
61,13357,Revenge,P ; 朴敏,/bookimages/1474/427cab51-be1d-4fbf-b12c-eb59ccdb9c30.jpg,一段性愛影片，讓準新娘受盡羞辱，趨近崩潰，逐漸走向復仇的不歸路…,连载中,第24話-真相揭曉,其他,"戏剧,性爱影片,准新娘,报仇,正妹,巨乳",9.86
62,13365,金錢與女人,TB Production &amp; 金鴻泰,/bookimages/1481/ae70ad2a-31de-4ef6-9b1f-40faef9d192a.jpg,為了脫離爸爸的掌控與女友結婚，子豪聽信了浩權的提議，想不到卻讓他的人生起了天翻地覆的轉變…!,连载中,第13話-渾身發燙,其他,"肉欲,正妹,权力,多人,性感",9.84
63,13456,我们的非常关系,珠亚,/bookimages/1310/0b9353e9-ffe9-4d9c-ae45-7d069dafabf7.jpg,四年來都形影不離的情侶，在畢業前夕各自認識了新的異性，堅定的關係開始出現裂痕。,连载中,第43話-情深意切的盡頭,其他,"戏剧,浪漫,背叛,正妹,情侣,出轨,偷情",9.77
64,13611,欲求王,黑嘿嘿,/bookimages/1245/8a00187c-7024-422c-81fe-b40f99699074.png,"異於常人的魯蛇,在被雷劈到以後,展開了不平凡的人生...",连载中,第133話-肉棒永不放棄,其他,"巨乳,大尺度,后宫,正妹,雷劈,变异,逆袭",9.86
65,13524,狼爪下的少女,K.;眼药,/bookimages/1246/e480a88c-9468-4845-b2d5-bc6d8007744a.jpg,我被困在一個偏僻山中小村，過著有如性奴般的生活。某天一個長得跟我如出一轍的女人來到山裡自殺了...我決定盜用她身分，破繭而出，當個翩翩飛舞的蝴蝶...!,连载中,第31話-老人的變態嗜好,其他,"大尺度,强迫,奴隶,破茧而出,重生,戏剧",9.75
66,13684,一炮定输赢,Smoke Joker;格子,/bookimages/1311/ae0b0947-1eb0-4e96-89ea-73918315319c.jpg,美娜跟允錫是一對任何事都能賭上性愛來決定的情侶，他們的賭注一次比一次更刺激...,连载中,第33話,其他,"浪漫,情侣比赛,性爱,大尺度,赌注,刺激",9.75
67,13580,女演员,Licang&amp;TB Production,/bookimages/1398/642c0efb-b26c-45b4-8dac-fd86ef3e64d0.jpg,想要進入全國最棒劇團的敏庭，一心夢想成為頂尖女演員。但卻與身為演員前輩的男友還有一同在演員之路打拼的閨蜜距離越來越遠…,连载中,第29話-重溫初夜,其他,"女演员,演艺圈,闺蜜,娱乐圈,性感,制服",9.86
68,13367,触不到的她,纳吉;高运,/Public/Uploads/img/20191103/5dbdb08f67c93.jpg,世界上最遙遠的距離，就是我在妳身邊，但卻督不到妳...,连载中,第29話,其他,"戏剧,浪漫,制服,女大学生,初恋,巨乳",9.75
69,13252,打开她的苞,SSum;TOM,/bookimages/1298/4b525104-f299-48b5-8c01-f72771c9d607.jpg,無法拒絕男人請求的藝芬決意踏上尋找人生伴侶的旅程，究竟她能不能找到能為她開苞的對象呢?,连载中,第11話-人生和XX要看時機,其他,"拒绝,人生伴侣,初体验,开苞,大尺度",9.86
