,标题,作者,类型,是否完结,下载地址,密码,内容,漫画页地址
0,《拳皇》邓耀荣 邝世杰 中文版全套1995-2004年 高清全彩色 香港漫画JPG,邓耀荣 邝世杰,热血,完结,https://pan.baidu.com/s/1N-hm0jxJA9aBS9VlWOG5Lg,xzrb,"<div class=""article-content"">
 <div class=""wp-block-image"">
  <figure class=""aligncenter is-resized"">
   <img alt="""" class=""wp-image-1327"" height=""450"" sizes=""(max-width: 338px) 100vw, 338px"" src=""https://www.pdf5.net/wp-content/uploads/2019/03/25083517580.jpg"" srcset=""https://www.pdf5.net/wp-content/uploads/2019/03/25083517580.jpg 450w, https://www.pdf5.net/wp-content/uploads/2019/03/25083517580-225x300.jpg 225w"" width=""338""/>
  </figure>
 </div>
 <p>
  <span style=""color: #000000;"">
   <span style=""font-family: &amp;quot;"">
    KOF97的人气仍然居高不下，虽然被很多高手鄙视…… “我撞！我撞！我撞撞撞！” HOHOHO。 一千八百年前，就是由草S京、八神庵及我神非Q的先祖，全力⑦@「八岐大蛇」封印住，F在要把他再次封印的任，便鞯轿@一代了……可是，在「大蛇」的奸下，使草Sc八神一族，v代Ψ樗常我使M
   </span>
   <span style=""font-family: &amp;quot;"">
    M千方百，才f服p方作只此一次的合作，K於，M成「三神器」，Q鹪偈耗А―八岐大蛇！ 暴风被封印以后,草剃京与八神庵展开了一场大战，后来去向不明.97年到了,一名叫失吹真吾的青少年想拜草剃京为师，于是四处寻找草剃京。一名叫基顿的大富豪举行了拳皇97大赛，并且组织了97特别队。97大赛中，有日本队、龙虎队、恶狼队、金队、女性格斗家队、超能力战士队、怒队、地狱乐队和97特别队。失吹真吾成功地找到了草剃京拜了他为师，参加了拳皇大赛。暴风的弟弟山崎龙二令大赛变得混乱至极，八神庵和莉安娜纷纷暴走，泰利也进入了恶狼状态。这时，地狱乐队里的七枷社、丝露美、姬斯得到了大蛇力量，向强者们大战，原来他们就是天国神族八杰集四大天王中余下的三大天王！大战之后，天空变黑，大地分裂，楼房倒塌，强者们全浮在空中。姬斯突然变身了，她变成了OIOCHI(大蛇)!天国神族之主伟大的神OIOICHI降临了!八神庵原来是OIOCHI的亲儿子!最终草剃京与八神庵还有神乐千鹤联手攻打OIOCHI，战况究竟如何？请看拳皇98
   </span>
  </span>
 </p>
</div>
",https://www.pdf5.net/1326.html
1,《西行纪》郑健和与邓志辉 中文版1-183 高清全彩 香港漫画JPG,郑健和 邓志辉,热血,连载中,https://pan.baidu.com/s/1AbgCPH8rIhuyXLf_B5QTdw,eabw,"<div class=""article-content"">
 <div class=""wp-block-image"">
  <figure class=""aligncenter is-resized"">
   <img alt="""" class=""wp-image-1078"" height=""593"" sizes=""(max-width: 439px) 100vw, 439px"" src=""https://www.pdf5.net/wp-content/uploads/2019/03/24053336219.png"" srcset=""https://www.pdf5.net/wp-content/uploads/2019/03/24053336219.png 439w, https://www.pdf5.net/wp-content/uploads/2019/03/24053336219-222x300.png 222w"" width=""439""/>
  </figure>
 </div>
 <p>
  举世闻名的西天取经竟是天庭的一个惊天阴谋！数十年后，当年的奇经再次下落不明，天庭派大军大肆搜寻。与此同时，为了不让奇经再次落入天庭之手，西行之旅再度上演！
 </p>
</div>
",https://www.pdf5.net/1077.html
2,《精武门》唐汶杰 中文版1-6卷完结 高清全彩 香港漫画JPG,唐汶杰,热血,完结,https://pan.baidu.com/s/1dDCnwif0PUfOYkKtH1MKig,pmqu,"<div class=""article-content"">
 <div class=""wp-block-image"">
  <figure class=""aligncenter is-resized"">
   <img alt="""" class=""wp-image-1075"" height=""512"" sizes=""(max-width: 366px) 100vw, 366px"" src=""https://www.pdf5.net/wp-content/uploads/2019/03/24053058814-732x1024.jpg"" srcset=""https://www.pdf5.net/wp-content/uploads/2019/03/24053058814-732x1024.jpg 732w, https://www.pdf5.net/wp-content/uploads/2019/03/24053058814-214x300.jpg 214w, https://www.pdf5.net/wp-content/uploads/2019/03/24053058814-768x1075.jpg 768w, https://www.pdf5.net/wp-content/uploads/2019/03/24053058814.jpg 1024w"" width=""366""/>
  </figure>
 </div>
</div>
",https://www.pdf5.net/1074.html
3,《寻秦记》廖福成 中文版1-199卷完结 香港漫画全彩色高清 PDF格式,廖福成,热血,完结,https://pan.baidu.com/s/17bIP1KVItZb8iQYRIBuUJw,838f,"<div class=""article-content"">
 <div class=""wp-block-image"">
  <figure class=""aligncenter is-resized"">
   <img alt="""" class=""wp-image-1072"" height=""512"" sizes=""(max-width: 360px) 100vw, 360px"" src=""https://www.pdf5.net/wp-content/uploads/2019/03/24052908264-719x1024.jpg"" srcset=""https://www.pdf5.net/wp-content/uploads/2019/03/24052908264-719x1024.jpg 719w, https://www.pdf5.net/wp-content/uploads/2019/03/24052908264-211x300.jpg 211w, https://www.pdf5.net/wp-content/uploads/2019/03/24052908264-768x1093.jpg 768w, https://www.pdf5.net/wp-content/uploads/2019/03/24052908264.jpg 808w"" width=""360""/>
  </figure>
 </div>
 <p>
  在二十一世纪的未来世界，特种部队精英项少龙，机智过人，身手不凡，被选中参与一项神秘计划。有关当局，多年以来一直进行秘密研究，终于制成全世界第一部时空穿梭机。项少龙在千挑万选之下，终成为首位穿梭时空的实验者。 项少龙不幸成为实验白老鼠，准备展开他的划时代的旅程，回到二千多年前，亦即是战国时代的中国，秦王嬴政登基那年的咸阳城。岂料时空穿梭机突然发生爆炸，项少龙被送至秦王嬴政登基前一年的赵国。项少龙孤身流落赵国，为了可以回到未来，决意不顾一切，也要找到当时尚未继位，仍在赵国被软禁，过著质子生活的嬴政，助其建立一番伟大功业。项少龙千辛万苦，前往赵都邯郸寻找嬴政，途中因相助赵国“畜牧大王”乌氏家将陶方，击退马贼灰胡，得到乌氏赏识，更获其女乌廷芳之青睐，但同时惹来正极力追求乌廷芳的剑客连晋妒忌
 </p>
</div>
",https://www.pdf5.net/1071.html
4,《古惑仔》牛佬 中文版 1-2049集持续更新中 82G 全彩色 香港漫画JPG PDF,牛佬,热血,连载中,https://pan.baidu.com/s/1_N_Ko6Xo863-i-yEjCL68g,nbam,"<div class=""article-content"">
 <div class=""wp-block-image"">
  <figure class=""aligncenter"">
   <img alt="""" class=""wp-image-1066"" sizes=""(max-width: 449px) 100vw, 449px"" src=""https://www.pdf5.net/wp-content/uploads/2019/03/24052042229.png"" srcset=""https://www.pdf5.net/wp-content/uploads/2019/03/24052042229.png 449w, https://www.pdf5.net/wp-content/uploads/2019/03/24052042229-269x300.png 269w""/>
  </figure>
 </div>
 <p>
  <strong>
   82G比较大，看看自己手机，ipad硬盘够不够
  </strong>
 </p>
 <p>
  <span style=""color: #000000;"">
   <span style=""font-family: &amp;quot;"">
    《古惑仔》是一部香港江湖漫画，作者为牛佬。讲述陈浩南的起起跌跌， 古惑仔由一个四九(社团的最底层会员)，三年内升为红棍（1993 年 8 月 25 日继任“洪兴社” 铜锣湾区话事人， 及后在 2007 年成为 “洪兴社” 的龙头 (社团的最高话事人)的故事。 故事着重表达“兄弟之情”和“
   </span>
   <span style=""font-family: &amp;quot;"">
    “江湖之义”的点点滴滴。 由于《古惑仔
    <a href=""https://www.pdf5.net/category/manhua"">
     漫画
    </a>
    》的成功，牛佬的出版社相继出版了同类型的江湖黑帮漫画如《洪兴仔》、《东英仔》、《龙盘虎踞j兰街》、《江湖大家族》、《古惑女》、《红灯区》 等，而这些漫画中的角色更与《古惑仔》一书中的漫画角色互通，有些角色更成为日后 《古惑仔》一书中的重要人物。 此举令《古惑仔》一书中的漫画世界更为真实和广大。 《古惑仔》漫画曾被改编为一系列的电影，为香港著名的黑帮电影。系列本传的导演皆 是刘伟强。从第一集《古惑仔之人在江湖》在香港上映便大受欢迎，故此仍然持续拍许 多续集，整体气势也是一时无两，甚至部份角色的一生也相继被拍成电影。 这一系列电 影让观众大致了解三合会的大概面貌，主演本系列的演员们从此走出演艺圈，但是随之 而来的社会舆论，也时常批判本片过度将黑道人物英雄化。本片亦再度掀起一股黑帮电 影的风潮，其他电影制作公司纷纷朝此方向涉猎，因而出现许多其他类型和系列的黑帮电影。
   </span>
  </span>
 </p>
</div>
",https://www.pdf5.net/1065.html
5,《方世玉》牛佬 中文版1-6卷完结 香港漫画JPG,牛佬,热血,完结,https://pan.baidu.com/s/1uCnVFd-eA-rfhUCxm06bDQ,3psz,"<div class=""article-content"">
 <div class=""wp-block-image"">
  <figure class=""aligncenter is-resized"">
   <img alt="""" class=""wp-image-1063"" height=""437"" sizes=""(max-width: 308px) 100vw, 308px"" src=""https://www.pdf5.net/wp-content/uploads/2019/03/24051804696.png"" srcset=""https://www.pdf5.net/wp-content/uploads/2019/03/24051804696.png 411w, https://www.pdf5.net/wp-content/uploads/2019/03/24051804696-211x300.png 211w"" width=""308""/>
  </figure>
 </div>
 <p>
  方世玉原是广东的小顽皮，凡事好打抱不平，雷老虎是山东南下之暴富老粗，为了笼络人心，设下擂台比武招亲，以自己的女儿为赌注。世玉好胜赴会，被冒名顶替的丫环的样貌吓到临阵退缩，却不知真正婷婷是他一见倾心.
 </p>
</div>
",https://www.pdf5.net/1062.html
6,《天子传奇》黄玉郎 中文版 1-8篇完结 37G 全彩色高清 香港漫画JPG,黄玉郎,热血,完结,https://pan.baidu.com/s/1IR486LWKqZsSrFXVYyeR8w,m72y,"<div class=""article-content"">
 <div class=""wp-block-image"">
  <figure class=""aligncenter is-resized"">
   <img alt="""" class=""wp-image-1060"" height=""512"" sizes=""(max-width: 351px) 100vw, 351px"" src=""https://www.pdf5.net/wp-content/uploads/2019/03/24051044365-701x1024.jpg"" srcset=""https://www.pdf5.net/wp-content/uploads/2019/03/24051044365-701x1024.jpg 701w, https://www.pdf5.net/wp-content/uploads/2019/03/24051044365-205x300.jpg 205w, https://www.pdf5.net/wp-content/uploads/2019/03/24051044365-768x1121.jpg 768w, https://www.pdf5.net/wp-content/uploads/2019/03/24051044365.jpg 980w"" width=""351""/>
  </figure>
 </div>
 <p>
  <span style=""color: #666666;"">
   <span style=""font-family: &amp;quot;"">
    [天子传奇1-姬发篇][黄玉郎][163卷完]
   </span>
  </span>
 </p>
 <p>
  <span style=""color: #666666;"">
   <span style=""font-family: &amp;quot;"">
    天子传奇-姬发篇
    <a class=""relatedlink"" href=""https://www.pdf5.net/category/manhua"" rel=""noopener"" target=""_blank"">
     漫画
    </a>
    是玉皇朝集团成立以来的第一部漫画, 前十三集是由黄玉郎及黄易共同编剧,创刊号首日于香港上市就狂卖数万本。
   </span>
  </span>
 </p>
 <p>
  <span style=""color: #666666;"">
   <span style=""font-family: &amp;quot;"">
    [天子传奇2-秦皇篇 潮珍版][黄玉郎][26卷完]
   </span>
  </span>
 </p>
 <p>
  <span style=""color: #666666;"">
   <span style=""font-family: &amp;quot;"">
    以秦为主角的武侠大戏。故事是从秦嬴政与燕太子姬丹的情仇说起，再逐渐铺展出他夺得天下的经过，其中有许多大家都耳熟能详的人物出场，虽然香港当时本漫画有点没落，但情节相当紧凑好看！…
   </span>
  </span>
 </p>
 <p>
  <span style=""color: #666666;"">
   <span style=""font-family: &amp;quot;"">
    [天子传奇3-刘邦篇][黄玉郎][63卷完]
   </span>
  </span>
 </p>
 <p>
  <span style=""color: #666666;"">
   <span style=""font-family: &amp;quot;"">
    一段纷争险峻的宫廷变数。一场沸沸扬扬的京都闹剧。一出保家卫国的血泪之碑。一条安家治国的君主之路。一回微服私访的俗套趣事
    <br/>
    [天子传奇4-李世民篇][f有+x⑽+彬][102卷完]
   </span>
  </span>
 </p>
 <p>
  <span style=""color: #666666;"">
   <span style=""font-family: &amp;quot;"">
    隋朝末年，隋炀帝杨广横征暴敛，倒行逆施，开运河，建东都、迷楼，以供其游玩享乐，百姓生活苦不堪言。杨广不问政事，夜夜笙歌，朝中大权遂由三大世家――杨家、李家和宇文家所把持。太原留守李渊世袭“唐国公”之位，于乱世中人克己自持，尽忠职守，在百姓中….
   </span>
  </span>
 </p>
 <p>
  <span style=""color: #666666;"">
   <span style=""font-family: &amp;quot;"">
    [天子传奇5-赵匡胤篇][黄玉郎][214卷完]
   </span>
  </span>
 </p>
 <p>
  <span style=""color: #666666;"">
   <span style=""font-family: &amp;quot;"">
    相传佛祖为普渡众生，解劫，除厄，流传世人的一本旷世绝学，震古烁今，威力可敌天灾地祸，诛邪灭妖伏魔。 观古监今，历史洪流，盛极必衰，没有千秋万世的不灭王朝，朝纲腐败，民不聊生之时，便是另一代真命天子的诞生！公元九四七年，刘知远建国后汉，定都大梁，此期正是本故事的开端
   </span>
  </span>
 </p>
 <p>
  <span style=""color: #666666;"">
   <span style=""font-family: &amp;quot;"">
    [天子传奇6-洪武大帝 潮华版][黄玉郎][186卷完]
   </span>
  </span>
 </p>
 <p>
  <span style=""color: #666666;"">
   <span style=""font-family: &amp;quot;"">
    蒙古铁骑入主中原，宋太祖・赵匡胤建立的宋朝灭亡！ 异族为稳定政权，将自周武王・姬发开始，传承千载的历朝天子武学、神兵――天剑、天晶、浑天宝鉴、雷刀、如来神掌、佛兵等尽数毁灭！ 各大武林派宜惨遭肃清，种种武功、玄学纷纷失传，中原武林进入了史上最黑暗的年代！ 光阴匆匆，转眼间元朝已立国近百载。惟末末代国君无能失政，蒙古天下气数以尽！ 各方汉人义军，乘势起事；新兴的武林教派――明教、白莲教均图谋逐鹿中原…… 在此乱世之中，未来的新天子昂然出世，他，名叫――朱元璋！！ 元朝末年，蒙古昏君无能腐败，天灾人祸，令千万百姓死于饥荒！侥幸没饿死的贫农子弟・朱重八，从没想到，自己竟有能力推翻暴政，拯救万民，建立――大明王朝！ 描述名太祖・朱元璋的精彩一生、成皇历程
   </span>
  </span>
 </p>
 <p>
  <span style=""color: #666666;"">
   <span style=""font-family: &amp;quot;"">
    [天子传奇7-三国骄皇篇][黄玉郎][52卷完]
   </span>
  </span>
 </p>
 <p>
  <span style=""color: #666666;"">
   <span style=""font-family: &amp;quot;"">
    黄玉郎匠心独运,诠释中国历史上最精彩的时代-三国.流氓天子,大唐威龙之间未为人知的传奇史诗!天子传奇史上首次三皇并立,刘备,曹操,孙坚三大天子之骄子开创一辈子系统灿烂新章
   </span>
  </span>
 </p>
 <p>
  <span style=""color: #666666;"">
   <span style=""font-family: &amp;quot;"">
    [天子传奇8-苍天霸皇][黄玉郎][70卷完]
   </span>
  </span>
 </p>
 <p>
  <span style=""color: #666666;"">
   <span style=""font-family: &amp;quot;"">
    玉皇朝迈向20周年纪念，黄玉郎臻至十全十美之作。天生皇者宿命，身上却流着最卑污的血液！注定在矛盾当中角力，只得泯灭人性，弱肉强食！当内心光明被黑暗彻底侵蚀，札答兰部将达致史无前例之鼎盛！于答兰版朱思大破十三翼，战神盖世，军威无人能敌！黑死初现，毒龙吞食天地！战器原型，豪斩所向披靡！！忘情绝义，成皇唯唯孤独！心狠手辣，无毒不丈夫！！吉儿汗．札木合天子传奇8苍天霸皇3月，败狼挫翼！登峰造极
   </span>
  </span>
 </p>
</div>
",https://www.pdf5.net/1059.html
7,《风云》马荣成 第一部+第二部+第三部 全集 中文版 1-675卷完结 全彩色 香港漫画JPG PDF,马荣成,热血,完结,https://pan.baidu.com/s/1U6aVOnBaPEm2jGxag1QCUQ,v4n9,"<div class=""article-content"">
 <div class=""wp-block-image"">
  <figure class=""aligncenter is-resized"">
   <img alt="""" class=""wp-image-1053"" height=""482"" sizes=""(max-width: 329px) 100vw, 329px"" src=""https://www.pdf5.net/wp-content/uploads/2019/03/24045405867.png"" srcset=""https://www.pdf5.net/wp-content/uploads/2019/03/24045405867.png 439w, https://www.pdf5.net/wp-content/uploads/2019/03/24045405867-205x300.png 205w"" width=""329""/>
  </figure>
 </div>
 <p>
  <strong>
   <span style=""font-family: inherit;"">
    风云第一部
   </span>
  </strong>
 </p>
 <p>
  <span style=""font-family: inherit;"">
   金麟岂是池中物,一遇风云便化龙 九霄龙吟惊天变,风云聚会浅水游 　　这是泥菩萨给天下会雄霸的四句批言，概括了他一生的命运。前两句 [金麟岂是池中物,一遇风云便化龙]是指全半生雄霸的霸业尽得聂风和步惊云的帮助，因而完成。 后两句[九霄龙吟惊天变,风云聚会浅水游]则是指雄霸失败，亦是风云所致。所谓：成也风云，败也风云。
  </span>
 </p>
 <p>
  <strong>
   <span style=""font-family: inherit;"">
    风云第二部
   </span>
  </strong>
 </p>
 <p>
  <span style=""font-family: inherit;"">
   聂风和步惊云，后连手打败雄霸，为武林除一大害的故事 …………
  </span>
 </p>
 <p>
  <strong>
   <span style=""font-family: inherit;"">
    风云第三部
   </span>
  </strong>
 </p>
 <p>
  <span style=""font-family: Simsun;"">
   风云大战断浪一役之后，转眼十多年间，各大小门派都得到休养生息，有破旧立新，有重整旗鼓，武林的秩序亦有了重新的调整。前浪接后浪，正所谓：江山代有人才出，各令风骚数十年。风云虽然沉寂，但武林的第二代却正在锋芒渐露：第一个是神锋，他是断浪的儿子，手执东瀛第一神刀惊寂，所使的也是东瀛第一刀客皇影的七式刀意。刚从东瀛回到中原，就因他与“不灭蓝门”的少主蓝武长相一模一样，所以被蓝武利用，作为消灭宿敌“胜刀门”门主胜一刀的一颗棋子。但神锋天生一颗赤子之心，重情重义，阴差阳错之下反而得到武林帮众的认同与赏识，多番奇遇之后，武功进步神速，逼使蓝武气极之余，千方百计要将神锋置诸死地；第二个是步天，他是步惊云之子，为人正直刚义，因缘巧合之下习得一手变化万千的“无量神掌”，与武林中的恶势力始终周旋不休；第三个是易风，他是聂风之子。易风使的武功，表面上是破空元手和混元七极，那是从其师一狂怀灭处学来的，但他暗地里却习得大漠第一神功无相破元气。他自小在易天赌坊长大，后与神锋结交，却因为主公的百般拉拢，令二人因误会而反目。一场场江湖的恩怨情仇，正是由这武林的第二代一幕幕的展开。
  </span>
 </p>
</div>
",https://www.pdf5.net/1052.html
8,《山海逆战》邱福龙 中文版1-250回 高清全彩 香港漫画JPG,邱福龙,热血,连载中,https://pan.baidu.com/s/1UI98AZw18RzynHY-kneBUA,qk1p,"<div class=""article-content"">
 <div class=""wp-block-image"">
  <figure class=""aligncenter is-resized"">
   <img alt="""" class=""wp-image-1038"" height=""451"" sizes=""(max-width: 327px) 100vw, 327px"" src=""https://www.pdf5.net/wp-content/uploads/2019/03/24043225421.png"" srcset=""https://www.pdf5.net/wp-content/uploads/2019/03/24043225421.png 436w, https://www.pdf5.net/wp-content/uploads/2019/03/24043225421-218x300.png 218w"" width=""327""/>
  </figure>
 </div>
 <p>
  山海之间各种珍奇异兽存活其间，智者伯益食用异兽之肉，饮其鲜血，便能获得异兽之力。并写成《山海经》，创立的山海派，宣扬食用异兽获得异能的理念。但伯益消失后，山海派失去了往日的理念，成为了追名逐利的集团。少年勾厥巧胶Ｅ傻呐隶，却拥有惊人的异能。一次与异兽的战斗，彻底改变了少年和整个世界的命运……
 </p>
</div>
",https://www.pdf5.net/1037.html
9,《火凤燎原》陈某 中文版1-61卷完结 香港漫画 PDF,陈某,热血,完结,https://pan.baidu.com/s/1rZ4hSQmMiN9tjyPkCeqxLA,qd6u,"<div class=""article-content"">
 <div class=""wp-block-image"">
  <figure class=""aligncenter is-resized"">
   <img alt="""" class=""wp-image-1035"" height=""477"" sizes=""(max-width: 367px) 100vw, 367px"" src=""https://www.pdf5.net/wp-content/uploads/2019/03/24042951165.png"" srcset=""https://www.pdf5.net/wp-content/uploads/2019/03/24042951165.png 489w, https://www.pdf5.net/wp-content/uploads/2019/03/24042951165-231x300.png 231w"" width=""367""/>
  </figure>
 </div>
 <p>
  吕布是武力智力都绝顶超卓的大将、张飞是桃园派画家、司马家世代有个刺客集团、诸葛亮属于水镜八奇之一；如果你对一切都处之泰然，甚至还熟过正史，恭喜你！你已经踏入陈某
  <a class=""relatedlink"" href=""https://www.pdf5.net/category/manhua"" rel=""noopener"" target=""_blank"">
   漫画
  </a>
  领域的第一步－－进入《火凤燎原》的另类“三国”奇谋世界。
 </p>
</div>
",https://www.pdf5.net/1034.html
10,《绝代双骄》何志文 中文版1-17卷完结 全彩色高清 香港漫画 PDF,何志文,热血,完结,https://pan.baidu.com/s/1ZPkH0Wc8uYBK2DE0Fh4R8w,h8cd,"<div class=""article-content"">
 <div class=""wp-block-image"">
  <figure class=""aligncenter is-resized"">
   <img alt="""" class=""wp-image-1028"" height=""508"" sizes=""(max-width: 348px) 100vw, 348px"" src=""https://www.pdf5.net/wp-content/uploads/2019/03/24041859408.png"" srcset=""https://www.pdf5.net/wp-content/uploads/2019/03/24041859408.png 464w, https://www.pdf5.net/wp-content/uploads/2019/03/24041859408-206x300.png 206w"" width=""348""/>
  </figure>
 </div>
 <p>
  <span style=""color: #666666;"">
   <span style=""font-family: &amp;quot;"">
    <span>
     绝代双骄
     <a class=""relatedlink"" href=""https://www.pdf5.net/category/manhua"" rel=""noopener"" target=""_blank"">
      漫画
     </a>
     ，移花宫主邀月因爱成恨,追杀江枫花月奴夫妇。邀月一怒定下毒计,把枫之一双孪生儿子分开抚养,企图令亲兄弟长大后互相仇杀以泄愤。 十余年后,一对孪生子长大成人,花无缺在移花宫中被邀月授予超卓武功,而小鱼儿则在恶人谷中长大,从四大恶人身上学得诡计多端。 无缺及小鱼儿分别奉命追寻南天宝葳,二人
    </span>
   </span>
  </span>
  <span>
   <span style=""font-family: &amp;quot;"">
    人不期而遇,结成好友。 最后,邀月逼无缺与小鱼儿作生死决斗,小鱼儿凭机智查出邀月奸计,并揭穿人世间父母仇人江别鹤及玉郎祸害江湖之险谋…
   </span>
  </span>
 </p>
</div>
",https://www.pdf5.net/1027.html
11,《封神纪》郑健和 邓志辉 中文版第一部1-37卷完+第二部1-64卷完+第三部1-80卷完 香港漫画高清全彩色JPG,郑健和 邓志辉,热血,完结,https://pan.baidu.com/s/1N41iS-KbM3tjgxDg5e-r2w,4zv3,"<div class=""article-content"">
 <div class=""wp-block-image"">
  <figure class=""aligncenter is-resized"">
   <img alt="""" class=""wp-image-1025"" height=""512"" sizes=""(max-width: 351px) 100vw, 351px"" src=""https://www.pdf5.net/wp-content/uploads/2019/03/24041605773-701x1024.jpg"" srcset=""https://www.pdf5.net/wp-content/uploads/2019/03/24041605773-701x1024.jpg 701w, https://www.pdf5.net/wp-content/uploads/2019/03/24041605773-205x300.jpg 205w, https://www.pdf5.net/wp-content/uploads/2019/03/24041605773-768x1121.jpg 768w, https://www.pdf5.net/wp-content/uploads/2019/03/24041605773.jpg 980w"" width=""351""/>
  </figure>
 </div>
 <p>
  <span style=""font-family: &amp;quot;"">
   <strong>
    第一部
   </strong>
  </span>
  <br/>
  <span style=""color: #333333;"">
   <span style=""font-family: arial, 宋体, sans-serif;"">
    一封来自天的神谕，由神族之信使玄差步行了三十多天到朝歌面见大商国之王――纣王。纣王断然的拒绝来自神族的命令，把神谕投入火炬里烧毁，公然发布反抗神族之宣言。神族之主――“天”为此勃然大怒，带领神族的天间六部与周国军队来讨伐大商国。纣王与远古神兽不死鸟分享血与肉体，得到了原本属于神族才拥有的元始界神力。可惜还是不敌天之无色界神力，最后功败垂成。纣王之子武庚得到母亲妲己之帮助，用乞丐阿狗的身体借尸还魂，逃过神族的追捕。后来沦落为采矿工厂的奴隶，武庚从不赞同父亲的做法到体验到神族所带来的不平等待遇，立志颠覆神族。
   </span>
  </span>
  <br/>
  <span style=""font-family: &amp;quot;"">
   <strong>
    第二部
   </strong>
  </span>
  <br/>
  <span style=""color: #333333;"">
   <span style=""font-family: arial, 宋体, sans-serif;"">
    《天国逆子篇》
   </span>
  </span>
  <br/>
  <span style=""color: #333333;"">
   <span style=""font-family: arial, 宋体, sans-serif;"">
    以神族之主“天”唯一一个儿子十刑大神为主角。描述一个善良的神因为宅心仁厚和爱上一个人族女孩明月而被天处罚，派斗部大神天魁屠杀他管理的城市与明月和让神族大祭师心月葵刻下“亡者之印”，导致心智失常、性情大变，从此变成一个残暴不仁的神。后来与子羽生死一战之后，因为“亡者之印”的效果，十刑得以重生，这时候遇见了被天所杀的不死鸟，双方达成协议，由不死鸟提供能力给十刑，换取杀死天之承诺。
   </span>
  </span>
  <br/>
  <span style=""color: #333333;"">
   <span style=""font-family: arial, 宋体, sans-serif;"">
    《逆天而行篇》
   </span>
  </span>
  <br/>
  <span style=""color: #333333;"">
   <span style=""font-family: arial, 宋体, sans-serif;"">
    十年前，圣贤殿大长老神眼为了灭绝冥族，处心积虑的发布一种名叫“石化病”的病毒潜入冥族之内。患上“石化病”的冥族，会慢慢的变成石头而死亡。冥族少年――阿满（后来的冥族大元帅逆天而行）为了救他患上“石化病”的大嫂，瞒着哥哥海阔天空偷偷的潜入神族的地方偷一种“黎明之花”以治疗“石化病”。后来，大长老神眼突然出现要杀害阿满，海阔天空及时赶到救人。原来，所谓的“石化病”解药“黎明之花”只是神眼利用来引诱冥族大元帅海阔天空而来的借口。最后，海阔天空为了保著阿满的性命，牺牲自己的性命，让阿满逃走。从此，阿满决意复仇，逆天而行。
   </span>
  </span>
  <br/>
  <span style=""color: #333333;"">
   <span style=""font-family: arial, 宋体, sans-serif;"">
    《人间凶狗篇》
   </span>
  </span>
  <br/>
  <span style=""color: #333333;"">
   <span style=""font-family: arial, 宋体, sans-serif;"">
    由冥族、人族与新神隐部组成的联合军挑战神族为主线故事。以主角阿狗面对有史以来最强大的对手，神族之主“天”。在神族与联合军大战一触即发的同时，圣贤殿大长老神眼在天的背后默默的计划发动一场政变，企图夺位。
   </span>
  </span>
  <br/>
  <span style=""font-family: &amp;quot;"">
   <strong>
    第三部
   </strong>
  </span>
  <br/>
  <span style=""color: #333333;"">
   <span style=""font-family: arial, 宋体, sans-serif;"">
    由冥族、人族与新神隐部组成的联合军挑战神族成功之后，神族新主神眼表面上顾全大局，给了冥族一块未开发的土地，让他们建国立邦。阿狗命名为“冥族城邦”，之后就进入沉睡，灵魂离体去冥界学习“灵魂力量”。经过五年的沉睡之后，阿狗在一番斗智斗力的生死决战后成功争夺冥族城主之位，却又要带领一众冥族大将在新丰都城对抗强顽的幻岛六尊者。
   </span>
  </span>
 </p>
</div>
",https://www.pdf5.net/1024.html
12,《阿大》毕亦乐 6卷完结 《陈浩南故事》牛佬 1卷完结 《大佬》毕义乐 4卷完结 香港中文版 江湖漫画JPG,毕亦乐 牛佬,热血,完结,https://pan.baidu.com/s/1tKGJ0Bg1-bD5YUPiUockmA,yjfq,"<div class=""article-content"">
 <div class=""wp-block-image"">
  <figure class=""aligncenter"">
   <img alt="""" class=""wp-image-1022"" sizes=""(max-width: 200px) 100vw, 200px"" src=""https://www.pdf5.net/wp-content/uploads/2019/03/24041413166.jpg"" srcset=""https://www.pdf5.net/wp-content/uploads/2019/03/24041413166.jpg 200w, https://www.pdf5.net/wp-content/uploads/2019/03/24041413166-199x300.jpg 199w""/>
  </figure>
 </div>
 <p>
  陈浩南故事
  <a class=""relatedlink"" href=""https://www.pdf5.net/category/manhua"" rel=""noopener"" target=""_blank"">
   漫画
  </a>
  ，古惑仔的番外作品，讲述陈浩南年轻的故事。现在黑社会漫画的类型不断增加都是受陈浩南影响。最厉害的是陈浩南这个角色还可以跨地域，连新加坡这种抗拒黑社会的地方都公开播放古惑仔，可见这个漫画角色有多普及。
 </p>
</div>
",https://www.pdf5.net/1021.html
13,《超霸世纪》许景琛 中文版1-120回完结 香港漫画高清全彩色JPG,许景琛,热血,完结,https://pan.baidu.com/s/1G7T4wKLuASSgBxrgiY4LlA,mcfz,"<div class=""article-content"">
 <div class=""wp-block-image"">
  <figure class=""aligncenter is-resized"">
   <img alt="""" class=""wp-image-1019"" height=""509"" sizes=""(max-width: 378px) 100vw, 378px"" src=""https://www.pdf5.net/wp-content/uploads/2019/03/24041128880.png"" srcset=""https://www.pdf5.net/wp-content/uploads/2019/03/24041128880.png 378w, https://www.pdf5.net/wp-content/uploads/2019/03/24041128880-223x300.png 223w"" width=""378""/>
  </figure>
 </div>
 <p>
  在未来的二十一世纪中，一批自称为“神”的入侵者在地球上大肆杀戮，这残暴行为终于引起了地球人类的公愤。于是全人类共推出十二名绝世高手，称他们为“护世十二强”，为维护地球和平和正义而战。　　可十二强者在苦战“神”十日时，因武功不如“神”，战死九名，眼看地球就要落入邪恶者掌握时，一位武道中的隐者及时出现
 </p>
</div>
",https://www.pdf5.net/1018.html
14,《天煞狂刀》温日良 第一部1-48卷完结+第二部1-24卷完结 香港漫画高清全彩色JPG,温日良,热血,完结,https://pan.baidu.com/s/1Gx4qTepaCk0roZTaaZs5SQ,w2hx,"<div class=""article-content"">
 <div class=""wp-block-image"">
  <figure class=""aligncenter"">
   <img alt="""" class=""wp-image-1010"" sizes=""(max-width: 364px) 100vw, 364px"" src=""https://www.pdf5.net/wp-content/uploads/2019/03/24035758813.png"" srcset=""https://www.pdf5.net/wp-content/uploads/2019/03/24035758813.png 364w, https://www.pdf5.net/wp-content/uploads/2019/03/24035758813-215x300.png 215w""/>
  </figure>
 </div>
 <p>
  天煞狂刀
  <a class=""relatedlink"" href=""https://www.pdf5.net/category/manhua"" rel=""noopener"" target=""_blank"">
   漫画
  </a>
  ，在我这一生当中,我最重视的就是道义,但我偏偏就是被我所追求的道义所出卖,如今,我已经不明白道义背后的含义和道理,我狂刀现在清楚的就是,只有自己在悲痛,在愤怒,已经到了无法压抑与控制的地步…
 </p>
</div>
",https://www.pdf5.net/1009.html
15,《义勇门》黄玉郎 中文版1-72卷完结 香港漫画高清全彩色JPG,黄玉郎,热血,完结,https://pan.baidu.com/s/1_3veulcxb9qVdsqeoiVbXw,ietr,"<div class=""article-content"">
 <div class=""wp-block-image"">
  <figure class=""aligncenter is-resized"">
   <img alt="""" class=""wp-image-1004"" height=""548"" sizes=""(max-width: 375px) 100vw, 375px"" src=""https://www.pdf5.net/wp-content/uploads/2019/03/24034549523.jpg"" srcset=""https://www.pdf5.net/wp-content/uploads/2019/03/24034549523.jpg 500w, https://www.pdf5.net/wp-content/uploads/2019/03/24034549523-205x300.jpg 205w"" width=""375""/>
  </figure>
 </div>
 <p>
  港产武侠
  <a class=""relatedlink"" href=""https://www.pdf5.net/category/manhua"" rel=""noopener"" target=""_blank"">
   漫画
  </a>
  ，讲述了满清末年，朝廷腐败、内忧外患不断。一个贫苦的孤儿勇冠军在巧合中救了大侠义乾坤，因而被乾坤收为义子，得以习武修文，并因着各种不同的机缘奇遇，练就一身超凡武艺、建立了流芳百世的名声！
 </p>
</div>
",https://www.pdf5.net/1003.html
16,《射雕英雄传》李志清 中文版1-38卷完结 香港漫画JPG,李志清,热血,完结,https://pan.baidu.com/s/1Xyi1C9IYNrjwxWs5zpVKSg,wc94,"<div class=""article-content"">
 <div class=""wp-block-image"">
  <figure class=""aligncenter is-resized"">
   <img alt="""" class=""wp-image-1001"" height=""475"" sizes=""(max-width: 335px) 100vw, 335px"" src=""https://www.pdf5.net/wp-content/uploads/2019/03/24033804946.jpg"" srcset=""https://www.pdf5.net/wp-content/uploads/2019/03/24033804946.jpg 670w, https://www.pdf5.net/wp-content/uploads/2019/03/24033804946-212x300.jpg 212w"" width=""335""/>
  </figure>
 </div>
 <p>
  根据金庸同名武侠巨著《射雕英雄传》改编，由李志清主笔，很是经典的一部武侠
  <a class=""relatedlink"" href=""https://www.pdf5.net/category/manhua"" rel=""noopener"" target=""_blank"">
   漫画
  </a>
  ，其中的水墨绘画方式将大漠孤烟、弯弓射雕的意境表现得淋漓尽致。
  <br/>
  在水墨画与漫画手法间取得平衡，在经典原作与漫画编绘中演绎出不同角度与风格的故事，第一位在日本发表漫画作品的香港漫画家－－李志清，成功的以利落笔调、精采情节，深切刻画忠奸人物间的爱情、亲情、友情、君臣、师徒及爱国之情等；更将郭靖的「真」与黄蓉的「巧」栩栩呈现，使读者们更能体会郭靖与黄蓉在金庸小说人物中空前绝后的地位。
 </p>
</div>
",https://www.pdf5.net/1000.html
17,《射雕英雄传》黄玉郎 中文版1-100卷完结 香港漫画JPG,黄玉郎,热血,完结,https://pan.baidu.com/s/1oOe6KMAzgbtd2o0bGIeoJQ,nxmc,"<div class=""article-content"">
 <div class=""wp-block-image"">
  <figure class=""aligncenter is-resized"">
   <img alt="""" class=""wp-image-1001"" height=""475"" sizes=""(max-width: 335px) 100vw, 335px"" src=""http://mhfm1tel.cdndm5.com/4/3778/3778.jpg"" width=""335""/>
  </figure>
 </div>
 <p>
  大雪纷飞，惊变骤生……位近偏安一隅的临安牛家村，郭杨两家竟遇到不可逆抗的命运，就在一夜雪雨中，家破人亡！郭靖从此展开传奇的一生，遇向未可预知的未来，谁配得上称英雄？为国为民，侠之大者！
 </p>
</div>
",
18,《大圣王》邱福龙 1-157卷完结 中文版,邱福龙,热血,完结,https://pan.baidu.com/s/1qmofb-FCvRnPVjZOQFGKfQ,79d8,"<div class=""article-content"">
 <figure class=""wp-block-image"">
  <img alt="""" class=""wp-image-15"" sizes=""(max-width: 1024px) 100vw, 1024px"" src=""https://www.pdf5.net/wp-content/uploads/2019/03/001-1024x507.jpg"" srcset=""https://www.pdf5.net/wp-content/uploads/2019/03/001-1024x507.jpg 1024w, https://www.pdf5.net/wp-content/uploads/2019/03/001-300x149.jpg 300w, https://www.pdf5.net/wp-content/uploads/2019/03/001-768x380.jpg 768w""/>
 </figure>
</div>
",https://www.pdf5.net/14.html
19,《东方不败》第1至52回完结,邱福龙,热血,完结,https://pan.baidu.com/s/1cLmDWTCncdFr-HUd11xjqA,ipjr,,
