,标题,内容简介,分类,标签,下载链接,提取码,解压密码,来源地址
0,【3D神作/中文/OP社】DOA雷芳：还债的姐姐！官方国语配音HD中文版【新作/双语/1.2G】,,漫画,,,,,https://bbs.2046acg.com/thread-8017-1-1.html
1,【3D同人/汉化/全动态】萨姆斯的实验室：大战生化尼哥！1080HD汉化版【新作/1.2G】,,漫画,,,,,https://bbs.2046acg.com/thread-8004-1-1.html
2,【2D/汉化/全动态】韩国大师KIDMO：阿狸圆交COS！动画+漫画汉化步兵版【新作/1.3G】,,漫画,,,,,https://bbs.2046acg.com/thread-7989-1-1.html
3,【3D同人/全动态/步兵】レズ忍！女忍色技忍法帐 Ver1.5 步兵无修版【新步兵/全CV/1G】,,漫画,,,,,https://bbs.2046acg.com/thread-7979-1-1.html
4,【3D极品/全动态】Shirakami大师：黑丝爱丽丝+蒂法 8月新作+全系列整合【新作/1.3G】,,漫画,,,,,https://bbs.2046acg.com/thread-7968-1-1.html
5,【3D同人/全动态】吉尔的甜蜜交（约）友（泡）史！1080HD版【新作/剧情向/全CV/1.2G】,,漫画,,,,,https://bbs.2046acg.com/thread-7956-1-1.html
6,【神级3D/全动态】Nagoonimation 8月新作：洁西和蒂法的多人运动！1080HD版【超极品】,,漫画,,,,,https://bbs.2046acg.com/thread-7936-1-1.html
7,【3D同人/全动态】LazyProcrast 8月新作：黑丝蒂法和斯嘉丽1080HD版+全系列合集【1G】,,漫画,,,,,https://bbs.2046acg.com/thread-7929-1-1.html
8,【3D同人/全动态】Milkytabbo：守望+尼尔！全系列作品1080HD版【分集+整合版/新大佬】,,漫画,,,,,https://bbs.2046acg.com/thread-7928-1-1.html
9,【2.5D同人/全动态】SuRu大师：8月极品步兵同人集★大凤/瑞鹤/圣路易斯【新作/1.2G】,,漫画,,,,,https://bbs.2046acg.com/thread-7915-1-1.html
10,【3D同人/全动态】Spizzy大师-8月新作：强力穿刺惠乃果！1080HD版【新作/步兵/500M】,,漫画,,,,,https://bbs.2046acg.com/thread-7914-1-1.html
11,【神级3D/全动态】Nagoonimation 8月2B新作：究极美臀~雨中的屁股！1080HD版【极品】,,漫画,,,,,https://bbs.2046acg.com/thread-7903-1-1.html
12,【2D同人/全动态】画师Saltyicecream：2020全动画超长整合版+全CG集【新整合/全步兵】,,漫画,,,,,https://bbs.2046acg.com/thread-7896-1-1.html
13,【3D同人/全动态】ToonE大师：死或生6！FF15！次世代3D作品1080HD大合集【极品/6G】,,漫画,,,,,https://bbs.2046acg.com/thread-7895-1-1.html
14,【2D神物/中文】学园默示录！【1-12】1080BD无修版+OVA+漫画珍藏版【欧派/丧尸/6G】,,漫画,,,,,https://bbs.2046acg.com/thread-7865-1-1.html
15,【3D极品/全动态】Wildeer 古墓丽影：囚禁劳拉6！1080HD步兵版【新作/西瓜牛奶/600M】,,漫画,,,,,https://bbs.2046acg.com/thread-7844-1-1.html
16,【3D极品同人/全动态】Sakimichan大师：20年8月神级画风CG+动画4K步兵版【3.5G】,,漫画,,,,,https://bbs.2046acg.com/thread-7834-1-1.html
17,【3D/全动态】试着给每天经过家门口的JK送奇怪玩具，然后嘿嘿【超逼真/全CV/1.5G】,,漫画,,,,,https://bbs.2046acg.com/thread-7833-1-1.html
18,【2D合集/汉化/全动态】[@都] 2020年7月：鲤鱼蕃薯 真汉化大合集+前作【8月更新/5G】,,漫画,,,,,https://bbs.2046acg.com/thread-7798-1-1.html
19,【3D/全动态】ATD大师：鼠女郎的彻底堕落！【1-5】黄金HD完全版【新作/全步兵/2.5G】,,漫画,,,,,https://bbs.2046acg.com/thread-7797-1-1.html
0,【2D合集/汉化/全动态】2020年7月：鲤鱼蕃薯1080HD汉化大合集+前作【8月更新/5G】,,漫画,,,,,https://bbs.2046acg.com/thread-7757-1-2.html
1,【3D合集/汉化/全动态】Opiumud社：全系列41部最强汉化大合集！【整理到20年7月/40G】,,漫画,,,,,https://bbs.2046acg.com/thread-7743-1-2.html
2,【3D同人/全动态】最终幻想：2020究极品质蒂法！3D同人合集★超强素质【新合集/步兵】,,漫画,,,,,https://bbs.2046acg.com/thread-7695-1-2.html
3,【3D同人/极品/全动态】Shirakami大师：超美蒂法！3D同人全系列整合版【新作/800M】,,漫画,,,,,https://bbs.2046acg.com/thread-7674-1-2.html
4,【3D中文/全动态】碧蓝航线：黛朵+欧根亲王+独角兽！4K步兵完整版【新作/全CV/1.6G】,,漫画,,,,,https://bbs.2046acg.com/thread-7673-1-2.html
5,【3D同人/全动态】EXGA新作-怪猎星辰：Pub Lass！1080HD版【新作/步兵/黑丝/60FPS】,,漫画,,,,,https://bbs.2046acg.com/thread-7655-1-2.html
6,【3D同人/全动态】Mileerly：艾丽卡的色晴钢琴合奏进行时！1080HD版+CG集【新作/5G】,,漫画,,,,,https://bbs.2046acg.com/thread-7645-1-2.html
7,【3D极品同人/全动态】Hitom大师：死或生6！次世代4K级画质同人作品合集【新作/700M】,,漫画,,,,,https://bbs.2046acg.com/thread-7624-1-2.html
8,【3D同人/全动态】EXGA尼尔：ElaKTand2B~蜜桃臀！1080HD版★全程高能【新作/步兵】,,漫画,,,,,https://bbs.2046acg.com/thread-7605-1-2.html
9,【3D中文/全动态】碧蓝航线-大凤：和指挥官共浴！4K步兵完整版+赠品【小马拉大车/3G】,,漫画,,,,,https://bbs.2046acg.com/thread-7575-1-2.html
10,【3D极品/全动态】梅麻吕系列：【AI解码步兵版】全系列大合集【新步兵/珍藏向】【6G】,,漫画,,,,,https://bbs.2046acg.com/thread-7558-1-2.html
11,【3D同人/全动态】最终幻想蒂法同人：克劳德的エロ幻想！1080HD版【新作/全CV/300M】,,漫画,,,,,https://bbs.2046acg.com/thread-7538-1-2.html
12,【3D同人/极品/全动态】HydraFXX：2B x 9S的高难度嘿嘿！1080HD版【新作/全CV650M】,,漫画,,,,,https://bbs.2046acg.com/thread-7526-1-2.html
13,【3D同人/全动态】Spizzy大师：极品3D同人作品2020新大合集【1080HD★全步兵/4.3G】,,漫画,,,,,https://bbs.2046acg.com/thread-7504-1-2.html
14,【3D同人/中文/全动态】NTR人l妻系列3：威胁黑丝人.妻！1080HD版【新作/超美黑丝】,,漫画,,,,,https://bbs.2046acg.com/thread-7498-1-2.html
15,【2D合集/汉化/全动态】[@都] 2020年6月：鲤鱼蕃薯汉化大合集【7月更新】【2G】,,漫画,,,,,https://bbs.2046acg.com/thread-7489-1-2.html
16,【3D同人/全动态/汉化】天国的姐弟：弟のカンケイ【1-4部】合集中文版【名作/3.3G】,,漫画,,,,,https://bbs.2046acg.com/thread-7488-1-2.html
17,【3D同人/全动态】银河战士：萨姆斯的训练日2！1080HD完整版【新作/多种H/700M】,,漫画,,,,,https://bbs.2046acg.com/thread-7468-1-2.html
18,【3D同人/中文/全动态】吸血鬼女仆雪姬 1080HD 完整中文版【新作/精美/全CV】【900M】,,漫画,,,,,https://bbs.2046acg.com/thread-7467-1-2.html
19,【3D同人/全动态】Nageomination：D.VA的秘密杏O爱课程！1080HD版+赠品【新作/全CV/600M】,,漫画,,,,,https://bbs.2046acg.com/thread-7447-1-2.html
0,【3D同人/中文/全动态】NTR人.妻系列2：出差的绿帽！1080HD版【新作/超精美白丝女仆】,,漫画,,,,,https://bbs.2046acg.com/thread-7439-1-3.html
1,【3D同人/极品/全动态】Wildeer 古墓丽影：囚禁劳拉！1080HD步兵版【新作/西瓜肚/CV】,,漫画,,,,,https://bbs.2046acg.com/thread-7438-1-3.html
2,【3D全动态】蒂法&爱丽丝~最终幻想7重置超写实3D：第4辑 整合版【究极逼真/2.8G】,,漫画,,,,,https://bbs.2046acg.com/thread-7420-1-3.html
3,【3D同人/全动态】G_β大师：320部！极品3D同人全作品2020超级大合集【新作/步兵/5G】,,漫画,,,,,https://bbs.2046acg.com/thread-7407-1-3.html
4,【3D同人/全动态】DOA同人：红叶和狼王的爱情故事！1080HD版【新作/步兵/全CV/400M】,,漫画,,,,,https://bbs.2046acg.com/thread-7400-1-3.html
5,【3D同人/全动态】玛丽罗斯：午夜中的激x情！★超清1080HD【超精细/全CV】【2.1G】,,漫画,,,,,https://bbs.2046acg.com/thread-7399-1-3.html
6,【3D同人/中文/全动态】NTR人l妻系列：智取黑丝人x妻！1080HD版【新作/超精美黑丝】,,漫画,,,,,https://bbs.2046acg.com/thread-7374-1-3.html
7,【3D同人/全动态】Exprational大师：4K超逼真壁纸级3D同人动画+CG集【蒂法守望/1.2G】,,漫画,,,,,https://bbs.2046acg.com/thread-7353-1-3.html
8,【3D全动态】蒂法&爱丽丝~最终幻想7重置超写实3D：第3辑 整合版【究极逼真/1.5G】,,漫画,,,,,https://bbs.2046acg.com/thread-7338-1-3.html
9,【3D同人/全动态】不知火舞：Mai-Den Collection！故事篇 1080HD版【新作/超长篇/3G】,,漫画,,,,,https://bbs.2046acg.com/thread-7329-1-3.html
10,【2D合集/汉化/精选】西瓜肚合集！精选鲤鱼蕃薯混剪1080HD版【高能纯冲/超带劲/3.2G】,,漫画,,,,,https://bbs.2046acg.com/thread-7328-1-3.html
11,【2D合集/汉化/精选】NTR牛头人合集！精选鲤鱼蕃薯混剪1080HD版【高能纯冲/带劲/3G】,,漫画,,,,,https://bbs.2046acg.com/thread-7322-1-3.html
12,【3D/中文/全动态】依雯&妮妮：非洲大冒险[1-4]完全版★小马大车【新作/步兵/1G】,,漫画,,,,,https://bbs.2046acg.com/thread-7312-1-3.html
13,【2.5D同人/全动态】Ru祥平大师：极品同人动画！1080HD大合集【超精美/全CV/2G】,,漫画,,,,,https://bbs.2046acg.com/thread-7311-1-3.html
14,【3D/全动态】蒂法&爱丽丝~最终幻想7重置超写实3D：第2辑！整合版【究极逼真/1G】,,漫画,,,,,https://bbs.2046acg.com/thread-7274-1-3.html
15,【3D同人/全动态】死或生沙滩排球：美D的睡歼！1080HD版★小马拉大车【全步兵/全CV】,,漫画,,,,,https://bbs.2046acg.com/thread-7259-1-3.html
16,【3D同人/全动态】韩国极品大师KIDMO：20年6月作品CG+动画 步兵版【新作/黑丝/3.4G】,,漫画,,,,,https://bbs.2046acg.com/thread-7254-1-3.html
17,【3D/全动态】夏天的约定：和姐姐夏天的回忆！完全版+更新扩展版【超逼真/1.3G】,,漫画,,,,,https://bbs.2046acg.com/thread-7242-1-3.html
18,【3D同人/全动态】EXGA尼尔：2B的蜕变史！上下篇完全版★全程高能【1080HD】【6G】,,漫画,,,,,https://bbs.2046acg.com/thread-7241-1-3.html
19,【2.5D/超赞画风/全动态】孕神和被附身的侄女！HD动画版+CG整合版【新作/黑丝JK/2G】,,漫画,,,,,https://bbs.2046acg.com/thread-7211-1-3.html
0,【3D/全动态】古墓丽影：劳拉和玉骷髅！究极逼真3D同人 1080HD版+CG版【新作/500M】,,漫画,,,,,https://bbs.2046acg.com/thread-7184-1-4.html
1,【3D同人/全动态/OP社】灵魂能力5：索菲亚同人！官方国语配音HD版【新作/双语CV/8G】,,漫画,,,,,https://bbs.2046acg.com/thread-7177-1-4.html
2,【2D同人/全动态】火影忍者原动画！超魔改合集+同人动画赠品合集【超稀有/整合/600M】,,漫画,,,,,https://bbs.2046acg.com/thread-7129-1-4.html
3,【3D同人/全动态】生化危机重制版：吉尔3D同人精品18部合集+蒂法赠品【新整合/步兵】,,漫画,,,,,https://bbs.2046acg.com/thread-7121-1-4.html
4,【3D同人/全动态】Rastafarian大师：守望/2B/鬼泣等 215作品大合集★小马拉大车【2G】,,漫画,,,,,https://bbs.2046acg.com/thread-7097-1-4.html
5,【3D同人/全动态】生化危机：艾达王3D同人精品作品 47部大合集【新整合/步兵/600M】,,漫画,,,,,https://bbs.2046acg.com/thread-7060-1-4.html
6,【3D同人/全动态】BulgingSenpai：吉尔・瓦伦丁的超逼真森猴杏交+全系列合集【步兵】,,漫画,,,,,https://bbs.2046acg.com/thread-7050-1-4.html
7,【3D/全动态】蒂法&爱丽丝~最终幻想7重置：超写实3D步兵同人1080HD版【究极逼真】,,漫画,,,,,https://bbs.2046acg.com/thread-7016-1-4.html
8,【3D同人/全动态】G-β大师：防火女的献祭！1080HD版【新作/步兵/暴x力/锁链拘束】,,漫画,,,,,https://bbs.2046acg.com/thread-6996-1-4.html
9,【3D同人/全动态】Voimond大作：异形入侵 BUG HUNT2 1080HD版【新作/全CV/500M】,,漫画,,,,,https://bbs.2046acg.com/thread-6985-1-4.html
10,【3D同人/全动态】HydraFXX大师：4K极品3D同人作品 CG+动画整合版【新整合/1.7G】,,漫画,,,,,https://bbs.2046acg.com/thread-6968-1-4.html
11,【3D同人/全动态】Barbell：劳拉与Doge的幸福生活【1-4】完整合集1080HD版【1.8G】,,漫画,,,,,https://bbs.2046acg.com/thread-6967-1-4.html
12,【2D合集/汉化/全动态】[@都] 2020年4月：鲤鱼蕃薯汉化大合集！【5月更新/1.6G】,,漫画,,,,,https://bbs.2046acg.com/thread-6929-1-4.html
13,【3D同人/全动态】Arhoangel大师：守望先锋-3D精品同人2020HD整合版★最强守望同人【5G】,,漫画,,,,,https://bbs.2046acg.com/thread-6917-1-4.html
14,【3D极品/全动态】荒野之王：King of Wasteland 全人物H：全动画+CG版【超精美/3.5G】,,漫画,,,,,https://bbs.2046acg.com/thread-6916-1-4.html
15,【3D同人/全动态】依雯&妮妮：エロ按x摩店！完整版★超小马拉大车【新作/步兵/CV】,,漫画,,,,,https://bbs.2046acg.com/thread-6889-1-4.html
16,【3D同人/全动态】Wildeer Studio：极品劳拉3D同人1080HD合集！【新作/极致精细/3G】,,漫画,,,,,https://bbs.2046acg.com/thread-6883-1-4.html
17,【3D同人/中文/全动态】蜜桃成熟时~阿姨家的周末！中文版【新作/白丝/步兵/CV/1.2G】,,漫画,,,,,https://bbs.2046acg.com/thread-6825-1-4.html
18,【3D同人/全动态】真三国无双+战国无双系列 3D同人作品集【女将沦陷】【稀有整合】,,漫画,,,,,https://bbs.2046acg.com/thread-6814-1-4.html
19,【2D合集/全动态】CollaborationWorks系列鲤鱼番薯：13部汉作品精品全集【收藏/22G】,,漫画,,,,,https://bbs.2046acg.com/thread-6793-1-4.html
0,【2D/全动态/汉化】辰美老师：历代鲤鱼番薯！全汉化HD作品+CG大合集【收藏/肉感/13G】,,漫画,,,,,https://bbs.2046acg.com/thread-6771-1-5.html
1,【2D/全动态/汉化】村上辉明O督：鲤鱼番薯！全汉化HD作品+CG大合集【步兵/收藏/11G】,,漫画,,,,,https://bbs.2046acg.com/thread-6724-1-5.html
2,【2D/全动态/汉化】西川贵史：历代鲤鱼番薯！全汉化HD作品合集+CG大合集【收藏/10G】,,漫画,,,,,https://bbs.2046acg.com/thread-6698-1-5.html
3,【2D魔改/全动态】海贼、火影、妖尾等著名动画超魔改：皇帝版！大合集【超稀有】,,漫画,,,,,https://bbs.2046acg.com/thread-6649-1-5.html
4,【3D同人/汉化/全动态】侄女的隆起：不停歇的发射游戏！汉化步兵完整版【新汉化/CV】,,漫画,,,,,https://bbs.2046acg.com/thread-6596-1-5.html
5,【3D同人/全动态】LazyProcrast大师：极品3D同人2020年-85部大合集【1080HD/800M】,,漫画,,,,,https://bbs.2046acg.com/thread-6589-1-5.html
6,【史诗资源/汉化】米粒儿整合:【Milky】社鲤蕃全系列作品大合集！【超精华/步兵/37G】,,漫画,,,,,https://bbs.2046acg.com/thread-6562-1-5.html
7,【2D合集/汉化/全动态】[@都] 2020年3月：鲤鱼蕃薯汉化合集！+前作【4月更新/2.5G】,,漫画,,,,,https://bbs.2046acg.com/thread-6549-1-5.html
8,【3D超极品/全动态】鬼神级3D：罗丽鬼娃！4K同人作品1-5部新合集【步兵/极致/2.5G】,,漫画,,,,,https://bbs.2046acg.com/thread-6530-1-5.html
9,【3D同人/中文/全动态】蒂法的エロ幻想！1080HD中文完全版★超高素质【新作/黑丝/1G】,,漫画,,,,,https://bbs.2046acg.com/thread-6459-1-5.html
10,【2.5D同人/全动态】SuRu大师：3月极品步兵同人合集★爱宕/恰巴耶夫/贞德【新作/2G】,,漫画,,,,,https://bbs.2046acg.com/thread-6450-1-5.html
11,【3D同人/汉化/全动态】近X亲相歼：青歼！汉化HD完全版【新汉化/全CV/超逼真！】,,漫画,,,,,https://bbs.2046acg.com/thread-6435-1-5.html
12,【3D同人/全动态】银河战士：萨姆斯与未知星球3！1080HD重置完整步兵版【1.5G】,,漫画,,,,,https://bbs.2046acg.com/thread-6429-1-5.html
13,【2.5D同人/全动态】Zen33n大师：超高质量同人作品大合集【步兵/极品画风/全CV/2.5G】,,漫画,,,,,https://bbs.2046acg.com/thread-6396-1-5.html
14,【3D同人/全动态】[究极白丝]三国同人：貂蝉无惨~^世の舞姬！完整版【新作/步兵/4G】,,漫画,,,,,https://bbs.2046acg.com/thread-6386-1-5.html
15,【3D同人/全动态】JeridOiso大师：DOA超高质量作品分集+整合版【小马大车/睡歼/700M】,,漫画,,,,,https://bbs.2046acg.com/thread-6361-1-5.html
16,【3D+2D同人/全动态】最终幻想：蒂法无敌巨巨车！2300+作品大合集【史诗大车/3.4G】,,漫画,,,,,https://bbs.2046acg.com/thread-6352-1-5.html
17,【3D同人/全动态】EXGA尼尔：2B的蜕变2 重置完全版★全程高能+全CG集【新版整合/2G】,,漫画,,,,,https://bbs.2046acg.com/thread-6317-1-5.html
18,【3D/中文/全动态】依雯&妮妮：催眠黑丝女总裁！★小马拉大车【新作/步兵/500M】,,漫画,,,,,https://bbs.2046acg.com/thread-6300-1-5.html
19,【3D同人/全动态】大西瓜高速漂移：一品b壶臣服篇！步兵版【新作/女警/国语CV】,,漫画,,,,,https://bbs.2046acg.com/thread-6299-1-5.html
0,【2D汉化/动态】母系鲤蕃：x母吐息/母杏本能 等12部汉化步兵大合集【精品大车/4.2G】,,漫画,,,,,https://bbs.2046acg.com/thread-6296-1-6.html
1,【3D/全动态】试着给每天经过家门口的JK送奇怪玩具，然后嘿嘿【超逼真/全CV】【1.5G】,,漫画,,,,,https://bbs.2046acg.com/thread-6280-1-6.html
2,【2.5D同人/全动态】Anparu98：少女前线 9A91+阿米驴+一艘船！步兵HD同人【新作/1G】,,漫画,,,,,https://bbs.2046acg.com/thread-6263-1-6.html
3,【3D同人/中文/全动态】依雯&妮妮：SHOT01.1 中文版★小马拉大车【新作/步兵/CV】,,漫画,,,,,https://bbs.2046acg.com/thread-6259-1-6.html
4,【3D同人/全动态】银河战士：萨姆斯异星落难异种歼！1080HD完整版【新作/多种H/500M】,,漫画,,,,,https://bbs.2046acg.com/thread-6244-1-6.html
5,【3D同人/全动态】Susurim大师：超精美3D同人作品+CG集★小马拉大车【1080HD/全CV】,,漫画,,,,,https://bbs.2046acg.com/thread-6235-1-6.html
6,【3D极品/全动态】Atelier Yakoh（w凰工房）：超精美作品45分钟HD整合版【超长合集】,,漫画,,,,,https://bbs.2046acg.com/thread-6234-1-6.html
7,【3D同人/全动态】和洛利手办的幸福生活2：桃子篇！完全版+音声版【新作/全CV】【5G】,,漫画,,,,,https://bbs.2046acg.com/thread-6216-1-6.html
8,【2D/汉化/全动态】肉感鲤蕃：纯白少女骑士/公众RBQ 等20部汉化大合集【精品大车/9G】,,漫画,,,,,https://bbs.2046acg.com/thread-6215-1-6.html
9,【3D同人/全动态】ダン大师：超高质量HD同人31部作品大合集！【更新/全步兵/CV/1.4G】,,漫画,,,,,https://bbs.2046acg.com/thread-6194-1-6.html
10,【3D同人/全动态】银河战士：萨姆斯大战终结者！1080HD完整版【新作/60FPS/700M】,,漫画,,,,,https://bbs.2046acg.com/thread-6169-1-6.html
11,【3D同人/中文/全动态】不知火舞和小男孩【1-3】1080HD版★小马拉大车【国语CV/3G】,,漫画,,,,,https://bbs.2046acg.com/thread-6144-1-6.html
12,【3D同人/中文/全动态】妻子与小鬼【1-3】部1080HD版★小马拉大车【新作/国语CV/3G】,,漫画,,,,,https://bbs.2046acg.com/thread-6134-1-6.html
13,【2D同人/全动态】JXH33大师：高社保同人1080HD步兵版合集+CG集【新作/全CV/1.3G】,,漫画,,,,,https://bbs.2046acg.com/thread-6133-1-6.html
14,【3D/中文/全动态】雯雅婷：全系列19部！最全4K新版大合集【高跟丝.袜/珍藏】【9G】,,漫画,,,,,https://bbs.2046acg.com/thread-6125-1-6.html
15,【3D同人/全动态】TrueFeelings：泳装大姐姐觉醒了我的奇怪癖好！完整版【新作/1.3G】,,漫画,,,,,https://bbs.2046acg.com/thread-6124-1-6.html
16,【2D合集/汉化/全动态】[@都] 2020年2月：鲤鱼蕃薯汉化大合集！【3月更新】【2G】,,漫画,,,,,https://bbs.2046acg.com/thread-6114-1-6.html
17,【2.5同人/全动态】Rinhee大师 FGO BB：间桐樱★白色水着【新作/步兵/全CV】【350M】,,漫画,,,,,https://bbs.2046acg.com/thread-6113-1-6.html
18,【3D极品/全动态】[超真实] 死宅、天使、和甜蜜的家庭！正式完整版+动画版【新作/6G】,,漫画,,,,,https://bbs.2046acg.com/thread-6103-1-6.html
19,【3D同人/全动态】艾达王VS远古丧尸！寄生感・染：LasPlagas 1080HD版【全CV/600M】,,漫画,,,,,https://bbs.2046acg.com/thread-6089-1-6.html
0,【2.5D同人/全动态】Akino大师：极品同人作品1080HD大合集+CG集【更新至20.3月/2.8G】,,漫画,,,,,https://bbs.2046acg.com/thread-6088-1-7.html
1,【3D极品/全动态/汉化】超社保黑丝：秋~の校长室前篇+后篇汉化版【新汉化/2.5G】,,漫画,,,,,https://bbs.2046acg.com/thread-6051-1-7.html
2,【3D同人/全动态】擂台上社保的玛丽罗斯！1080HD 完整版【新作/步兵/全CV】【300M】,,漫画,,,,,https://bbs.2046acg.com/thread-6034-1-7.html
3,【3D同人/全动态】欲・望精灵：Elven Lust 1080HD完全版【新作/超精美渲染】【1.2G】,,漫画,,,,,https://bbs.2046acg.com/thread-6019-1-7.html
4,【3D同人/极品/全动态】古墓丽影：劳拉拘束机械歼！1080HD版【新作/超精细】【600M】,,漫画,,,,,https://bbs.2046acg.com/thread-6004-1-7.html
5,【3D超极品/全动态】鬼神级3D：罗丽鬼娃！同人作品集+4K级CG【60FPS/步兵/极致社保】,,漫画,,,,,https://bbs.2046acg.com/thread-5992-1-7.html
6,【3D/全动态】Bambina大师：神级芒果3D作品2020新大合集！【极品★超细致/1.8G】,,漫画,,,,,https://bbs.2046acg.com/thread-5990-1-7.html
7,【3D同人/全动态/合集】G-B大师：3D社保同人1080HD精心整合版【新作/全CV】【1.8G】,,漫画,,,,,https://bbs.2046acg.com/thread-5980-1-7.html
8,【3D同人/全动态】冰雪奇缘：爱莎女王与安娜之"冰"恋调・教篇+CG版【1080HD/超还原】,,漫画,,,,,https://bbs.2046acg.com/thread-5959-1-7.html
9,【3D同人/全动态】DOA死或生：霞公主奴隶地狱【1-6部】大合集【步兵/全CV】【4.8G】,,漫画,,,,,https://bbs.2046acg.com/thread-5948-1-7.html
10,【3D同人/全动态】韩国KIDMO大师：步兵动画4K高清整合版！★33MIN【新作/全CV/3G】,,漫画,,,,,https://bbs.2046acg.com/thread-5922-1-7.html
11,【3D同人/全动态】生化危机&古墓丽影：2019年全年精华3D整合版！【超高能/1.4G】,,漫画,,,,,https://bbs.2046acg.com/thread-5895-1-7.html
12,【极品3D/全动态】究极老滚：超超超精美3D动画合集版！14H的极致体验【1080HD/18G】,,漫画,,,,,https://bbs.2046acg.com/thread-5850-1-7.html
13,【3D同人/全动态】DOA同人：瑞秋的礼物+DLC 1080HD版【新作/步兵/全CV】【3.2G】,,漫画,,,,,https://bbs.2046acg.com/thread-5823-1-7.html
14,【3D同人/全动态】贫血少年保健室：和学姐学妹的社保事！【新作/双菲/全CV】【500M】,,漫画,,,,,https://bbs.2046acg.com/thread-5809-1-7.html
15,【2.5D同人/全动态】Overlord（骨王）夏提雅社保同人番剧！4KHD版【新作/步兵/2.6G】,,漫画,,,,,https://bbs.2046acg.com/thread-5808-1-7.html
16,【3D汉化/合集/全动态】StudioFOW同人作品（FOW1-16全）汉化版+40部短片【大合集】【15G】,,漫画,,,,,https://bbs.2046acg.com/thread-5789-1-7.html
17,【3D汉化/全动态/全CV】樱花妈妈★和儿子的全社保生活！超长篇汉化版【3.2G/70分钟】,,漫画,,,,,https://bbs.2046acg.com/thread-5788-1-7.html
18,【3D同人/全动态】Lvl3Toaster大师：超高质量3D同人作品合集+整合版【步兵/CV/1.85G】,,漫画,,,,,https://bbs.2046acg.com/thread-5777-1-7.html
19,【2D合集/汉化/全动态】[@都] 2020年1月：鲤鱼蕃薯汉化大合集！+前作【春节更新/4G】,,漫画,,,,,https://bbs.2046acg.com/thread-5766-1-7.html
0,【3D同人/全动态/OP社】完全败北！对魔忍4：昌馆开业庆典！1080HD加长版【新作/1.6G】,,漫画,,,,,https://bbs.2046acg.com/thread-5760-1-8.html
1,【3D同人/全动态】DOA同人：米拉和陈佩~满月的恶魔！1080HD版【新作/全步兵】【700M】,,漫画,,,,,https://bbs.2046acg.com/thread-5759-1-8.html
2,【2D同人/全动态】梅梢皇郑Buckethead 东方同人作品 1080HD大合集【新作/全CV/1G】,,漫画,,,,,https://bbs.2046acg.com/thread-5724-1-8.html
3,【3D同人/全动态】ATD大师：新年鼠女郎-MOUSE GIRL+BIOM2！步兵版【新作/1.3G】,,漫画,,,,,https://bbs.2046acg.com/thread-5707-1-8.html
4,【3D同人/全动态】最终幻想7：蒂法-洛克哈特 杏・爱！1080HD版【新作/高质量】【300M】,,漫画,,,,,https://bbs.2046acg.com/thread-5695-1-8.html
5,【2.5D同人/全动态】Sayika（兔子老大）：神级4K动画+CG大合集【全步兵/CV语音/8G】,,漫画,,,,,https://bbs.2046acg.com/thread-5691-1-8.html
6,【3D同人/全动态】DOA同人：玛丽罗斯和尼哥！1080HD 整合版★全程高能【全CV/全步兵】,,漫画,,,,,https://bbs.2046acg.com/thread-5690-1-8.html
7,【3D同人/全动态】最强DOA同人：Fluffy Pokemon★19年1-12月全年HD新作合集+旧全集【7G】,,漫画,,,,,https://bbs.2046acg.com/thread-5663-1-8.html
8,【3D/全动态】Oreo大师神级新作：哥布林~繁殖的季节！4K版+全系列前作【新作/全CV】,,漫画,,,,,https://bbs.2046acg.com/thread-5662-1-8.html
9,【3D同人/全动态】我的女神同人：温泉中的女神贝露丹蒂！1080HD版【新作/超精美渲染】,,漫画,,,,,https://bbs.2046acg.com/thread-5648-1-8.html
10,【2.5D同人/全动态】童阁命：军手御宅男！1080HD完全版【CG+动画版】【新作/1G】,,漫画,,,,,https://bbs.2046acg.com/thread-5647-1-8.html
11,【3D同人/全动态】莱莎的炼金工房同人：背后嘿嘿莱莎！4K高清版+VR版【新作/全CV/1G】,,漫画,,,,,https://bbs.2046acg.com/thread-5637-1-8.html
12,【3D/全动态】被囚禁的妖精公主2：深林堕落的妖精！+前作【新作/高能玩法/全CV/4G】,,漫画,,,,,https://bbs.2046acg.com/thread-5636-1-8.html
13,【3D同人/全动态】KisaragiSakuya：崩坏3-嘿嘿同人作品15部合集！【全步兵/全CV】,,漫画,,,,,https://bbs.2046acg.com/thread-5599-1-8.html
14,【3D同人/全动态】DOA同人：惠乃果和狗狗！1080HD 整合版★全程高能！【全CV/全步兵】,,漫画,,,,,https://bbs.2046acg.com/thread-5587-1-8.html
15,【3D同人/全动态】冰雪奇缘同人：艾莎女王的秘密！+彩蛋【新作/超高清】【1G】,,漫画,,,,,https://bbs.2046acg.com/thread-5585-1-8.html
16,【3D/全动态】ATD大师新作：Z★ULALA圣诞快乐！完整步兵版+前作全系列【新作/2.3G】,,漫画,,,,,https://bbs.2046acg.com/thread-5575-1-8.html
17,【3D同人/全动态】韩国极品大师KIDMO：2020年1月作品CG+动画 步兵版【新作/CV/600M】,,漫画,,,,,https://bbs.2046acg.com/thread-5568-1-8.html
18,【3D同人/全动态】DC同人：神奇女侠大战女超人！1080HD版【新作/超高渲染】【600M】,,漫画,,,,,https://bbs.2046acg.com/thread-5542-1-8.html
19,【3D同人/全动态】我的女神同人：VIP贵宾房的黑丝女神贝露丹蒂！1080HD版【超美新作】,,漫画,,,,,https://bbs.2046acg.com/thread-5531-1-8.html
0,【3D/全动态】[AF3D] 扶他的圣诞狂欢盛宴！4K高清完整版+CG版【新作/全CV】【600M】,,漫画,,,,,https://bbs.2046acg.com/thread-5515-1-9.html
1,【3D同人/全动态】最终幻想15：露娜的社保同人！1080HD版【新作/全CV】【300M】,,漫画,,,,,https://bbs.2046acg.com/thread-5514-1-9.html
2,【3D同人/全动态】漫威同人：女蜘蛛侠格温大战毒液！1080HD版+彩蛋【新作/全CV/600M】,,漫画,,,,,https://bbs.2046acg.com/thread-5502-1-9.html
3,【3D同人/全动态】[StudioFOW] 马头社新作：雪之妖狐之计划！完整版【新大作/放大招】,,漫画,,,,,https://bbs.2046acg.com/thread-5473-1-9.html
4,【3D同人/全动态】我的女神同人：酒店服务的女神贝露丹蒂！1080HD版【新作/超美】,,漫画,,,,,https://bbs.2046acg.com/thread-5459-1-9.html
5,【3D同人/全动态】D.VA 宋哈娜的RBQ之路！全程高能-新作【超高清★强烈推荐】【4.5G】,,漫画,,,,,https://bbs.2046acg.com/thread-5458-1-9.html
6,【3D同人/汉化/全动态】肉玉的冒险4：埃及艳后！汉化版★开火车【新作/1080P版/800M】,,漫画,,,,,https://bbs.2046acg.com/thread-5445-1-9.html
7,【3D极品/汉化/动态】夏天的约定：和姐姐夏天的回忆！汉化版+PV动画【新汉化/超逼真】,,漫画,,,,,https://bbs.2046acg.com/thread-5436-1-9.html
8,【国产同人/中文/全动态】天行九歌焰灵姬 最新作-黑丝大长腿【新作/全CV】【1.4G】,,漫画,,,,,https://bbs.2046acg.com/thread-5413-1-9.html
9,【2D合集/全动态】[@都] 2019年1-12月全年：鲤鱼番薯汉化作品大合集！【新整合/20G】,,漫画,,,,,https://bbs.2046acg.com/thread-5406-1-9.html
10,【3D同人/全动态】我的女神同人：海滩上的女神贝露丹蒂！1080HD版【新作/超美/500M】,,漫画,,,,,https://bbs.2046acg.com/thread-5387-1-9.html
11,【2.5D全动态/中文】催・眠☆复仇 /リベンジ 动画版+同名漫画汉化版【新作】【1.4G】,,漫画,,,,,https://bbs.2046acg.com/thread-5386-1-9.html
12,【3D同人/全动态】Rinhee碧蓝航线：贝尔法斯特★社保黑丝裤袜！【新作/步兵】【350M】,,漫画,,,,,https://bbs.2046acg.com/thread-5385-1-9.html
13,【3D同人/全动态】游荡者-Gadabout EP1：D.VA受难 完整版+彩蛋【新作/1080P/1G】,,漫画,,,,,https://bbs.2046acg.com/thread-5360-1-9.html
14,【3D同人/全动态】DOA新同人：红叶与恶魔猎人的肮脏交易！1080HD版【新作/全CV/800M】,,漫画,,,,,https://bbs.2046acg.com/thread-5351-1-9.html
15,【2D合集/汉化/全动态】催・眠洗恼系列鲤鱼番薯：20部汉化大合集！【全CV】【12G】,,漫画,,,,,https://bbs.2046acg.com/thread-5332-1-9.html
16,【3D同人/全动态】阿神丸：Noname55最强3D同人系列超长版【全步兵/超多角色】【2.8G】,,漫画,,,,,https://bbs.2046acg.com/thread-5331-1-9.html
17,【3D同人/全动态】艾达王VS舔狗-本能篇：INSTINCTS+番外+彩蛋 1080HD版【全CV/800M】,,漫画,,,,,https://bbs.2046acg.com/thread-5248-1-9.html
18,【3D同人/全动态】SelfDrillingS・MS：电影级别3D作品大合集！1080HD版【全CV/超极品】,,漫画,,,,,https://bbs.2046acg.com/thread-5247-1-9.html
19,【2D合集/汉化/全动态】[@都] 2019年12月：鲤鱼蕃薯汉化合集+前作【年终更新/2.3G】,,漫画,,,,,https://bbs.2046acg.com/thread-5213-1-9.html
0,【3D/汉化/动态】Oreo大师4K极品：哥布林地狱【1-3】六部合集汉化版+HD动画版【8.7G】,,漫画,,,,,https://bbs.2046acg.com/thread-5206-1-10.html
1,【3D同人/全网收集/全动态】梅麻吕3D作品 23部汉化版大合集！【珍藏】【20G】,,漫画,,,,,https://bbs.2046acg.com/thread-5193-1-10.html
2,【3D同人/全动态】[Affect3D] 恶魔罗埃拉的苏醒~汉化版【新作/1080P】【500M】,,漫画,,,,,https://bbs.2046acg.com/thread-5192-1-10.html
3,【2D极品/中文/全动态】神级画风：世徒ゆうき 最强鲤番27部汉化大合集！【珍藏/10G】,,漫画,,,,,https://bbs.2046acg.com/thread-5185-1-10.html
4,【3D同人/全动态】Guiltyk大师：守望屁股~超社保双菲！HD版【新作/步兵/局部超精致】,,漫画,,,,,https://bbs.2046acg.com/thread-5166-1-10.html
5,【3D同人/全动态】EXGA尼尔：2B的蜕变史！上下篇完全版★全程高能【1080HD】【6G】,,漫画,,,,,https://bbs.2046acg.com/thread-5159-1-10.html
6,【3D同人/全动态】DOA同人：女天狗的银乱史！1080HD版★全程高能【新作/强推】【1G】,,漫画,,,,,https://bbs.2046acg.com/thread-5128-1-10.html
7,【3D同人/动态CG】精灵米拉的遭遇：1-9部【全】HD高清版【极品***大长腿！】【3.2G】,,漫画,,,,,https://bbs.2046acg.com/thread-5034-1-10.html
8,【3D同人/全动态】DOA心同人：KOKORO和兽人 1080HD版【新作/全CV/黑丝/步兵】【400M】,,漫画,,,,,https://bbs.2046acg.com/thread-5012-1-10.html
9,【2D同人/全动态】韩国极品大师KIDMO：12月作品CG+动画 步兵版【新作/全CV】【2.5G】,,漫画,,,,,https://bbs.2046acg.com/thread-4982-1-10.html
10,【3D极品/全动态】我们与叔母和表姐妹难忘的夏天旅行！动画版+原版【超级逼真/1.5G】,,漫画,,,,,https://bbs.2046acg.com/thread-4969-1-10.html
11,【3D同人/全动态】守望先锋：夜店D.VA Overlook 1080HD版【新作】【全步兵/超精致】,,漫画,,,,,https://bbs.2046acg.com/thread-4968-1-10.html
12,【2.5D/全动态】Anparu98：少女前线M37+钢板 社保同人作品【新作/步兵/全CV】【1.2G】,,漫画,,,,,https://bbs.2046acg.com/thread-4941-1-10.html
13,【奇怪资源/珍稀/全动态】超逼真的极品娃娃实战嘿嘿【1-4部】HD大合集+视频集【3G】,,漫画,,,,,https://bbs.2046acg.com/thread-4927-1-10.html
14,【3D同人/全动态】Rinhee碧蓝航线：扎拉同人★ 长腿果足比基尼【新作/步兵】【350M】,,漫画,,,,,https://bbs.2046acg.com/thread-4886-1-10.html
15,【2D合集/汉化/全动态】[@都] 2019年11月：鲤鱼蕃薯汉化合集+前作【12月更新】【4G】,,漫画,,,,,https://bbs.2046acg.com/thread-4874-1-10.html
16,【3D同人/全动态】DOA同人：魅惑的玛丽罗斯老师！【新作】【1080HD/超精细/全CV】,,漫画,,,,,https://bbs.2046acg.com/thread-4792-1-10.html
17,【3D神作/汉化】催・眠诊所：ねとりんぼ（前篇+后篇）最终完结中文版+特典【NTR/4.3G】,,漫画,,,,,https://bbs.2046acg.com/thread-4767-1-10.html
18,【极品3D/全动态】Oreo大师：无限哥布林地狱3：HD高清动画版+4K图文版【新作/6.5G】,,漫画,,,,,https://bbs.2046acg.com/thread-4753-1-10.html
19,【3D/全动态】ATD大师P站新作：ULALA全系列2019年-步兵大合集【11月新整合】【1.6G】,,漫画,,,,,https://bbs.2046acg.com/thread-4730-1-10.html
0,【3D同人/全动态】PockYin大师：DOA超精美3D同人作品合集！【新作】【HD高清/全CV】,,漫画,,,,,https://bbs.2046acg.com/thread-4695-1-11.html
1,【3D同人/全动态】天使的银O诊疗：Intensive Care 完整HD版【吊带黑丝/新作】,,漫画,,,,,https://bbs.2046acg.com/thread-4630-1-11.html
2,【3D同人/全动态】红叶的生日礼物：Shrine Maiden 1080HD版【新作/步兵/CV】【700M】,,漫画,,,,,https://bbs.2046acg.com/thread-4581-1-11.html
3,【3D同人/全动态】4K极品蒂法：BulgingSenpai 超精美3D作品合集【新作/全CV】【4.3G】,,漫画,,,,,https://bbs.2046acg.com/thread-4549-1-11.html
4,【DC大作/超热门】小丑：JOKER 1080HD外卦中文版+11月步兵赠品【新大作】【3.2G】,,漫画,,,,,https://bbs.2046acg.com/thread-4548-1-11.html
5,【3D/全动态】ATD大师11月新作：HINA第1部 HD重置步兵黄金收藏版！【白丝裤袜/2.3G】,,漫画,,,,,https://bbs.2046acg.com/thread-4455-1-11.html
6,【3D同人/全动态】Rinhee碧蓝航线：尻畏同人★社保白丝连裤袜！【新作/步兵】【350M】,,漫画,,,,,https://bbs.2046acg.com/thread-4432-1-11.html
7,【国产3D神作/中文/全动态】冰镇大甜瓜：小马拉大车 全系列大合集【步兵/CV】【3.6G】,,漫画,,,,,https://bbs.2046acg.com/thread-4403-1-11.html
8,【2D同人/全动态】FGO原版动画：全果嘿嘿魔改版！【超稀有/高质量完美还原】,,漫画,,,,,https://bbs.2046acg.com/thread-4377-1-11.html
9,【2D合集/汉化/全动态】[@都] 2019年10月：鲤鱼蕃薯汉化合集+前作【11月更新】【4G】,,漫画,,,,,https://bbs.2046acg.com/thread-4336-1-11.html
10,【3D同人/全动态】沦为RBQ的黑丝女★教师！1080HD版【新作/全CV/精美】【1.1G】,,漫画,,,,,https://bbs.2046acg.com/thread-4241-1-11.html
11,【名物/全动态/汉化】鬼釜1+鬼釜2【16集全】汉化步兵大合集！【史诗级大作/必收/3G】,,漫画,,,,,https://bbs.2046acg.com/thread-4143-1-11.html
12,【3D同人/全动态】龙骑士与2B！全程社保HD完整版+赠品图集【新作/全CV】【1.2G】,,漫画,,,,,https://bbs.2046acg.com/thread-4115-1-11.html
13,【2.5D/全动态】Rinhee：吾王SABER的澳门赌.场性★感荷官！【新作】【步兵/全CV】【1G】,,漫画,,,,,https://bbs.2046acg.com/thread-4044-1-11.html
14,【3D互动/全动态】小舞和玲酱的偶像摄影会★巧克力！完全版+动画版【超精细/双菲/7G】,,漫画,,,,,https://bbs.2046acg.com/thread-4043-1-11.html
15,【3D同人/全动态】Idemiiam大师：超精美3D同人作品大合集【全步兵/守望/尼尔等】【2G】,,漫画,,,,,https://bbs.2046acg.com/thread-4024-1-11.html
16,【3D同人/全动态】异形同人：萨姆斯与未知星球9！+前作+同人漫【新作/1080HD】【2G】,,漫画,,,,,https://bbs.2046acg.com/thread-3985-1-11.html
17,【3D同人/全动态】PockYin大师：DOA超精美3D同人作品合集！【新作】【HD高清/全CV】,,漫画,,,,,https://bbs.2046acg.com/thread-3961-1-11.html
18,【2D/汉化/全动态】回到小时候报复啪妈妈！1080HD汉化版+CG漫画版【新汉化】【1G】,,漫画,,,,,https://bbs.2046acg.com/thread-3960-1-11.html
19,【3D同人/全动态】Atelier Yakoh大师：超精美3D同人作品HD版【新作】【极品素质！】,,漫画,,,,,https://bbs.2046acg.com/thread-3957-1-11.html
0,【3D同人/全动态】4K画质3D同人：高傲艾达王的RBQ颜！【新作/全CV】【CG+视频双版本】,,漫画,,,,,https://bbs.2046acg.com/thread-3956-1-12.html
1,【3D同人/全动态】猎天使魔女-贝优妮塔：3D同人作品整合全集【步兵/超稀有】【800M】,,漫画,,,,,https://bbs.2046acg.com/thread-3955-1-12.html
2,【3D/汉化/全动态】[@都] 2019年9月：3D同人作品汉化合集【10月更新】【1.3G】,,漫画,,,,,https://bbs.2046acg.com/thread-3944-1-12.html
3,【3D同人/全动态】蒂法：最终幻想7 全程社保HD完整版★超高还原【新作/全CV】【800M】,,漫画,,,,,https://bbs.2046acg.com/thread-3930-1-12.html
4,【2D合集/汉化/全动态】[@都]2019年9月：鲤鱼蕃薯汉化合集+前作【10月更新】【5.8G】,,漫画,,,,,https://bbs.2046acg.com/thread-3916-1-12.html
5,【3D/全动态】生化危机同人：克莱尔和里昂的雨中激★情！1080HD版【新作/高还原/全CV】,,漫画,,,,,https://bbs.2046acg.com/thread-3904-1-12.html
6,【治愈/全集】星期一的丰满：BD1080P外褂中文版【1-12全】+CD+全SP【收藏版】【2.8G】,,漫画,,,,,https://bbs.2046acg.com/thread-3773-1-12.html
7,【3D/全动态】LOL极品同人：冒险家伊泽诱尔激战狗头！1080HD版【新作/全CV】【910M】,,漫画,,,,,https://bbs.2046acg.com/thread-3687-1-12.html
8,【大热资源/漫威】蜘蛛侠：英雄远征BD 1080P英语中字版+拘束条教白丝女仆赠品！【3G】,,漫画,,,,,https://bbs.2046acg.com/thread-3621-1-12.html
9,【3D/全动态/汉化】[StudioGGB] 恶魔的工作 アクマノオシゴト【黑丝×白丝/双菲】,,漫画,,,,,https://bbs.2046acg.com/thread-3542-1-12.html
10,【2.5D同人/全动态】宇宙变异生物：エイリアンサクリファイス！【新作/全CV】【600M】,,漫画,,,,,https://bbs.2046acg.com/thread-3528-1-12.html
11,【3D同人/全动态】不知火舞！Mai Shiranui 3D同人作品+CG+动图【大合集】【1.2G】,,漫画,,,,,https://bbs.2046acg.com/thread-3519-1-12.html
12,【2D合集/汉化/全动态】[@都] 2019年8月：鲤鱼蕃薯汉化合集+前作【9月更新】【2.2G】,,漫画,,,,,https://bbs.2046acg.com/thread-3492-1-12.html
13,【3D同人/全动态】OP社：飞鸟捕获~女・优篇！1080HD正式版【新作/全CV】【700M】,,漫画,,,,,https://bbs.2046acg.com/thread-3489-1-12.html
14,【3D/汉化/全动态】[@都] 2019年8月：3D同人作品汉化合集【9月更新】【1.3G】,,漫画,,,,,https://bbs.2046acg.com/thread-3475-1-12.html
15,【3D同人/全动态】Spizzy大师：极品3D同人作品大合集【1080HD★全步兵】【3.2G】,,漫画,,,,,https://bbs.2046acg.com/thread-3398-1-12.html
16,【3D/全动态】妙子：被x父用催・眠术寝取的美人妻！+前作【新作】【精美/全CV】【2G】,,漫画,,,,,https://bbs.2046acg.com/thread-3383-1-12.html
17,【3D同人/全动态】HydraFXX大师：极品3D同人作品合集【全步兵】【守望/生化/尼尔等】,,漫画,,,,,https://bbs.2046acg.com/thread-3340-1-12.html
18,【3D同人/全动态】老外制作★精品火影忍者3D同人作品 5部合集【步兵/精细】【500M】,,漫画,,,,,https://bbs.2046acg.com/thread-3324-1-12.html
19,【3D同人/全动态】小鬼的秘密基地-第2代：这回是监禁！【双马尾罗利/困绑/全CV】【590M】,,漫画,,,,,https://bbs.2046acg.com/thread-3300-1-12.html
0,【3D同人/全动态】小鬼的秘密基地：えっちな秘密基地！【双马尾罗利/多换装/全CV】,,漫画,,,,,https://bbs.2046acg.com/thread-3284-1-13.html
1,【3D/汉化/全动态】[@都] 2019年7月：3D同人作品汉化合集【8月更新】【1.3G】,,漫画,,,,,https://bbs.2046acg.com/thread-3262-1-13.html
2,【全网收集/经典神作/汉化】黑暗圣-经：20部动画大合集+游戏全汉化步兵版【精品/7.5G】,,漫画,,,,,https://bbs.2046acg.com/thread-3242-1-13.html
3,【2D合集/汉化/全动态】[@都] 2019年7月：鲤鱼蕃薯汉化合集+前作【8月更新】【4.3G】,,漫画,,,,,https://bbs.2046acg.com/thread-3241-1-13.html
4,【3D同人/豪华巨车】全网最全Affect3D【视频+游戏+CG+漫画】最全大合集！【37G】,,漫画,,,,,https://bbs.2046acg.com/thread-3224-1-13.html
5,【3D动态/汉化】催・眠诊所：ねとりんぼ 后篇进阶版★完全上垒！+前篇汉化【更新/1.4G】,,漫画,,,,,https://bbs.2046acg.com/thread-3187-1-13.html
6,【3D同人/中文/全动态】吸血鬼女仆雪姬 1080HD 完整中文版【新作/精美/全CV】【900M】,,漫画,,,,,https://bbs.2046acg.com/thread-3173-1-13.html
7,【2.5D同人/全动态】Rinhee碧蓝幻想：娜露梅亚同人作品【8月新作/步兵/全CV】【900M】（已补）,,漫画,,,,,https://bbs.2046acg.com/thread-3127-1-13.html
8,【3D同人/全动态】守望先锋：D.VA 学院纯爱！1080HD版【新作/超精美】【白丝制服】,,漫画,,,,,https://bbs.2046acg.com/thread-3101-1-13.html
9,【国产3D神作/中文/全动态】冰镇大甜瓜：小马拉大车合集★8月1日更新【步兵】【3.6G】,,漫画,,,,,https://bbs.2046acg.com/thread-3036-1-13.html
10,【3D同人/全动态】玛丽罗斯：午夜中的激・情！【新作】【1080HD/超精细/全CV】【2.1G】,,漫画,,,,,https://bbs.2046acg.com/thread-3022-1-13.html
11,【3D/全动态】ATD大师7月付费新作：HINA BITCH!2 高清HD重置步兵版！【新作】【1.4G】,,漫画,,,,,https://bbs.2046acg.com/thread-3008-1-13.html
12,【3D同人/全动态】4K画质3D同人：高傲艾达王的RBQ颜！【新作/全CV】【CG+视频双版本】,,漫画,,,,,https://bbs.2046acg.com/thread-2986-1-13.html
13,【整合】阿丽塔：战斗天使 1080BD官中收藏版+原著漫画全集+3DH同人【珍藏向】【9G】,,漫画,,,,,https://bbs.2046acg.com/thread-2962-1-13.html
14,【3D同人/全动态】OP社：魔鬼的银笑~Devil May Laugh！正式版【新大作/双版】【2.4G】,,漫画,,,,,https://bbs.2046acg.com/thread-2920-1-13.html
15,【3D同人/全动态】Atelier Yakoh大师：超精美3D同人作品HD版【新作】【极品素质！】,,漫画,,,,,https://bbs.2046acg.com/thread-2877-1-13.html
16,【3D/全动态】精灵少女阿尔菲娜：アルフィ`ナ、エルフ娘VR 普通+VR版【新作】【5G】,,漫画,,,,,https://bbs.2046acg.com/thread-2848-1-13.html
17,【3D同人/全动态】铅笔少女：纱希酱的幻想！完整版【新作】【白丝JK/全CV】【1.3G】,,漫画,,,,,https://bbs.2046acg.com/thread-2764-1-13.html
18,【3D同人/中文/全动态】梅麻吕新作：姐姐和妹妹的性事情 汉化版！【1.6G】,,漫画,,,,,https://bbs.2046acg.com/thread-2724-1-13.html
19,【3D极品/全动态】ATD大师神作：白丝兔子 全系列2019完美整合版！[白丝裤袜]【1.4G】,,漫画,,,,,https://bbs.2046acg.com/thread-2723-1-13.html
0,【3D/全动态】里菜和洞穴~玩手机的危害 本篇+特典【新作精品】【新奇有趣】【2.5G】,,漫画,,,,,https://bbs.2046acg.com/thread-2714-1-14.html
1,【3D/全动态】Arhoangel系列：守望先锋-3D精品同人2019HD整合版★最强屁股同人【3G】(已补）,,漫画,,,,,https://bbs.2046acg.com/thread-2708-1-14.html
2,【3D/全动态】ATD大师P站付费新作：白丝兔子的VR社保之舞★海飞丝版【新作】【500M】,,漫画,,,,,https://bbs.2046acg.com/thread-2667-1-14.html
3,【完整合集/中文】进击的巨人：第三季【1-22】全集【新鲜完结】+同人エロ本合集【5G】,,漫画,,,,,https://bbs.2046acg.com/thread-2634-1-14.html
4,【国产3D同人/中文/全动态】天行九歌焰灵姬 最新作-黑丝大长腿+捆绑/多P【新作/全CV】【1.4G】,,漫画,,,,,https://bbs.2046acg.com/thread-2627-1-14.html
5,【3D同人/全动态】未来极乐旅馆：PLAYGROUND HOTEL★高科技【新作/全CV】【1.3G】,,漫画,,,,,https://bbs.2046acg.com/thread-2626-1-14.html
6,【3D同人/全动态】未亡人：深夜强啪黑丝寡`妇小姐姐★精美黑丝连裤袜！【新作/全CV】,,漫画,,,,,https://bbs.2046acg.com/thread-2570-1-14.html
7,【3D/全动态】ATD大师P站付费新作：ULALA全系列新作-步兵大合集【6月新整合】【1.7G】,,漫画,,,,,https://bbs.2046acg.com/thread-2527-1-14.html
8,【3D同人/全动态】古墓丽影：盗墓者的边际【1-3】合集★全程高能！【重扣】【1.5G】,,漫画,,,,,https://bbs.2046acg.com/thread-2519-1-14.html
9,【国产3D神作/中文/全动态】冰镇大甜瓜：小马拉大车新合集★6月更新【步兵】【2.4G】,,漫画,,,,,https://bbs.2046acg.com/thread-2504-1-14.html
10,【3D同人/全动态】和魔女姐妹的危险同居 完整版★恶魔战士同人【社保姐妹S】【920M】,,漫画,,,,,https://bbs.2046acg.com/thread-2498-1-14.html
11,【3D/动态CG】夏天的约定：和姐姐夏天的回忆！完全版+更新扩展版【3D超逼真】【1.3G】,,漫画,,,,,https://bbs.2046acg.com/thread-2477-1-14.html
12,【3D同人/全动态】[@OZ] 3天之内把罗莉美少女调・教成RBQ！【新作/全CV】【800M】,,漫画,,,,,https://bbs.2046acg.com/thread-2445-1-14.html
13,【3D同人/全动态】蒂法3D精品同人：监狱里的凌-褥！HD完整版【超精细/全CV】【1G】,,漫画,,,,,https://bbs.2046acg.com/thread-2433-1-14.html
14,【3D/全动态】ATD大师P站付费作：HINA EX步兵扩展版全集+三部曲【新作/重・扣】【4.7G】,,漫画,,,,,https://bbs.2046acg.com/thread-2415-1-14.html
15,【3D/汉化/全动态】2019年5月：3D同人作品汉化合集+前作【新汉化/简繁双版】【2.2G】,,漫画,,,,,https://bbs.2046acg.com/thread-2408-1-14.html
16,【3D同人/全动态/汉化】天国的弟のカンケイ【1-4部】合集中文版【名作】【3.3G】（已补）,,漫画,,,,,https://bbs.2046acg.com/thread-2397-1-14.html
17,【3D全动态/汉化】催・眠诊所：ねとりんぼ 前汉化版+后篇★先行上垒！【更新】【1G】（二次补档）,,漫画,,,,,https://bbs.2046acg.com/thread-2351-1-14.html
18,【2D稀有/全动态】[] 死海：丧尸迷城【1-7】全集+公园汝穴篇【超重扣】【6.7G】,,漫画,,,,,https://bbs.2046acg.com/thread-2320-1-14.html
19,【3D同人/全动态】ATD大师P站付费新作：CHIRS全系列-步兵完全版合集【H异形】【840M】,,漫画,,,,,https://bbs.2046acg.com/thread-2305-1-14.html
0,【2.5D同人/全动态】Rinhee少女前线：Architect 光辉同人作品【6月新作】【531M】,,漫画,,,,,https://bbs.2046acg.com/thread-2279-1-15.html
1,【3D同人/全动态】EXGA尼尔：2B的蜕变史！上下篇完全版★全程高能【1080HD】【6G】,,漫画,,,,,https://bbs.2046acg.com/thread-2262-1-15.html
2,【3D同人/全动态】ATD大师P站付费新作：【睡莲】系列作品-步兵版合集【玩蛇】【520M】,,漫画,,,,,https://bbs.2046acg.com/thread-2260-1-15.html
3,【3D同人/全动态】女同忍！女忍色技忍法帐 Ver1.5本篇+特典完全版【精细/全CV】【4G】（已补档）,,漫画,,,,,https://bbs.2046acg.com/thread-2207-1-15.html
4,【3D同人/全动态/中文】下之妹：最小的妹妹！汉化中文版+赠品【超萌洛里】【超逼真/全CV】,,漫画,,,,,https://bbs.2046acg.com/thread-2194-1-15.html
5,【3D同人/全动态】路地里调教：Discipline BackAlley+前作合集【新作/超精美】【12G】,,漫画,,,,,https://bbs.2046acg.com/thread-2193-1-15.html
6,【3D同人/全动态】异形巢穴-BugHuntn 1080HD版★真H版异形！【步兵重扣/全CV】【1G】,,漫画,,,,,https://bbs.2046acg.com/thread-2130-1-15.html
7,【奇怪资源/珍稀/全动态】超逼真的极品娃娃实战嘿嘿【1-3部】HD大合集+视频集【2.8G】,,漫画,,,,,https://bbs.2046acg.com/thread-2108-1-15.html
8,【3D同人/全动态】艾薇和巨兽莫比斯：Evie Morbus Final【步兵HD】【古风黑丝/全CV】,,漫画,,,,,https://bbs.2046acg.com/thread-2107-1-15.html
9,【3D同人/全动态】监狱学园：高质量3D同人作品全集+本篇全集+漫画【最全合集】【9G】,,漫画,,,,,https://bbs.2046acg.com/thread-2106-1-15.html
10,【3D同人/全动态】抖音式的阿卡丽3D小视频：直播KDA网红遭遇地铁吃汉H+赠品【精细/有趣】,,漫画,,,,,https://bbs.2046acg.com/thread-2092-1-15.html
11,【3D同人/全动态】DAN98大师：超高质量HD同人作品15部大合集！【全步兵/超精细/全CV】,,漫画,,,,,https://bbs.2046acg.com/thread-2063-1-15.html
12,【欧美3D/全动态】依雯&妮妮:（小马拉大车）47+43新合集【正太X丝`袜淑女】【6G】,,漫画,,,,,https://bbs.2046acg.com/thread-2037-1-15.html
13,【国漫3D同人/全动态】梦塔・雪谜城女主角：白亦君和猥・琐大叔！【古风/全CV】【750M】,,漫画,,,,,https://bbs.2046acg.com/thread-2001-1-15.html
14,【3D同人/全动态】2019年1-5月高质量3D同人新合集！【守望/尼尔/DOA等】【5.8G】,,漫画,,,,,https://bbs.2046acg.com/thread-2000-1-15.html
15,【3D同人/全动态】复联4同人★惊奇队长大战灭霸：欲望复仇者！【新作/全CV】【810M】,,漫画,,,,,https://bbs.2046acg.com/thread-1999-1-15.html
16,"【3D巨作/中文】爱，死亡和机器人：Love, Death & Robots 1080HD 完整版【8.3G】",,漫画,,,,,https://bbs.2046acg.com/thread-1968-1-15.html
17,【3D全动态/汉化】水野葵酱：1X岁偶像CG★巧克力！汉化版【超精细/水着】【700M】,,漫画,,,,,https://bbs.2046acg.com/thread-1962-1-15.html
18,【3D中文/全动态】催・眠侄女：对冷漠的侄女施加催眠而变得喜欢啪啪！【黑丝裤袜/推荐】,,漫画,,,,,https://bbs.2046acg.com/thread-1949-1-15.html
19,【国产3D神作/中文/全动态】冰镇大甜瓜：小马拉大车系列新合集★全步兵【新作】【2G】,,漫画,,,,,https://bbs.2046acg.com/thread-1938-1-15.html
0,【大热/合集】复仇者联盟【1-4全】1080P BD英语中字珍藏版！+舰娘滨风黑丝福利【23G】,,漫画,,,,,https://bbs.2046acg.com/thread-1933-1-16.html
1,【3D同人/全动态】D.VA 宋哈娜的RBQ之路！全程高能-新作【超高清★强烈推荐】【4.5G】,,漫画,,,,,https://bbs.2046acg.com/thread-1924-1-16.html
2,【2.5D同人/全动态】为君奉上这污浊下贱的百合！+双CG整合版【新作/全CV】【900M】,,漫画,,,,,https://bbs.2046acg.com/thread-1917-1-16.html
3,【3D同人/全动态】Elferan大神：铁拳系列超逼真3D作品合集【无比精细！】【1080HD】,,漫画,,,,,https://bbs.2046acg.com/thread-1860-1-16.html
4,【3D同人/全动态】Usaginoka：穗乃果的超级战斗★穗乃果大战怪物【步兵新作】【700M】,,漫画,,,,,https://bbs.2046acg.com/thread-1813-1-16.html
5,【3D同人/全动态】crossman251系列合集★巫师 2B 生化危机 合并版【步兵/超精美】【2.2G】,,漫画,,,,,https://bbs.2046acg.com/thread-1742-1-16.html
6,【3D/汉化/合集】StudioFOW同人作品（FOW1-16全）汉化版+40部短片【大合集】【15G】,,漫画,,,,,https://bbs.2046acg.com/thread-1738-1-16.html
7,【3D同人/全动态】2B小姐姐的虫间：2B with Insect【新作】【步兵】【500M】,,漫画,,,,,https://bbs.2046acg.com/thread-1689-1-16.html
8,【3D/全动态】堕落玩偶：Project H Fallen Doll 视频提取版【1080P/60FPS/CV】【1G】,,漫画,,,,,https://bbs.2046acg.com/thread-1651-1-16.html
9,【3D同人/全动态】3DX NIXAH：14部作品（小马拉大车）合集【全步兵/超精细】【1.6G】,,漫画,,,,,https://bbs.2046acg.com/thread-1643-1-16.html
10,【3D同人/全动态】最好的DOA同人：Fluffy Pokemon高价作品HD全集★更新至19年【6.2G】,,漫画,,,,,https://bbs.2046acg.com/thread-1619-1-16.html
11,【2.5D/全动态】Rinhee：碧蓝航线+少女前线 3D同人21部大合集【步兵/全CV】【3.7G】,,漫画,,,,,https://bbs.2046acg.com/thread-1616-1-16.html
12,【3D同人/全动态】暑假和侄女的H游戏：夏休みに─[！【新作】【全CV】【1.2G】,,漫画,,,,,https://bbs.2046acg.com/thread-1593-1-16.html
13,【3D同人/全动态】尼尔机械纪元：EXGA 2B小姐姐同人精品全集【1080HD/60FPS】【2.3G】,,漫画,,,,,https://bbs.2046acg.com/thread-1578-1-16.html
14,【3D同人/全动态】2019年1-4月 超高质量3D作品 整合版【生化/守望/生或死等】【3G】,,漫画,,,,,https://bbs.2046acg.com/thread-1556-1-16.html
15,【3D同人/全动态】国内大神UsefulKit：超精致3D同人作品合集【HD高清/60FPS】【1.7G】,,漫画,,,,,https://bbs.2046acg.com/thread-1555-1-16.html
16,【3D同人/汉化合集/全动态】2019年3月：3D同人作品汉化合集+前作【新汉化】【6.2G】,,漫画,,,,,https://bbs.2046acg.com/thread-1539-1-16.html
17,【2.5D同人/全动态】少女前线：IWS2000氪林娜铁血同人作品合集！【步兵/全CV】【1G】,,漫画,,,,,https://bbs.2046acg.com/thread-1529-1-16.html
18,【3D同人/全动态】玛丽罗斯3D同人神作：死亡凋零 1-9章（完结版）★全程高能【8.6G】,,漫画,,,,,https://bbs.2046acg.com/thread-1515-1-16.html
19,【3D同人/全动态】DOA死或生：霞公主奴隶地狱【1-6部】大合集+赠品【新作】【5.8G】,,漫画,,,,,https://bbs.2046acg.com/thread-1504-1-16.html
0,【3D同人/全动态】真三国无双+战国无双系列 3D同人作品集【女将沦陷】【稀有整合】,,漫画,,,,,https://bbs.2046acg.com/thread-1439-1-17.html
1,【3D同人/全动态】Fatcat17无主之地同人~热情释放★超高还原度【新作】【400M】,,漫画,,,,,https://bbs.2046acg.com/thread-1428-1-17.html
2,【2.5D/汉化/全动态】网上看见女朋友的エロ影片！+全四话CG版【黑丝/NTR】【900M】,,漫画,,,,,https://bbs.2046acg.com/thread-1427-1-17.html
3,【3D同人/中文/全动态】静静崩坏！合金装备同人★超精细高还原步兵版【全CV】【1.8G】,,漫画,,,,,https://bbs.2046acg.com/thread-1423-1-17.html
4,【3D同人/全动态】Rigid3d系列：超精美3D同人作品合集★米兰达，吉尔等【2.5G】,,漫画,,,,,https://bbs.2046acg.com/thread-1416-1-17.html
5,【3D同人/全动态】米粒儿作品：人妻猥亵^ぎて秒で+写真集【步兵】【3.7G】,,漫画,,,,,https://bbs.2046acg.com/thread-1415-1-17.html
6,【3D同人/全动态】Bambina大师：超社保3D作品最强合集！【极品★超细致器官】【700M】(已补档）,,漫画,,,,,https://bbs.2046acg.com/thread-1362-1-17.html
7,【2.5D/全动态】耻辱的俘虏~幸乃前辈是我的就好了！+双CG整合版【新作/步兵】【1.2G】,,漫画,,,,,https://bbs.2046acg.com/thread-1350-1-17.html
8,【3D同人/国产/全动态】温雅婷：3D同人全系列4部合集【国语配音】【1080HD】【1.3G】,,漫画,,,,,https://bbs.2046acg.com/thread-1336-1-17.html
9,【3D同人/全动态】街头霸王：囚鸟 Street Fighter - Caged【3部合集】【2.5GB】,,漫画,,,,,https://bbs.2046acg.com/thread-1331-1-17.html
10,【3D同人/全动态】OP社 生化危机艾达王同人：恶魔居民的一天【新作】【NTR】【800M】,,漫画,,,,,https://bbs.2046acg.com/thread-1317-1-17.html
11,【3D同人/全动态】猎天使魔女-贝优妮塔：3D同人作品整合全集【步兵/超稀有】【800M】,,漫画,,,,,https://bbs.2046acg.com/thread-1283-1-17.html
12,【欧美3D/全动态】Jared999D：秃头野兽和丰满的公主 HD正式版【超精细/全步兵/全CV】,,漫画,,,,,https://bbs.2046acg.com/thread-1268-1-17.html
13,【3D同人/全动态】生化危机3同人：生化吉尔-BIOjill-【新作】【全CV/西瓜肚】【1.3G】,,漫画,,,,,https://bbs.2046acg.com/thread-1258-1-17.html
14,【3D同人/汉化合集/全动态】2019年2月：3D汉化同人作品合集+前作【新汉化】【5G】,,漫画,,,,,https://bbs.2046acg.com/thread-1256-1-17.html
15,【3D/全动态】在窗外看见那朦胧的羞耻场面！HD版【新作】【NTR/超精美/全CV】【3.5G】,,漫画,,,,,https://bbs.2046acg.com/thread-1243-1-17.html
16,【3D同人/全动态】Tensun3d大师：3D同人作品15部全集【全步兵/CV】【600M】,,漫画,,,,,https://bbs.2046acg.com/thread-1216-1-17.html
17,【3D同人/动态】被坏蛋盯上了：学园偶像纱织酱!!【超精美/1080HD】【萌妹子】【2.1G】,,漫画,,,,,https://bbs.2046acg.com/thread-1208-1-17.html
18,【2.5D同人/全动态】从エロ动画里出来的姐姐们！第2部【1080HD/60FPS】【2.7G】,,漫画,,,,,https://bbs.2046acg.com/thread-1196-1-17.html
19,【3D/中文/全动态】国产大师3D：冰镇大西瓜~爱子往事（小马拉大车）【新作】【步兵】【400M】,,漫画,,,,,https://bbs.2046acg.com/thread-1180-1-17.html
0,【3D同人/全动态】快乐的大扫除和好涩的公公！【新作】【老马开大车/NTR】【1.6G】,,漫画,,,,,https://bbs.2046acg.com/thread-1132-1-18.html
1,【3D作品/汉化/全动态语音】樱花妈妈★和儿子的全社保生活！超长篇汉化版【3.2G/70分钟】,,漫画,,,,,https://bbs.2046acg.com/thread-1107-1-18.html
2,【3D/全动态】ATD的2019新作：ULALA XENOCREATURE 新系列合集-步兵版【新作】【800M】,,漫画,,,,,https://bbs.2046acg.com/thread-1106-1-18.html
3,【3D同人/全动态】黑魂3：火の女【1080HD/60FPS/全CV】【1.23G】,,漫画,,,,,https://bbs.2046acg.com/thread-1092-1-18.html
4,【3D/全动态】[破碎面具] 著名同人：面具子3D格斗作品合集（全步兵）【超实用格斗エロ】【600M】,,漫画,,,,,https://bbs.2046acg.com/thread-1069-1-18.html
5,【3D同人/汉化】Opiumud社-阿特拉斯之星Star Atlas Trailer【新汉化/大穿越】【1.2G】,,漫画,,,,,https://bbs.2046acg.com/thread-1057-1-18.html
6,【2.5D同人/全动态】从エロ动画里出来的姐姐们!【1080HD/60FPS】【超精致】【1.6G】,,漫画,,,,,https://bbs.2046acg.com/thread-1045-1-18.html
7,【3D同人/全动态/汉化】和美人医生妙老师来一发！汉化中文版【超精美/全CV】【500M】,,漫画,,,,,https://bbs.2046acg.com/thread-1028-1-18.html
8,【欧美3D/全动态】女教师卡伦：致命的诱惑！【小马拉大车】【新作/全CV语音】【1.7G】,,漫画,,,,,https://bbs.2046acg.com/thread-1025-1-18.html
9,【3D同人/汉化】Opiumud社-尼尔机械纪元 ヨルハ部清画 汉化版【2B/1080P】【900M】,,漫画,,,,,https://bbs.2046acg.com/thread-1010-1-18.html
10,【3D/同人】监狱学园-副会长芽衣子同人2部：放学后+奴隶日记【高品质同人】【955M】,,漫画,,,,,https://bbs.2046acg.com/thread-1009-1-18.html
11,【3D同人/全动态】生化危机同人：艾达王-27部3D精品HD同人作品合集！【推荐】【500M】,,漫画,,,,,https://bbs.2046acg.com/thread-1001-1-18.html
12,【3D同人/全动态】令人困扰的明星试镜！完全版【双马尾/全CV/超实用】【700M】,,漫画,,,,,https://bbs.2046acg.com/thread-982-1-18.html
13,【3D同人/全动态】大神米粒儿自制3D艾薇：素人娘！摄影O出人妻+写真集【步兵】【7G】,,漫画,,,,,https://bbs.2046acg.com/thread-963-1-18.html
14,【3D同人/全动态】SuMthinDiFrnt丰臀系列：3D精品同人39部合集【1080P/60FPS】【14G】,,漫画,,,,,https://bbs.2046acg.com/thread-958-1-18.html
15,【3D/同人】国内大神-王子自制3D新系列作品第2弹：白丝护士淑女【制服丝袜】【1.8G】（已补档）,,漫画,,,,,https://bbs.2046acg.com/thread-950-1-18.html
16,【3D/汉化】网上看见女友的影片 ある日、ネットでつけたのは【黑丝裤袜】【360M】,,漫画,,,,,https://bbs.2046acg.com/thread-940-1-18.html
17,【欧美3D同人/全动态】500 Girls 500 女孩 1080HD版【硬核科幻/超强画风剧情】【1G】,,漫画,,,,,https://bbs.2046acg.com/thread-933-1-18.html
18,【3D同人/动态CG】Jared999D极品3D作品：卡伦和布尔干！+福利姬沈娇娇赠品【2.3G】,,漫画,,,,,https://bbs.2046acg.com/thread-928-1-18.html
19,【3D同人/汉化/全动态】Opiumud社 DOA死或生-全系列汉化版合集【1080P】【6.3G】,,漫画,,,,,https://bbs.2046acg.com/thread-920-1-18.html
0,【3D同人/全动态】乡下酒馆的挑战-TavernWenchChallenge+神S坂真冬赠品【绝对赤鸡】【25G】,,漫画,,,,,https://bbs.2046acg.com/thread-869-1-19.html
1,【欧美3D/全动态】依雯&妮妮：（小马拉大车）系列全集【正太×丝袜淑女】【3.3G】,,漫画,,,,,https://bbs.2046acg.com/thread-856-1-19.html
2,【3D同人/全动态】崩坏3的3D同人嘿嘿合集：超高还原度！【新作】【510M】,,漫画,,,,,https://bbs.2046acg.com/thread-845-1-19.html
3,【3D同人/全动态】DOA死或生-霞公主奴的隶地狱V4：霞和绫音【新作】【1080P】【700M】,,漫画,,,,,https://bbs.2046acg.com/thread-829-1-19.html
4,【3D/全动态】美丽的秘密4-Secret of Beauty 1080P HD正式版【新作/超精细】【1.3G】,,漫画,,,,,https://bbs.2046acg.com/thread-763-1-19.html
5,【3D同人/汉化】Opiumud社：对魔忍同人 第三部 HD完全版-汉化版【新汉化】【1.6G】,,漫画,,,,,https://bbs.2046acg.com/thread-758-1-19.html
6,【3D/同人】国内大神-王子自制3D新系列作品第1弹：偶像女精灵【制服丝袜】【2.1G】,,漫画,,,,,https://bbs.2046acg.com/thread-756-1-19.html
7,【3D/全动态/中文】催眠诊所~ねとりんぼ【前】+特典 中文版【新汉化/NTR】【850M】,,漫画,,,,,https://bbs.2046acg.com/thread-717-1-19.html
8,【欧美3D/全动态】[AF3D] Venom毒液同人：安吉丽塔-Angelita 完整版【新作】【1.02G】,,漫画,,,,,https://bbs.2046acg.com/thread-712-1-19.html
9,【3D同人/中文】女忍3:黑暗蝴蝶 Kunoichi 3-Dark Butterfly 汉化版+前作【新汉化】【2.4G】,,漫画,,,,,https://bbs.2046acg.com/thread-708-1-19.html
10,【3D/全动态】试着给每天经过家门口的JK送奇怪玩具，然后嘿嘿【超逼真/全CV】【1.5G】,,漫画,,,,,https://bbs.2046acg.com/thread-698-1-19.html
11,【3D/汉化/全动态】美少年侦探捕获改造！变成大雕萌妹抱枕的故事【新汉化】【超逗比】【400M】,,漫画,,,,,https://bbs.2046acg.com/thread-674-1-19.html
12,【3D/全动态】Reflect：从电视里跑出来送上门的恶魔妹子！【超精美/多换装】【2.3G】,,漫画,,,,,https://bbs.2046acg.com/thread-649-1-19.html
13,【3D同人/超长篇】阿神丸整合~Noname55最强3D同人系列贺岁版【步兵】【120分钟/2.8G】,,漫画,,,,,https://bbs.2046acg.com/thread-628-1-19.html
14,【3D同人/全动态】熟练地脱胖次！上手にパンツ脱げるもん?前【超精致步兵】,,漫画,,,,,https://bbs.2046acg.com/thread-604-1-19.html
15,【3D/动态CG】夏天的约定~和姐姐夏天的回忆！完全版【3D超逼真/精品拔作】【1.05G】(已经补档）,,漫画,,,,,https://bbs.2046acg.com/thread-573-1-19.html
16,【3D同人/大合集】死或生5DOA-Fluffy Pokemon 高价1080P作品 1-3弹大合集【3.2G】,,漫画,,,,,https://bbs.2046acg.com/thread-552-1-19.html
17,【3D/全动态】ATD的2019新作：BIO SEEKER PHI D9 DEMO+赠品【大师级】【万众期待】,,漫画,,,,,https://bbs.2046acg.com/thread-537-1-19.html
18,【3D同人/全动态】Firebox Studio-付费3D同人4K级别HD超清合集【守望尼尔等】【1G】,,漫画,,,,,https://bbs.2046acg.com/thread-502-1-19.html
19,【3D/汉化】恶魔警官的惩罚~警官サキュバスMEA 本+Y【黑丝魅魔】【300M】,,漫画,,,,,https://bbs.2046acg.com/thread-477-1-19.html
0,【3D/全动态】[大神制作] 玛丽罗斯的堕落史！全程高能【超高清★强烈推荐】【3.54G】,,漫画,,,,,https://bbs.2046acg.com/thread-321-1-20.html
1,【3D同人/全动态】Opiumud社：对魔忍同人-Taimanin EP2.5+2.6 完结篇【新作】【2G】,,漫画,,,,,https://bbs.2046acg.com/thread-286-1-20.html
2,【3D稀有/全动态】Oscarkim123-免付费3D同人合集【DOA|守望|尼尔等】【各种丝袜】【6G】,,漫画,,,,,https://bbs.2046acg.com/thread-251-1-20.html
3,【3D/全动态】汤不热凉前-守望先锋3D作品全收集（附30部VR守望）【精品豪车】【15G】,,漫画,,,,,https://bbs.2046acg.com/thread-233-1-20.html
4,【3D/全动态】守望先锋【另一个】高质量3D同人精品作品206部【高清全语音】【1.34G】（已经补档）,,漫画,,,,,https://bbs.2046acg.com/thread-219-1-20.html
5,【3D/全动态/合集】[Atelier KOB] 系列3D作品：10部合集【3D界的最社保精品！】【8G】,,漫画,,,,,https://bbs.2046acg.com/thread-204-1-20.html
6,【3D同人/无修】[FOW-016] 女忍3：黑暗蝴蝶 Kunoichi 3-Dark Butterfly【新大作】【1.73G】,,漫画,,,,,https://bbs.2046acg.com/thread-197-1-20.html
7,【3D同人/无修】塞尔达传说・荒野之息（The Legend of Zelda - Breath of the Wild）【723MB】,,漫画,,,,,https://bbs.2046acg.com/thread-195-1-20.html
8,【3D/汉化/全动态】艾拉琳和梅拉琳~Eralin & Meralin Trailer【新汉化】【405M】,,漫画,,,,,https://bbs.2046acg.com/thread-160-1-20.html
9,【3D同人/合集】守望先锋-Arhoangel系列 3D精品同人作品-完全收集【大合集】【1.85G】,,漫画,,,,,https://bbs.2046acg.com/thread-154-1-20.html
10,【3D/同人合集】国内大神自制的3D作品集【第1-10弹】精品全集【各种制服丝wa】【15G】,,漫画,,,,,https://bbs.2046acg.com/thread-153-1-20.html
11,【3D/超高品质】[Digital Graffiti] Demoniac【精品】【605M】,,漫画,,,,,https://bbs.2046acg.com/thread-143-1-20.html
12,【3D同人/无修】老外制作~精品火影忍者3D同人作品 5部合集【步兵/精细】【500M】,,漫画,,,,,https://bbs.2046acg.com/thread-136-1-20.html
13,【3D/全动态】催眠诊所~ねとりんぼ【前】+特典映像【NTR新作/超高品质】【1.5G】,,漫画,,,,,https://bbs.2046acg.com/thread-119-1-20.html
14,【欧美3D/步兵】虚拟的VR乐趣-涅瓦 （超精细/高科技）【高清版】【653M】,,漫画,,,,,https://bbs.2046acg.com/thread-118-1-20.html
15,【3D/超真实】家の前を俺通るJK宅にエッチなおもちゃを送ってみたら【1.45GB】,,漫画,,,,,https://bbs.2046acg.com/thread-117-1-20.html
16,【3D/汉化/动态】沉浸银玉的人妻百合子~清美的母亲回归女人！【新汉化/NTR】【400M】,,漫画,,,,,https://bbs.2046acg.com/thread-55-1-20.html
17,【3D同人/无修】Tiaz3DX大大的重口味（人马交wei）动画合集 共24个动画（内含2B A2 OW等人物）【175MB】,,漫画,,,,,https://bbs.2046acg.com/thread-8-1-20.html
18,【3D同人/汉化】Opiumud社-对魔忍同人第2部 Taimanin E2 Chaos Arena【新作】【1.6G】,,漫画,,,,,https://bbs.2046acg.com/thread-7-1-20.html
19,【3D同人/无修】[Noname55] 死或生/银河战士/最终幻想/刀魂/尼尔等同人SFM作品精选(自拼合)x8 (FHD1080P)【1G】,,漫画,,,,,https://bbs.2046acg.com/thread-6-1-20.html
