,标题,内容简介
0,新域名和搬家已经完成了！！！请收藏下新域名和地址发布页,
1,【奇怪同人/中文】极乐神教/私立高校/航班：等全明星同人13部大合集！【新作/1G】,
2,【2D同人/全网收藏】国漫重扣大神：JM大师史上最全中文合集！【6月最新】【全步兵/超强列奇】【570M】,
3,【3D同人/究极质量】Metagraphy大师：4K极品艺术3D同人作品全集【超精美/步兵】【2G】,
4,【3D同人/全网收集】真三国无双8：3D同人作品集第三弹~蜀汉风俗店！+赠品66本【2G】,
5,【高清/全彩/稀有】哆啦A梦同人CG+漫画30本毁童年合集（同人/毁童年/静香）【260M】,
6,【3D同人/极品收藏】Jared999d大师：2017年全年P站作品合集版【CG+动画/步兵/500M】,
7,【韩漫全彩/合集】韩国~真人漫画66本全部中文+图集 [有意思......]【331MB】,
8,【3D全彩/无修】魔域人间 01-18 [催·眠大作/玄幻]【1.05G】,
9,"【2D全彩/无修】雏田和大钉钉雷影+同人 (火影,2B等)“MetalOwl”大合集【213MB】",
10,【3D全彩/无修】鬼姬的“银”救委托 [机械歼]【130MB】,
11,【3D全彩/无修】异世界的阿姨们 01-06 [母女]【536MB】,
12,【2D同人/合集】时隔五年妈妈回来和小正太疯狂XO“GOD緑茶”X6本全汉化【228MB】,
13,【3D+2D全彩/无修】奎和白+西伯利亚的风【64MB】,
14,【3D全彩/无修】流放之地 01-02 [玄幻]【120MB】,
15,【2D全彩/合集】妈妈COS奶牛，挤欧派时让儿子中出“Gate of XIII”x29本合集【1.22G】,
16,"【2D同人/合集】妈妈与高大成熟的""儿子""XXOO“UU-ZONE”x11本合集【270MB】",
17,【2D同人/合集】一拳超人+进击巨人“清炭ハリケーン”x 17本合集 [神还原]【211MB】,
18,【2D全彩/合集】姐姐的口水涂满全身“ナビエ遥か2T”x7本全汉化合集【314MB】,
19,【2D同人/合集】儿子中出装睡的妈妈“ひとのふんどし”x27本全中文合集【1G】,
20,【2D全彩/合集】妻子的翘臀骑在他男的脸上“Vadass”x20本合集【1.1G】,
0,【3D全彩/无修】银O乱黑丝女友的日常劈腿“足道+咕哒”足控图集【153MB】,
1,【2D全彩/合集】小-弟弟被姐姐们架起来XXOO“核座頭”x11本合集【223MB】,
2,【2D同人/合集】溜母狗O妻，公开鹿出，放XO交 “集団暴·力”x54本合集【887MB】,
3,【3D同人/极品】Alexanderdinh大师：最新3月作品合集【神级画风/4K超清HD】【1.4G】,
4,【2D全彩】直美阿姨（40岁）是我的XO友 01~06+赠品【223MB】,
5,【2D同人/中文】终极毁童年！龙珠柯南葫芦娃小新喜羊羊猫和老鼠加强合集【步兵/1.6G】,
6,【2D无修/合集】穿着婚纱的姐姐玩弄小钉钉“六角八十助”x9本步兵全汉化【307MB】,
7,【3D全彩/无修】浪X荡银女朋友小柔 01-04+杂图【219MB】,
8,【2D同人/合集】交换母亲XO & 去群O的妻子 “C.N.P-Clone人間”x16本全汉化【646MB】,
9,【3D全彩/无修】大逃亡01-05+重製版01-05+其·他 共11話【135MB】,
10,【3D全彩/无修】Filthy Fantasy X -Another Sin(最終幻想)【125MB】,
11,【3D全彩/极品画风】做韵律操的妈妈 中文完结版 [国人小说改编]【精品/250M】,
12,【2D全彩/合集】妈妈与爸爸电话时，儿子插入OO“十六夜のキキ”x30本合集【296MB】,
13,【3D全彩/无修】女娲无惨 00-01 [同人]【56MB】,
14,【2D同人/合集】搔女仆X勃的小少爷 “ばーるん”x5本全汉化合集【261MB】,
15,【2D漫画】[煌野一人] 千年隷嬢～我的RBQ们 [阿黑颜] 第1-5話【87MB】,
16,【3D全彩/无修】AI少女-幻影战队之章 01-04【106MB】,
17,【2D全彩/合集】正太把成熟姐姐XXOO喷水“ジャイロウ”x25本合集【382MB】,
18,【3D全彩/无修】星战外传 01-03 [魔改同人]【161MB】,
19,【3D全彩/无修】丝·袜辣妈张静 01-05+小說01-48 [小说改编]【206MB】,
0,【2D全彩】被寝取的护理~妻子被住在隔壁的肥宅给XXOO【116MB】,
1,【2D全彩/合集】妈妈跪在II儿子脚下，给儿子XO “すぴか屋”x4本合集【129MB】,
2,【2D全彩/合集】岳母和女友一起让我XXOO“妄想エンジン”x16本合集【496MB】,
3,【3D+2D全彩/无修】神秘游戏(Mystery Game)+妻子寝取【108MB】,
4,【3D全彩/无修】共享妻子- 新2季+黑暗篇+(旧1~2季完)+人物介绍【1.6G】,
5,【2D同人/中文】国人画师GM蘑菇：精品同人作新合集+COS赠品★至20年3月【步兵/800M】,
6,【2D神作/汉化】美丽新世界！【1-55全】汉化中文HD高清版【极品黑丝/顶级韩漫/500M】,
7,【3D全彩/无修】新晋美脚搜查官 01-05+足の凌X辱 01-02【64MB】,
8,【2D无修/同人】下水道3姐妹的卖O生涯 1-3（大雾）中文合集【221MB】,
9,【3D+2D/同人】女友小冰 · 大学篇 01-02+全员二洞XO，这样的妈妈你喜欢吗？【119MB】,
10,【2D同人/合集】性O感老师检查学生钉钉 “ブラザーピエロ”x9单行本合集【848MB】,
11,【2D全彩】我有五个碧★池姐姐+赠品X2【211MB】,
12,【2D全彩】[妄想コロッセオ (織田non)] 妻×妻+艶妻 汉化版 [3月新作]【105MB】,
13,【2D全彩】用强制操作的手机让女生变得听话+支配世界后每天和女生玩【71MB】,
14,【2D同人/合集】儿子和母亲的XXOO直播 “アシオミマサト”x29本合集【999MB】,
15,【珍藏/全动态】Unitia 神讬使徒x终焉女神：HD全动态社保CG终极版大合集【完结/4.3G】,
16,【3D全彩/无修】[AA大魔王] 新婚妻子与卖菜老板 01-11【364MB】,
17,【3D全彩/无修】小优日记 第1-4季01+定置PH+第三季SP【312MB】,
18,【3D全彩/无修】綾香的日記 01-03【60MB】,
19,【2D同人/合集】与成熟姐姐的被动式XXOO“いつつせ”x10本步兵合集【233MB】,
0,【3D全彩/无修】霄霄的任务 01-02+其·他【235MB】,
1,【3D全彩/无修】愚蠢的家长+猫咪之爱+ten years+龟兔赛跑【55MB】,
2,【3D同人/究极品质】EVE大师：超极品艺术3D同人作品1080HD合集！【超逼真】【600M】,
3,【2D全彩】区分妈妈和女人的故事+女友和妹妹成为RBQ【68MB】,
4,【2D全彩/同人】[nabeのサークル] 纲手~女忍者色O攻击的对.抗训练【45MB】,
5,【2D同人/汉化/世纪珍藏】彩画堂：115部拳皇汉化同人作品大合集★小马拉大车【2.4G】,
6,【2D全彩/合集】[宇宙] 扩张学院 01-02+DvsN 01-03 完整版+图集【重扣/步兵】【542MB】,
7,【2D同人/合集】与老爹和后妈3XP-同人 “伊藤エイト”x34本合集【627MB】,
8,【2D单行本】[高津] 催·眠夫婦仲調査 完整汉化单行本 [小马拉大车]【218MB】,
9,【3D全彩/无修】丝·袜辣妈张静 01-04 [小说改编]【137MB】,
10,【2D全彩/合集】在学校和妈妈偷偷XXOO“666protect(甚六)”x44本合集【493MB】,
11,【3D全彩/无修】歧异之牧 01-04 [控制]【123MB】,
12,【3D全彩/无修】沙滩上的故事 01-02 (完)【207MB】,
13,【2D全彩】超倔强驱魔师VS饥.渴地缚灵花子？！+拜访【59MB】,
14,【3D+2D全彩/无修】女警故事 01-03+堕·落巫女【82MB】,
15,【2D同人/合集】人O妻教师在丈夫面前舔学生“戦闘的越中”作品7本合集【675MB】,
16,【2D全彩/合集】美少女战士，清恋，大剑经典同人“秘密結社M”x40本合集【800MB】,
17,【3D同人/汉化】韩国KIDMO大师：11本汉化步兵高清整合版！★精美【新作/全CV】,
18,【3D全彩/无修】依穹航-空公司空乘 01-06+其·他 [高级娃娃)【176MB】,
19,【2D同人/合集】被同事胁迫的OL人.妻“民宿いなりむし”x46本合集【916MB】,
0,【2D全彩/无修】JK全果授课+各年龄的女性OO体验01-02 [步兵版]【65MB】,
1,【3D全彩/无修】帝国的陨落01-02+短篇X2【115MB】,
2,【3D全彩/无修】极品家丁01-08 [小说魔改/同人]【119MB】,
3,【3D全彩/无修】我的绿帽生涯 01-04【143MB】,
4,【3D全彩/无修】被夜鬼闯进的妃子墓 01-02【174MB】,
5,【3D全彩】爱妻在桌上被/上司玩坏了 01-03 “菜美の場合”【115MB】,
6,【3D全彩/无修】高冷强势的妻子，为了我逐渐放下尊严改变了 01-02+其·他【115MB】,
7,【2D全彩】讨厌不.良少年的人-妻，被攻略输出。被丈夫发现全部过程【135MB】,
8,【2D全彩/合集】输了，成为姐姐的XO玩具 ”アトリエマゾ“x10本合集【428MB】,
9,【2D同人】神奇的古代遗物催.眠APP [新桥×不咕鸟×这很恶堕 联合汉化]【113MB】,
10,【2D同人/合集】母亲最适合当飞机杯的3个理由 “全中文母系本”x10本【341MB】,
11,【3D全彩/无修】琉璃子的彩繪鹿出TJ-1-2+短篇X2【62MB】,
12,【2D同人/合集】正太XO淑女，小马拉大车“七尾ゆきじ”x19本合集【583MB】,
13,【2D全彩】我的RBQ老师 被催.眠成为学生XO玩具的女老师【184MB】,
14,【3D全彩/合集】[软骨]女警故事系列 2020.3月最新整合【129MB】,
15,【2D同人/老婆合集】碧蓝航线：原画超魔改！果体社保作品大合集【超魔改/珍稀/350M】,
16,【2D同人/单行本】[すずはねすず] 银O荡的假面 HD商業版 [角色扮演]【236MB】,
17,【2D全彩/合集】[夢茶会] 小顺酱(侄女)开发日记 1-4.1+番外篇X2 共10话【129MB】,
18,【3D全彩/无修】密室虐X殺の物語 01-02(轻重扣/完)+我的女友晓雯【92MB】,
19,【3D全彩/无修】大学实习老师与小明的故事 01-02 10話【70MB】,
0,【2D全彩】学校旅游时其他人都看不到我在疯狂输出【189MB】,
1,【2D全彩/合集】女友与基-友的XXOO录像 ”世徒ゆうき“漫画x18本合集【483MB】,
2,【3D全彩/无修】沙滩上的故事 [御姐/AI少女]【99MB】,
3,【2D全彩/中文】旧校舍的巨大欧派幽灵榨精！中文版 【小马拉大车/画风社保】,
4,【2D同人/合集】银母O园，肆意与母亲交-配 “TYPE.90”x54本合集【1.73G】,
5,【2D全彩/合集】后入黑丝OL妈妈 “みたくるみ”x59本合集【849MB】,
6,【2D全彩】人.妻家事代行サービス+秘书VR机器洗-脑性XO化【279MB】,
7,【3D全彩/无修】单身的秘密+小短篇X2+其·他【120MB】,
8,【3D全彩/无修】爱X欲湿夜 [淑女/女老师]【227MB】,
9,【3D全彩/无修】瞎编乱造小故事 01-05【104MB】,
10,【3D全彩/无修】MIBO系列 01-06 [皮物/淑女] 【114MB】,
11,【2D全彩】好XO的清.纯大欧派JK被我调教成母猪【120MB】,
12,【2D同人/合集】调.教后妈和姐姐“ドリルムラタ”x24本合集【1.4G】,
13,【2D全彩】被偷X拍的人.妻家庭老师 [小马拉大车]【83MB】,
14,【3D全彩/无修】Kidmo January 2020 中文版+赠品【183MB】,
15,【3D同人/超精美】JARED999D：拉珠女孩和老头的直播秀2！【新作】【1080HD/全步兵】,
16,【2D同人/合集】妈妈带女儿去SPA，一起与猛男XO“シロノマヒロ”x11本合集【534MB】,
17,【2D全彩/合集】[灰司] 近女誘惑 14部 2020.03整合 [小马拉大车]【313MB】,
18,【3D全彩/无修】以汝之名 01-02 [玄幻/古装]【93MB】,
19,【2D全彩】社畜为了复仇而将社长的女儿囚禁起来XXOO【132MB】,
0,【2D同人/合集】把可爱女儿调·教成RBQ玩具“mogg”x40本合集【822MB】,
1,【2D全彩】亲姐姐和混血姐姐一起为了我服务+旅馆経営者【345MB】,
2,【2D全彩】现代转生的贤者用咒语催·眠+白天是勇者晚上是魔物娘【73MB】,
3,【国产3D/中文】人渣境界-再墮银間+前作1-7+2短篇+2小篇 中文版【剧情向/全步兵】,
4,【3D全彩/无修】银O欲情侣 +同作者1-8篇母·子短篇+图集【121MB】,
5,【3D全彩/无修】姐姐的换妹游戏正本- HD高清版【85MB】,
6,【3D全彩/无修】碎片01-03+短篇+凯蒂娅奥特曼 01-05【125MB】,
7,【2D同人/合集】[シュート·ザ·ムーン ] 冬虫夏草 1-6 本全汉化合集【441MB】,
8,【2D全彩】妄想特撮シリーズ ウルトラマダム 01-07 [凹凸曼]【140MB】,
9,【2D全彩/合集】成熟的妻子与不认识的男孩XO“多摩豪”x14本全汉化合集【400MB】,
10,【2D全彩】唯命是从-催·眠学院~沦为XXOO对象的女友们【280MB】已修正,
11,【3D全彩/无修】HA`Risen 道士上山 01-07+其·他【115MB】,
12,【3D+2D全彩/无修】綾香的日記 01-02+诺艾米日常【99MB】,
13,【3D全彩/无修】[Immortal Head] 歼熟ノスタルジ+美·母警官梅虹【295MB】,
14,【2D全彩】[ピロンタン] 大人的童話 01-03+和年长的阿姨XXOO【59MB】,
15,【2D全彩】女神般的妻子竟然OO的丈夫下属 “Ver9”x2本【187MB】,
16,【3D全彩/无修】[喵子] 乌托邦 01-05 [未来幻想]【205MB】,
17,【3D全彩/无修】月清 系列 (黑丝御姐的危机) 01-05【120MB】,
18,【3D+2D全彩/无修】[Vadass (Oltlo)] 肉食性姐妹+姿势分子 01-03【180MB】,
19,【3D全彩/无修】丝·袜辣妈张静 01-附小说 01-48【121MB】,
0,【3D全彩/无修】善良的妻子(少.妇与乞丐) 01-02+有声版+小说【101MB】,
1,【2D同人/合集】巨大欧派是累赘，带来麻烦(ω) “PIえろ”x20本合集【619MB】,
2,【3D全彩/无修】这个红发碧·池很浪 01-04+前傳【76MB】,
3,【3D同人/AI少女】杏奴纪元：【1-30】+小剧场【1-17】完结中文版★小马拉大车【完结】,
4,【3D同人/极品】欲望の回廊：1-5章+番外日常篇1完整版+新CG集【新作/超精美】【700M】,
5,【2D全彩】地/震后被关在柜子里全果XXOO的母·子！+赠品【92MB】,
6,【2D同人/合集】聚会时，老婆和邻居们在厕所XXOO “榊歌丸”x18本合集【545MB】,
7,【2D全彩】老实的妻子被黄毛XO了，然后还去拍那啥+魔法戦士汉化2本【115MB】,
8,【2D全彩】有一天，在网上发现了女友和它闺密拍的视频 1-4话全【76MB】,
9,【3D全彩/无修】女神迪丽热·巴瑜伽课+雨后故事【116MB】,
10,【2D同人/中文】极限毁童年！葫芦娃，小新，喜羊羊，猫和老鼠等同人合集【步兵/无敌】,
11,【2D全彩/合集】纯情女友背着我和大叔XO学姿势“ロケットモンキー”x26本【820MB】,
12,【2D全彩】辣妹姐姐们把我当成泄·欲工具 “のり伍郎”X3本全汉化【94MB】,
13,【3D全彩/无修】死体回收局+死体管理局 01-03.1[重扣]【126MB】,
14,【3D同人】神级国人画师：梁星4K+极品同人作品最新合集★至20年2月【黑丝】【3.4G】,
15,【3D全彩/无修】侵蚀者 01-07 [轻重扣/附身]【244MB】,
16,【2D全彩】老婆被店长胁迫，在老公身边XXOO 前篇+后篇汉化版【126MB】,
17,【2D全彩/同人】妈妈排球战队 紧身衣团【126MB】,
18,【3D全彩/无修】妖蟲寄生 01-10+重製版RE01-8+其·他【347MB】,
19,【2D全彩/合集】堂姐人.妻穿着水手服和我XXOO “妄想エンジン”x12本合集【475MB】,
0,【3D全彩/无修】蝴蝶之殇定制 01-03【136MB】,
1,【2D全彩】妈妈用OO教育儿子，要尊重长辈 “ヒレカツ”x2本【113MB】,
2,【3D全彩/无修】大逃亡01-05+重製版01-04 共9話【164MB】,
3,【3D全彩/无修】魅魔 S1-5部01-03+番外(魔王变身) 共36部【523MB】,
4,【2D全彩/合集】贤妻和大学生玩XXOO游戏“イノウエマキト”x14本合集【432MB】,
5,【2D全彩】女性集体发-琴的世界-巨OO体育老师【109MB】,
6,【2D同人/合集】风搔人.妻让正太与自己XXOO “ぶーち”x26本合集【419MB】,
7,【3D全彩/无修】光与暗 01-16 [玄幻/大后宫]【119MB】,
8,【3D全彩/无修】变身的人+夜间便利店新版+新·舊版满足教授01-03【122MB】,
9,【2D同人/合集】姐姐的OO里藏着我的橡皮擦 “ウエノ直哉”x17本合集【976MB】,
10,【3D全彩/无修】末生 01-02+[LanasyKroft] 克隆實驗01-02【215MB】,
11,【3D极品/动态】Milkychu大神：4K极品画风收费作品大合集+含动图【步兵/超精美/1.4G】,
12,【3D全彩/无修】神雕侠侣-黄蓉1-6 [武侠/同人]【131MB】,
13,【2D同人/合集】催·眠控制APP“高津”x23本合集 [母系后宫/小马拉大车]【1.1GB】,
14,【3D全彩/无修】死O亡记录 01-03 [小马拉大车/轻重口]【215MB】,
15,【2D同人/合集】妈妈用“6I9式“安慰孤单的儿子“チョコぱへ”x15本合集【392MB】,
16,【2D全彩/合集】妈妈爸爸和叔叔XXOO，让我负责录影 “虚川財団”x35本合集【240MB】,
17,【2D全彩】乡下青梅竹马发.琴中+女警将其变成RBQ+女子校生不尽的XXOO【104MB】,
18,【2D全彩/合集】被胁·迫的妈妈，在儿子面前被XXOO到脱力【115MB】,
19,【2D全彩/合集】妈妈是给考生XO用的家庭教.师+同作者(姐姐+嫂子篇)【179MB】,
0,【2D全彩/合集】FGO吾王同人&被大姐姐强骑 “OrangeMaru”x37本合集【693MB】,
1,【3D全彩/无修】阿离奇遇记 1-12完结 [玄幻/同人]【234MB】,
2,【3D同人/动态】穿越火线CF：超稀有3D同人作品合集+新福利姬赠品【HD超高清】【1.5G】,
3,【2D全彩/同人】妈妈在儿子身边与儿子同学XXOO 1-6+其·他作品【234MB】,
4,【2D全彩/同人】罗宾被发琴乔巴XXOO到脱力 “海贼王-ワンピース”【221MB】,
5,【3D全彩/无修】魔法少女 由依&亚子00-02 [催·眠]【112MB】,
6,【3D全彩/无修】妈妈同学玩具1-4(完)+小安度假游 1-5(完)+甜蜜暑假 1-4(完)【213MB】,
7,【2D同人/合集】女X狼列车，被侵饭的小伙子们 (笑) “史鬼匠人”x15本合集【644MB】,
8,【3D全彩/无修】綾香的日記+其·他+失踪的少女01-02(完)【96MB】,
9,【3D全彩/无修】吊啦A梦01-02+儿媳孙女恶作剧终受到正义制裁 [同人]【237MB】,
10,【3D全彩/无修】女友交换 01-03+午后图书馆【103MB】,
11,【2D全彩/合集】母亲在我面前给别人XO “ドーシア(テラスmc)”x31本合集【329MB】,
12,【2D同人/合集】 在姐姐的婚礼上，与姐姐XXOO“方角屋”x47本合集【1.25GB】,
13,【3D全彩/无修/合集】H国漫大神作品合集 “书生”x5部+小说【1.7GB】,
14,【2D全彩/合集】妻子在丈夫面前被大叔给XO至高-巢 “あらくれ”x46+动画版【976MB】,
15,【2D全彩】我与大欧派妈妈兴奋的腔内XXOO 【105MB】,
16,【2D全彩/无修】背德讲台番外1-2+特殊家政1-3+其·他【109MB】,
17,【2D同人/合集】妈妈装成失忆，诱-惑儿子XO “レモンケーキ”x8本全汉化【462MB】,
18,【3D全彩/无修】异世界的阿姨们 01-03 [母系/淑女]【269MB】,
19,【3D全彩/无修】别恋01-16+其他 [催·眠+女装大佬]【110MB】,
0,【3D全彩/无修】魔法少女 由依&亚子00-01+夜莺之殇 01-04【169MB】,
1,【3D全彩/无修】狩X猎-网红S货在游泳池被臭大叔狂XO+赠品【74MB】,
2,【3D同人/中文】阿晴与阿礼的故事★神级黑丝！中文版+坏小孩【新作/黑丝制.服】,
3,【3D同人/全动态】韩国极品大师KIDMO：2020年2月作品CG+动画 步兵版【新作/CV/2.3G】,
4,【3D同人/究极质量】Metagraphy大师：4K极品艺术3D同人作品全集【超精美/步兵】【2G】,
5,【3D全彩/无修】身为低级战斗员的我转身成丝·袜是甚麽玩法 01-13+3.5 14话【154MB】,
6,【3D全彩/无修】貪狼九隊-战斧行动 00-14+番外+短篇【812MB】,
7,【3D全彩/无修】没赶上末班车的眼镜娘+末日人生+杂图【126MB】,
8,【3D+2D全彩/无修】牲口组 01-04+喜欢哪个男朋友的XX【107MB】,
9,【3D+2D全彩/无修】家 01-06+长谷川家的親子关系【127MB】,
10,【2D同人/合集】撅着大屁/股向我求XO的嫂子“油照紙 (ボボボ)”x35本合集【749MB】,
11,【2D全彩/合集】和姐姐疯狂XXOO“綿120パーセント”x13本全汉化无修合集【291MB】,
12,【3D全彩/无修】睡XO星彩+月英卖/身+百合风俗店 [三国无双H同人]【271MB】,
13,【2D全彩/合集】怒XO成熟大欧派小姐姐-小马拉大车“雪見日和”x9本合集【301MB】,
14,"【2D同人/合集】诱人的美.臀与塞在[菊花]里的玩具 ""また明日""x20本全汉化【302MB】",
15,【2D全彩】大孙女被爷爷XXOO了+赠品 [轻重扣]【68MB】,
16,【2D同人/汉化/极品】十六夜清心大师：神级淑女画风作品44部-新合集！【史诗级/800M】,
17,【3D全彩/无修】卧室 01-03+泡澡1-4+交換母親XO俱乐部1-3【120MB】 ...,
18,【3D全彩/无修】歧异之牧 01-02 [魅魔]【128MB】,
19,【3D全彩/无修】大欧派奴隶 01-03 [淑女]【202MB】,
0,【2D同人/合集】女友被妹妹带去玩滥O游戏 “まごの亭 (夏庵)”x47本合集【823MB】,
1,【3D同人/极品】Sakimichan大师：神级画风【1-115】期大合集【更新至20.1月/步兵/4G】,
2,【2D同人/合集】辣O妹出门去狩·猎，逆推XXOO小正太“宮元一佐”x57本合集【476MB】,
3,【3D武侠/中文/动态】黄蓉襄阳后记【1-21】完整版！+番外+侠女+小说【极品神作/1.5G】,
4,【2D全彩/无修】[GOGOCHERRY] 女兵地獄+平行世界的XO教育【119MB】,
5,【2D全彩/合集】和妈妈·的表演时间“pink-noise”x53本合集 [母系/轻重扣]【909MB】,
6,【2D/合集】银O妻子&绿.奴丈夫“ブリッツクリーク”x7本全汉化合集【129MB】,
7,【2D全彩/合集】MonsieuR (MUK) X10 2020.02整合 [逆推？]【328MB】,
8,【3D全彩/无修】[G9MPcomics] GAIA(暗影游侠) 01-06【466MB】,
9,【2D全彩/合集】成熟的姐姐与可爱弟弟XXOO - リリックX4本合集【406MB】,
10,【3D全彩/无修】巨·蟒少年之教师妈妈柳晴 01-03 [母系/小说改编]【303MB】,
11,【2D全彩/合集】今日の美沙子 21部最新合集 [母系/小马拉大车]【450MB】,
12,【3D全彩/无修】弱肉強食 第1-2季+番外 1-3+武斗大会-战果公布【349MB】,
13,【3D全彩/无修】发丘子爵与摸金骑士第1-2部 01-04 [轻重扣]【330MB】,
14,【3D全彩/无修】卢莹莹乱O日志 01-02+新春祝福+小说【162MB】,
15,"【2D/合集】爸爸不在，老婆女儿跟隔壁小鬼玩XXOO ""妄想出口""x60本合集【719MB】",
16,【2D同人/合集】诱人的人·妻小姐姐们 “ナイロン100%”x33本合集【514MB】,
17,【3D全彩/无修】玩.物-番外篇+至亲+保姆+选择 [真·小马拉大车]【109MB】,
18,【2D全彩/合集】性XXOO运动大会 “合衆国ネタメコル”x22本合集 [同人]【506MB】,
19,【2D全彩/合集】催·眠后姐姐把儿子榨干了“核座頭市 (核座頭)”x5本【219MB】,
0,"【2D同人/合集】调X教英雄联盟女英雄 ""ratatatat74""x5本全中文(附图集)【317MB】",
1,【2D同人/合集】熟·透了的妈妈们 “越山弱衰”x32本合集【468MB】(修正）,
2,【2D全彩/合集】自述XXOO的人·妻们 “まぐろ珈琲”x14本合集【486MB】,
3,【2D漫画/合集】温柔的妈妈和辣妹阿姨 “葛籠くずかご”x20本合集【355MB】,
4,【2D全彩/合集】幻想郷楽園化計画“みかん堂”x56本合集 [车方同人]【567MB】,
5,【2D全彩/合集】屁·股先锋小姐姐的XXOO生活 “Sillygirl”x10本合集【342MB】,
6,【2D全彩/合集】与岳母XXOO时，被女友撞见了 “ジョールボイント”x19本合集【699MB】,
7,【2D单行本/合集】儿子就是用来让妈妈X高·巢的 “御手洗佑樹”x10本合集【535MB】,
8,【3D全彩/汉化】金丝雀小姐的第一个任务！汉化版【1080P/新汉化】【超高渲染】,
9,【2D全彩/合集】稀有童话风H本 “70年式悠久機関”x22本合集【939MB】,
10,【2D同人/合集】用XXOO教育大欧派的思春期女孩“セルビッチ水産”x20本合集【615MB】,
11,【3D全彩/无修】异世界的阿姨们1-2【303MB】,
12,【2D全彩/合集】被人胁·迫的妈妈和女儿们 “四畳半書房”x13本合集【565MB】,
13,【3D同人/极品/动态】風行者：4K极品画风收费作品大合集+含动图【步兵/超精美/600M】,
14,【2D同人/合集】妈妈穿果体围裙让我XXOO “おとちち”x26本合集【610MB】,
15,"【2D同人/合集】姐姐的诱·惑与X技巧 ""真面目屋""x49大合集 [FGO/美少女战士]【1.24GB】",
16,【2D单行本/合集】妻子和女儿被中·出了 “草津てるにょ”x24合集【1.32GB】,
17,【3D全彩/无修】妻子的奉献 01-16 V2+前傳00-02+特別篇[完整版]【560MB】,
18,【2D全彩】[NCP (big.g)] 银O乱女子运动会，母与子XO 5本全汉化【117MB】,
19,【2D全彩/合集】肉食系姐姐屁·股骑在我身上“Vadass”x19合集【1.06GB】,
0,【3D全彩/无修】魅魔S1-4部 01-03+番外篇 (叶灵灵+天使女神+天使长)【502MB】,
1,【2D同人/合集】新婚妻子是别人的RBQ “天野雨乃”x48本合集【736MB】,
2,【2D全彩/合集】巨尻妻在我睡觉时与爸爸XXOO “モスキートマン”x10本合集【467MB】,
3,【3D全彩/无修】貓眼 改 01-26+其·他 [经典/同人] 【358MB】,
4,【2D全彩/合集】白天与儿子乱O，晚上跟丈夫XO “のびしろ”x11合集【190MB】,
5,【3D同人/合集】[V1z3t4] 大神同人超精美作品大合集【超高渲染/超高清】【2G】,
6,【3D全彩/无修】大逃亡01-05+重製版 6話 [精美]【104MB】,
7,【3D全彩/无修】哥谭悲剧 第1-2部+番外篇+短篇+其·他 [DC+漫威] 【314MB】,
8,【2D全彩】水泳部員+我试着让动画制作公司的大家都怀孕了【176MB】,
9,【2D全彩/无修/合集】女高中生的XO身体检查 “ 師走の翁”x73本大合集【2.75GB】,
10,【2D全彩/中文】最爱的妈妈在我面前被反复玩X弄的那一天！汉化版【200M】,
11,【3D全彩/无修】雪月俏佳人01-06+番外X2+其·他【296MB】,
12,【2D全彩/合集】脑内常识转换，变成我的RBQ “DLメイト”x11本全汉化合集【205MB】,
13,【3D全彩/无修】[CrazyDad3D] 妈妈无私奉献 Mom's Help 01-13 【262MB】,
14,【2D全彩/合集】妈妈X教育，从观看到插入 “絵援隊”x28本合集【719MB】,
15,【2D+3D全彩/合集】女友与妈妈被黑人留学生XO “ドーシア”x11本合集【292MB】,
16,关于昨天发的部分漫画，正确解压码更正,
17,【2D同人/合集】精灵母女被人类调·教成X奴隶 “H.B.A”x26本合集【755MB】,
18,【3D全彩/无修】试验 01-03 [学院末日/姐妹]【235MB】(更正解压码),
19,【2D单行本/合集】不·穿胖次的阿姨，勾人XXOO“春城秋介”x17本合集【1.1GB】,
0,【3D全彩/无修】[Crazy Dad] 牧師的妻子 01-12【265MB】(更正解压码),
1,【3D全彩/无修】不死银O功 01-02 (完) [淑女/玄幻]【305MB】(更正解压码),
2,"【2D全彩/合集】被胁迫XXOO的女朋友""ピアニッシモ""x29本合集+2部同人动画【741MB】",
3,【2D全彩/合集】和辣妹后妈社保事件 “ひとのふんどし”x15本全汉化【302MB】,
4,【2D全彩/单行本】妈妈和我在公园玩露O出游戏 “江森うき”x5本【302MB】,
5,【3D全彩/无修】[AI少女引擎] 学生会的少女们 01-02【74MB】,
6,【2D全彩/合集】爸爸跑路，妈妈与我疯狂XXOO “グラナダの空”x50合集【558MB】,
7,"【2D全彩/合集】""あぶぶ"" X37本合集 [NPC/母系/小马拉大车]【部分无修】【324MB】",
8,【3D全彩/无修】[CRAZYDAD]罪恶家庭 1-6集 汉化版【205MB】,
9,【3D全彩/无修】学园封魔录 第1-6章+番外1-3+补设定集 18本【323MB】,
10,【2D全彩/同人/合集】“Gate of XIII-Kloah”X29本合集 [母系/小马拉大车]【1.2GB】,
11,【3D全彩/无修】贤妻与老板的XXOO直播 - 薇儿的故事1-2【232MB】,
12,【3D全彩/无修】女忍的银獄-墮入快樂的雌豬00-12+番外【204MB】,
13,【3D全彩/无修】神雕秘传：襄阳篇 01-17+番外 [古装武侠/同人]【1GB】,
14,【2D/同人】[青豆腐 ] 対X魔忍 01-02+雜圖【230MB】,
15,【3D全彩/无修】家庭催·眠+赠品 [poibb个人汉化]【102MB】,
16,【3D全彩/合集】美式幻想，XXOO不分场合 “Zz2to-mmy”x43本合集【970MB】,
17,漫画区，今天就这样吧，明天再发了,
18,【3D同人/极品】NeoArtCorE大师：4K级别极品同人作品全集★更新至19年12月【步兵/2G】,
19,【2D全彩/合集】XXOO醉酒妈妈大屁股 “黒猫スミス”X15合集【706MB】,
0,【2D全彩/合集】“肉りんご”X46 合集 [淑女/母系/同人]【363MB】,
1,【2D/合集】交换-妈妈，不算乱O “C.N.P-Clone人間”X15 全汉化合集【592MB】,
2,【2D全彩/同人/合集】我的女神-贝露丹迪 ”同类本“57本大合集【500MB】,
3,【奇怪同人/中文】国民闺女的私·密日记+100%Real芒果 中文完结版【超珍稀/全明星】,
4,【2D同人/合集】H版童话故事 (小红帽，七只羊，等) “龜魚派”x61合集【411MB】,
5,【2D全彩】谁都可以XXOO的后妈，爷爷，爸爸，还有我 01-5 全汉化【110MB】,
6,【2D单行本/合集】“ビフィダス”X23 合集 [母女井/淑女]【500MB】,
7,【3D全彩/无修】圣战XY 01-14+附加篇 [凹凸曼+宝可梦？]【109MB】,
8,【3D全彩/无修】琴香の日常 01-04+前傳+其·他【228MB】,
9,【3D同人/超精美】JARED999D：奴隶精灵5-哥布林的新娘！完全版【新作/1080HD/全步兵】,
10,【3D全彩/无修】艳·母的荒唐赌约【漫画+小说1-66(经典)】【414MB】,
11,【3D全彩/无修】至亲—我的姨妈 (完) [真小马拉大车/变小]【110MB】,
12,【2D全彩/合集】与侄子XO的叔母 “はらぺこ定食”作品11篇合集【242MB】,
13,【3D+2D全彩/无修】变体+把成绩提升做为条件每天可以XXOO妈妈【117MB】,
14,【3D全彩/无修】选择 (完) [真小马拉大车/变小]【80MB】,
15,【3D全彩/无修】神雕别传+射雕密传x2 [武侠古装/同人]【378MB】,
16,【2D单行本/合集】玩O别人老婆的美·臀 “葵ヒトリ”作品26本合集【1.1G】,
17,【3D全彩/无修】别恋01-10+圣诞快乐+新人物 [精致]【151MB】,
18,【2D全彩/合集】“A極振り (sian)“作品25本合集 [母系/同人]【404MB】,
19,【3D全彩/无修】俠女01-05+母女双姝劫 [武侠/古装]【245MB】,
0,【2D全彩/合集】父母分开后，母亲大屁.股归我了 “春葉流亭”X12本合集【548MB】,
1,【3D全彩/无修】小优日记 (滥O女孩) 1-3季(完)+番外x2【282MB】,
2,【2D全彩】[きるきん] 今日の美沙子さん 01-16 [母系/淑]【238MB】,
3,【2D全彩】人肉飞机杯+中出辞令！把女职员洗·腦后调到XO处理系去【84MB】,
4,【2D单行本/合集】我的银O母，给我带绿帽 “児島未生”x17本合集 [母系]【1.29G】,
5,【3D全彩/无修】不死银O功 [淑女/玄幻]【202MB】,
6,【2D全彩】[三汝亭] 已调·教的同班同学 01-03【207MB】,
7,【3D全彩/无修】漢の鐵拳-出預白影 01-07(完)【244MB】,
8,【3D+2D全彩/无修】黑兽的堕落+Cosp Refle [著名动画改编]【84MB】,
9,【3D同人/中文】妈妈变小！【01-07】全+外传+短篇 中文版【新奇有趣】【310M】,
10,【2D全彩/合集】这个公司…有点奇怪！ “PINK☆DORAGON”x32合集【413MB】,
11,【2D单行本/同人/合集 】“ゆにおし”X32本合集+图集 [淑女]【908MB】,
12,【2D全彩/同人/合集】用榨L精捕获坏人的女警姐姐 “WASABI”X34本合集【363MB】,
13,【3D全彩/无修】共享妻子 新2季+(旧1~2季)+动图 共14话【662MB】,
14,【2D全彩】高傲啰嗦的大嫂，想要我的精华，直到恳求中出为止+赠品【122MB】,
15,【3D全彩/无修】罪魇无惨01-02+女警冷婷X10+外传 共17部【230MB】,
16,【2D+3D全彩】播种公务·员！政F特命怀孕大作战+X活指導01-02【115MB】,
17,【3D全彩/无修】丝·袜女/教师兰若 01-18V2+短篇X3 21部【298MB】,
18,【3D全彩/无修】我的未婚妻 (爸爸和妻子XO) 01-04 (全)【68MB】,
19,【2D全彩/合集】我被岳母强O了，逆NTR “おかしも”X22本全汉化合集【920MB】,
0,【2D同人/合集】父母带着儿子一起XXOO “Finecraft69”x50本大合集【974MB】,
1,【2D全彩】我的老妈沉迷于直播中的XO - 生配信に【195MB】,
2,【奇怪同人/中文/全明星】迷走都市！【1-4部】完结中文版【超珍稀/神剧情/700M】,
3,【3D全彩/无修】打斗+地下格斗 [完/轻重扣]【262MB】,
4,【2D全彩/同人/合集】家庭+男性事情系列“MTSP (Jin)”X35本全汉化合集【772MB】,
5,【2D全彩/同人/合集】“にゅう工房”X51本大合集 [时间停止/催·眠]【1G】,
6,【2D全彩/合集】和别人车O的女友“チンジャオ娘”作品24本合集+动画【1.76G】,
7,【2D全彩】COSPLAY在男友面前被NTRXXOO+母亲被别人[睡]了【309MB】,
8,【3D+2D全彩/无修】肉O的标靶+聖華女学院高等部 01-03【212MB】,
9,【2D全彩/合集】妈妈被人狠狠的XXOO “同人昔話”x9本合集【130MB】,
10,【2D全彩/合集】[愛上陸] 催·眠性指導 1-4 11本全汉化+中文版动画X2【588MB】,
11,【3D全彩/无修】性O纪元 01-18（未来幻想）【129MB】,
12,【3D+2D全彩/无修】灵祭01-04 跨年福利更新 (小说改编)+坏孩子被惩罚【55MB】,
13,【2D全彩/同人/合集】催·眠调O教类作品 “エクセシオ”x57本大合集【1.76G】,
14,【2D全彩/无修/合集】五等分的新娘(花嫁) X10本全汉化合集【84MB】,
15,【2D全彩/合集】好友的妈妈是我的恋人 “WLHO”x15本合集【445MB】,
16,【3D全彩/同人】夏の約束 ～和姐姐的夏天回忆～上半部+PV视频 汉化版【251MB】,
17,【3D同人/神级】qizhu大师：4K无敌神仙级作品10月更新+铃木美咲白丝嘿嘿赠品【700M】,
18,【3D同人/中文】女·犯之死：1季+2季1-17中文版+番外★2020【古风★情节超强】【650M】,
19,【2D全彩/合集】[ちゅらる庵] FGO的足·控本 01-08+碧藍幻想【250MB】,
0,【3D全彩/无修】弥生 01-04 [洗·腦/控制]【328MB】,
1,【3D+2D全彩/同人】用插入妈妈OO来尽孝的乱X世界+神侠-序【243MB】,
2,【3D全彩/无修】阿杰的摄影日常1-2+女病人前来就医【110MB】,
3,【2D同人/全网收集/动态】一拳超人：精品同人合集+明星AI赠品【高还原/稀有物】,
4,【2D全彩/韩漫】解禁 初始的快·感 01-103 (完)【646MB】,
5,【3D全彩/无修】[Crazy Dad] 银O母亲的养成 01-16集 汉化完结版【635MB】,
6,【3D/中文】低级战斗员的我转生成丝·袜是什么玩法中文步兵版★2020【1-10+3.5】,
7,【2D/合集】女友被爸爸寝·取，并成为我的后妈 “ハチミン”x4本汉化【364MB】,
8,【3D+2D全彩/无修】银O罪校园01-02+担当漫画家的COSER【58MB】,
9,【3D全彩/无修】母爱的连袜★丝·袜/母愛パンスト【小马拉大车】【超赞新作】,
10,【2D单行本/合集】烂交派对上与母亲激XO “洋蘭堂”x19合集【425MB】,
11,【3D全彩/无修/合集】“Amusteven”x28本全汉化合集 [隐藏故事+支线故事]【291MB】,
12,【2D同人/合集】把后妈调·教成我的专用飞机杯 “空巣”X18本合集【536MB】,
13,【奇怪同人/国产古装/中文】攻占大小姐！中文完结版！【超珍稀/全明星】,
14,【2D全彩】[天帝哥漢化] 让我做各种H的事情的W黑辣妹不·良少女☆【170MB】,
15,【2D全彩/合集】ディオゲネスクラブ”作品x58本大合集 [同人/母系]【953MB】,
16,【3D全彩/无修】大兄弟 Big Brother 01-05 [游戏改编]【326MB】,
17,【2D全彩/合集】“Xenoms”作品13本 最新合集 [后宫/催·眠/小马拉大车]【248MB】,
18,【3D全彩/无修/合集】“KKBD”作品x3 女侠售卖+天使军的抵抗+五将军之谜【810MB】,
19,【3D+2D全彩/无修】年轻貌美的后妈+和难对付的关西伯母夏天的夜晚【214MB】,
0,【国产真人漫画/明星PS】 迷走都市0-3(终) [小说改编]【686MB】,
1,【2D同人/合集】[小马大车] “正确”的XXOO教育 “类本”x23本全汉化【653MB】,
2,【2D全彩】姐姐给外甥喂乃时，我插入她的屁★股 - 姉はヤンX2汉化版【197MB】,
3,"【3D全彩/无修】制·服""诱""惑系列-空姐篇+护X士篇01-03+教师篇 5集【198MB】",
4,【3D同人/极品】Zumi大师：神级画风作品 更新至12月合集+神楽坂真冬F赠品【步兵/15G】,
5,【2D全彩/合集】“FOOL's ART GALLERY (誉)”作品69本 12月最新大合集【887MB】,
6,【3D全彩/无修】试验 01-02 [学院/姐妹]【325MB】,
7,【3D全彩/无修】魅魔 01-25+SP+設定人物+剧情追忆【624MB】,
8,【3D全彩/无修】催★眠师与梦魔【50MB】,
9,【2D全彩/韩漫】隔壁母女 01-18 (双格式版本)【241MB】,
10,【2D全彩/合集】老婆屁-股里插着大雕视频聊天+图集 - Massage【228MB】,
11,【2D全彩/合集】女冒险家 “色点屋”作品11本 最新整合【205MB】,
12,【3D全彩/无修】贵族学校 01-02+周莹男X事情 01-03【100MB】,
13,【2D单行本/合集】你不知道的妈妈的交O尾 “ (SINK)”作品69本大合集【1.45G】,
14,【2D全彩/同人】去搭·讪那个出乎意料纯真的18号，然后让她沉醉其中【171MB】,
15,【2D单行本】女友x岳父，妹妹去O交 - Labyrinth 【261MB】,
16,【2D全彩/合集】母·子的XXOO活动 “子豚の館”作品x3汉化版【117MB】,
17,【2D全彩/无修/合集】发O晴的妹妹 “Mieow (らする)”作品21本合集【565MB】,
18,【3D全彩/无修】夏野企画KigaNatsuno 2019.12月 超清整合【106MB】,
19,【2D全彩/合集】风搔女医师的诊察游戏 [动画x2+画集] 【534MB】,
0,【3D全彩/无修】童党 01-06 [武侠/同人]【92MB】,
1,【2D全彩】小弟弟与大欧派淑女的中O出检测 +[すぴか屋]X2【123MB】,
2,【2D单行本/合集】女友是堕L落的-表-子 “夏庵”作品47本【822MB】,
3,【3D全彩/无修】我的NTR人生01-02+捕猎01-05+足の恋【132MB】,
4,【2D同人/汉化/极品】織田NON大师：神级淑女画风29部-2019年新合集【史诗级】【1.1G】,
5,【2D全彩/合集】被胁迫的女朋友 “ピジャ”作品25本+同作者2部动画【760MB】,
6,【3D全彩/无修】房东 第1-2季 01-05 [轻重扣]【254MB】,
7,【3D全彩/无修】(黄蓉) 母女双姝劫 01-02【60MB】,
8,【3D全彩/无修】恶魔的归来 [女精灵]【129MB】,
9,【2D单行本/合集】“桃吹リオ”作品20本合集（轻重扣/超熟）【936MB】,
10,【奇怪同人/中文】沦为暗昌的女警官+傲慢女上司堕落！中文版【超珍稀/全明星】,
11,【2D单行本/合集】闷搔好O色的女朋友 “おかゆさん”作品40本+图集【564MB】,
12,【2D单行本/合集】地下斗技场-丰L满健硕女子力 “bowalia”作品24部【578MB】,
13,【2D全彩】强制孕育合法化！！强XO合法化的话日本会变成什么样呢？【250MB】,
14,【2D全彩/合集】发育成熟的隔壁妹妹 “蔵鴨”作品14本合集-附图集【212MB】,
15,【2D全彩/同人】 [春曜日] 继续XO直到泪水枯竭为止…(连衣裙)【98MB】,
16,【国产真人漫画/明星PS】国际航班的空姐们！1-6集中文完结版【超珍稀/社保】,
17,【2D单行本/合集】母亲的发.晴期 “白石なぎさ”作品12本【869MB】,
18,【2D全彩/单行本/合集】 “みうらたけひろ”(喷·奶)作品10本全汉化【623MB】,
19,【3D全彩/无修】黑丝女骑士第1季(完)+第二季01-07+短篇+特別篇【331MB】,
0,【3D全彩/无修】混沌天下 01-07 (完/同人)【295MB】,
1,【2D全彩/合集】催-眠APP+租赁女友“Small Dog”作品2本全汉化【104MB】,
2,【3D全彩/无修】火影忍者-鸣人与家人V2 [完整版]【203MB】,
3,【2D国产/中文】嫦娥造·反记【1-191】中文版+小说+作者其他同人【12月更新/神仙】,
4,【3D+2D全彩/无修】判01-02+我和妈妈XO的购物约会【95MB】,
5,【3D+2D全彩/无修】荡O妻 (夫妻与别人间故事) 01-04【212MB】,
6,【3D+2D全彩/无修合集】《真》2019.12月最新同人整合+动图 [精致]【355MB】,
7,【2D同人/合集】[毁童年] 亀仙人の野望 1-3+同类作品 [附动画]【295MB】,
8,【2D全彩】[ようかい玉の輿 (CHIRO)] 催★眠生活指導員モブ男【207MB】,
9,【3D全彩/同人/无修】射雕同人：黄蓉襄阳野史 01-28中文版 [武侠精品]【424MB】,
10,【2D全彩/合集】强O妈妈，与隔壁叔叔合谋 “DOZA-Village”36本大合集【1.2G】,
11,【3D全彩/无修】左的欲望 01-30 (完/大后宫)【317MB】,
12,【2D全彩/单行本】[LINDA] 真正的恋人，清I纯系表O子女友们【175MB】,
13,【2D全彩】和妈妈甜蜜的生活 [母系]【124MB】(补）,
14,【2D全彩】催★眠妈妈和妹妹，让他们变成我的O便器 パラダイス作品2本 【238MB】,
15,【3D全彩/无修】傀儡人形 [淑女/控制] 【125MB】,
16,【3D全彩/无修】[CHS工作室] 再见青春（完）【236MB】,
17,【2D全彩/韩漫】校园LIVE秀 01-17[黑絲/足系/双版本]【241MB】,
18,【2D同人/全网收集/汉化】名H侦探探南：超毁童年57部作品大合集！【超稀有/620M】,
19,【3D全彩/合集】绘梨的初★体验+全部都是因为香蕉牛奶+难忘的夏天【382MB】,
0,【3D全彩/无修/合集】辣妈淑女“XAQQ”作品集+(附GIF) 12月最新整合【251MB】,
1,【3D全彩/无修】妻子女儿用屁L股为丈夫还债 “局”01-05【192MB】,
2,【3D全彩/无修】邻家母女的诱·惑（完）【218MB】,
3,【奇怪同人/国产武侠】极乐神教！【1-5部】完结中文版【超珍稀/全明星/神还原】,
4,【3D同人/超精美】JARED999D：杏变態梦魇~怪物的杏奴！【新作】【1080HD/全步兵】,
5,【2D全彩/合集】[まふりまりもんぬ] 魔物全彩中文3本合集【267MB】,
6,【3D全彩/无修】新来的邻居 01-04 [完] （催·眠/母亲+女儿）【191MB】,
7,【3D全彩/无修】THE TAN 01-08+THE BAD TAN 1-3 [阖家欢乐]【277MB】,
8,【国产真人漫画/明星PS】私立高校的女教师们！1-4集中文完结版【超珍稀/社保】,
9,【3D全彩/无修】姐姐的婚礼 [轻度列奇]【64MB】(补),
10,【2D全彩】[DOZA Village] 鮫島社長喜欢生过小孩的女人 [DL中文版]【155MB】,
11,【3D全彩/无修】血色帝国 01-09+番外+短篇【369MB】,
12,【3D全彩/无修】姬佬大乱斗 01-04 [女X格斗]【120MB】,
13,【2D全彩】[天帝哥] 对人★妻搭讪过度，马上到旅馆XXOO【161MB】,
14,【3D全彩/无修】阿离奇遇记 01-08 [小马拉大车]【78MB】,
15,【2D单行本/合集】母亲的强势XO教育 “DT工房 (DAIGO)”作品8本合集【242MB】,
16,【2D全彩/无修】我喜欢汽车人的大屁★股 01-04+其他X3【68MB】,
17,【3D全彩/无修】绿帽快餐01-02+剑仙姐妹X7【57MB】,
18,【3D全彩/无修】やまと(Black.K) 2019.12.15 [精致]【539MB】(已修正）,
19,【2D全彩/合集】全国共通，妈妈在儿子面被插入至高潮 “HAPPY STUDIO”19本【728MB】,
0,【3D+2D全彩/无修】寂O人.妻+耻辱之森-精灵沦陷 全集 [DL版]【119MB】,
1,【2D单行本/合集】星期五的母-子乱O日 “児妻”作品10本【377MB】,
2,【2D/单行本】女友上厕所时，跟岳.母打了一炮 - 彼女のママ【120MB】,
3,【2D全彩/合集】与爆豪的银.母激烈XO“ジュナジュ”作品26本 (英雄学院)【276MB】,
4,【3D全彩/无修】骑手女谍之★死★[超精致HD/轻重扣]【382MB】,
5,【3D全彩/无修】疯狂老爸-我最亲爱的大姐 01-07 [GG汉化组]【153MB】,
6,【2D全彩】妈妈大屁★股坐在我朋友的脸上 1-2 - 母が友人【258MB】,
7,【3D全彩/无修】丝★袜女.教师兰若 01-14【213MB】,
8,【3D全彩/无修】[AA大魔王] 新婚妻子与卖菜老板 01-10【333MB】,
9,【2D全彩/无修/合集】“妈妈是银O乱空姐”13部 Scarlett Ann+图集 [12月整合]【350MB】,
10,【2D全彩/同人/合集】发O姐姐与懵懂弟弟性奋的交.欢 “稲荷屋”作品20本【674MB】,
11,【3D全彩/无修】带雄未来的新娘(哆啦A梦)-附同作者作品【130MB】,
12,【2D/单行本/合集】“蛹虎次郎”最新18本大合集 [阿黑颜/R-B-Q]【1G】,
13,【3D全彩/无修】御女伏魔战记 01-05 (共13話)+其·他【312MB】,
14,【3D全彩/无修】捕获女侠进行售卖 [古装/武侠]【276MB】,
15,【3D全彩/无修】魅魔01-17+SP+設定人物+剧情追忆【236MB】,
16,【2D全彩】厉害了!!我的女友在VR游戏中XXOO，还很会玩 - ネトラレデ【247MB】,
17,【3D全彩/无修】VG Erotica 2019.12.12整合 [同人图集]【275MB】,
18,【3D全彩/无修】美丽女白领的秘密01-08(完) [真实故事改编]【166MB】,
19,【3D全彩/无修】我的NTR人生-悲哀的姨妈+堕落觉醒+其·他【238MB】,
0,【2D全彩】在乡下的暑假里，和妈妈浑身是汗地进行XO交配了 HD版【403MB】,
1,【3D全彩/无修】新来的邻居 01+03+AI樂園 [催·眠]【196MB】,
2,【3D全彩/无修】奴隶時間 01-05(完)+特別篇【200MB】,
3,【3D全彩/无修】非常关系 01-13+番外-魔女篇【743MB】,
4,【2D单行本/无修/合集】”武田弘光“作品最新52本合集 [阿黑颜大神]【932MB】,
5,【3D全彩/无修】我家还蛮大的+学园调·教师【88MB】,
6,【3D全彩/无修】MrHL777 2019.12.10整合 [同人图集]【78MB】,
7,【2D全彩】被打败了，所以未婚妻被他男骑乘 - 俺が敗北し【141MB】,
8,【3D全彩/无修】李二根的下班生活+太太的烦恼【120MB】,
9,【2D/合集】“アルカロ”7本 [母系/同人]【116MB】,
10,【2D全彩/单行本】我妻子与岳父的XO关系 - 初めての 部分全彩无修版【320MB】,
11,【2D全彩/韩漫】初戀陷阱 01-64 (完) [双格式版本]【543MB】,
12,【3D全彩/无修】女骑士团的覆灭 (完) 【167MB】,
13,【3D全彩/无修/合集】[EinWassermelone]獵奇大短篇 系列整合 [重扣/同人]【250MB】,
14,【3D全彩/无修】新来的邻居 01-02 [催·眠/控制]【92MB】,
15,【2D/合集】[灰司] 近女誘惑 系列 01-12 全汉化合集 [母系/小马拉大车]【617MB】,
16,【3D全彩/无修】The Obsession（痴迷）[精致3D]【128MB】,
17,【2D中文/重磅合集】淑女&小弟:【小马拉大车】类作品50本汉化大合集！【800M】,
18,【2D全彩/韩漫】甜蜜假期 01-21 (完) [双格式版本]【207MB】,
19,【2D全彩/无修/合集】和单纯的她在女汤里，私·密處洗净屋的工作 1-13【432MB】(更正),
0,【3D全彩/无修】白雪公主童话故事 01-09(完)+其·他【258MB】,
1,【2D/单行本】[朝木貴行] 钢之衣少女们+4P小册子【262MB】,
2,【3D全彩/无修】神奇女侠01-02+短篇-女警X2【202MB】,
3,【3D同人/中文】蝴蝶之殇：1-2季25集+魔女小剧场+外传【超长篇/重扣/丝·袜】【3G】,
4,【2D全彩/合集】别人的妻子勾★引我-蜜と肉【动画+漫画】【249MB】,
5,【2D全彩/合集】“ぽんふぁーず”作品16本合集 [母系/小马拉大车]【352MB】,
6,【3D全彩/无修】全职妈妈 01-06（完）[母系/教师]【368MB】,
7,【3D全彩/无修】失踪的少女+被捕获的少女们的悲惨结局~【55MB】,
8,【3D全彩/无修】我的熟★母老师 01-05(最终版)+義理の母【122MB】,
9,【3D/中文】低级战斗员的我转生成丝·袜是什么玩法【1-8】中文步兵版【丝·袜升级】,
10,【2D单行本/无修】[緑茶イズム] TEENISM [步兵汉化版]【100MB】,
11,【3D全彩/无修】阿离奇遇记 01-05+三弄媽媽【88MB】,
12,【3D全彩/无修】The Grandma（外婆）01-03【346MB】,
13,【2D全彩/韩漫】奪愛的滋味 01-53(完) [双格式版本]【512MB】,
14,【3D全彩/无修】性O纪·元 1-5+穿越记+打盹的妈妈【77MB】,
15,【2D全彩/合集】“納屋 (纳屋)”45本+P站画集大合集 [(轻)重扣]【651MB】,
16,【2D全彩】献出身·体的女经营者+金发儿子与母亲【93MB】,
17,【2D全彩】恋母性活～妈妈大欧派是我的～+正太与大姐姐的美·臀【144MB】,
18,【2D全彩/韩漫】姊夫 硬★起来 01-23(完) [双格式版本]【309MB】,
19,【3D全彩/无修】我在黄油当爸爸之丧尸生活01-02+短篇【467MB】,
0,【3D全彩/无修】魅魔01-15+SP+設定人物+剧情追忆+新人物【219MB】,
1,【2D全彩】与岳母XXOO时，女友回来了1-2+番外 - 人★妻ンション【213MB】,
2,【2D全彩】在学校严厉的加加见老师，在家里面对儿子却是抖·M【210MB】,
3,【2D单行本/无修】[小島紗] 純情ビッチハーレム 超清步兵版 【332MB】,
4,【2D全彩/韩漫】老師 好久不見 01-65 [完] （JPG+PDF双版本）【434MB】,
5,【3D全彩/无修】回不去的特瑞萨 - TERESA - CAN NOT GO BACK【83MB】,
6,【2D同人/合集】你不在时候的女友，疯狂XO “ケミガワ”作品19本合集【405MB】,
7,【2D全彩/韩漫】冲突 01-55（JPG+PDF双版本）【548MB】,
8,【2D/单行本】帮助欲求不满的人★妻疏通下水道 - マダムパ【119MB】,
9,【3D全彩/无修】黑与白—重生之瞳 01-02【128MB】,
10,【2D同人/全网】国漫重扣大神：JM大师最全中文合集！【12月/全步兵/超强列奇】【900M】,
11,【2D全彩/同人/合集】新母★子性O关系 - 新世福音战士作品16本【376MB】,
12,【2D全彩/韩漫】美丽新世界 01-39 (双版本)【572MB】,
13,【2D全彩/合集】YDIYA 2019.12.01整合 [同人/独特风格]【329MB】,
14,【3D全彩/无修】高中生与淑女盘肠大战+同人全果图集【195MB】,
15,【3D全彩/无修】性X愛X未來 01-03 [Affect3D/扶她]【108MB】,
16,【2D全彩/无修/合集】(MだSたろう) 14部+杂图 2019.11.30整合【570MB】,
17,【2D全彩/无修/合集】“拳皇同人H版-小马大车”37本大合集【414MB】,
18,【3D全彩/无修】人-妻银O记 1-56+番外篇【1.24G】,
19,【2D全彩/合集】银Y赤絨毯 01-10 (完) [淑女]【115MB】,
0,【2D全彩/合集】[ぷぅのぷぅぷぅぷぅ] 中文全彩家庭{母系/御姐}超清4本【505MB】,
1,【2D全彩/合集】别人妈妈OO里面好舒服“つぼや”作品25本合集【277MB】,
2,【2D全彩】青梅竹马的美臀由他男驰骋 - 幼馴染が目【128MB】,
3,【2D全彩/无修】我的妈妈与同学们愉快的乱O - 母X子の思い+单行本【119MB】,
4,【3D全彩/无修】“BadBoss”01-06 [妻子x老板，妻子x儿子，女儿x我]【137MB】,
5,【2D单行本/合集】“舞六まいむ”作品12本 [母系/合家]【673MB】,
6,【3D全彩/合集】催·眠诊所- 前后篇+特典 (1080P超清完全版) 【动画x3+图集】【1.2G】,
7,【2D/单行本】妻子上班后，我与岳母疯狂XXOO - 嫁母疼き【119MB】,
8,【2D全彩/合集】まぐろ珈琲 (炙りサーモン丸) 12本 219.11最新整合【516MB】,
9,【3D全彩/无修】碧蓝航线 落凤+夜班 01-04 [轻重扣]【177MB】,
10,【2D全彩/无修】[彩画堂] LIVE CUM 汉化步兵版 (母系/多人) 【150MB】,
11,【2D全彩】大方的继母对儿子很溺爱(顺从)+今晚要去陪丈夫的上司【70MB】,
12,【2D/合集】保剑室的性·感老师 -[すぎぢー]X9本全汉化合集【182MB】,
13,【3D全彩/无修】狂XO欲★火焚身的妈妈 1-7 (完) - Mother Desire【259MB】,
14,【2D/合集】[青豆腐] 精灵妻女被奴隶商人抓去当O奴1-7 - 7本全汉化【232MB】,
15,【3D全彩/无修】奴隸老師慧慧（老滚5制作）【147MB】,
16,【3D全彩/无修】我的美·艳嫂子 01-04 [完结]【248MB】,
17,【2D漫画+全彩】我的妈妈是那啥女★优 1-3 - 僕の母さ+赠品【158MB】,
18,【2D全彩】美熟·母战士-妈妈对儿子的硬派“性”教育 - Queen【142MB】,
19,【2D全彩/无修】绝对不会输的布罗迪亚&雅典娜 - 絶対負け【70MB】,
0,【3D全彩/无修】制★服诱★惑-空姐篇+护I士篇 01-03【147MB】,
1,【3D全彩/无修】RyanReos 219.11 最新同人整合【127MB】,
2,【2D单行本/无修】[木静谦二] 你对我这么温柔 高清部分无修版【400MB】,
3,【3D全彩/无修】勇者与魔王01-04+番外X2+短篇【207MB】,
4,【2D/单行本】淑女爱爱审查，没有女友的家伙要被强制交配 - 性O交情计划【153MB】,
5,【3D全彩/无修】这个红发碧★池很浪01-03+其·他【52MB】,
6,【3D同人/中文/666】閪遊記【1-40全】完结中文版【改篇就是乱篇/谢罪警告】,
7,【2D漫画】[温柔义母和晒痕阿姨这样的姐妹二连击喜欢吗] 第1-4话(完)【73MB】,
8,【2D/单行本】初恋女友的妈妈，很那啥哦 - 甘熟痴妻【189MB】,
9,【3D+2D全彩/无修/合集】黒人の転校生-母女花的侍奉x5+其·他【167MB】,
10,【2D全彩】友母調★教 亜沙美編+淳編（通常版）【73MB】,
11,【2D全彩】乱O家族的爱爱活动 1-3 - あかる+赠品【144MB】,
12,【2D全彩/合集】叔母XO外甥，导致意外怀★孕 1-2 【动画X2+图集】【490MB】,
13,【2D全彩/合集】回到过去XO妈妈 (全中文)【动画X2+漫画(全)】【791MB】,
14,【3D全彩/无修/合集】“都市淑女人-妻”系列7本 [母系]【383MB】,
15,【2D/单行本】“亡国の殿下”黑皮后宫+赠品 [小马大车]【67MB】,
16,【3D全彩/无修】丝情袜意 01-05 [超社保黑丝]【425MB】,
17,【3D全彩/无修】身为低级战斗员的我转身成丝·袜是甚麽玩法 01-07【65MB】,
18,【2D同人/中文/步兵】北北砂大师：全系列步兵作品中文大合集 【小马拉大车】【600M】,
19,【2D全彩/无修/合集】“織田non” 高清HD作品29本(19年11月新合集)【1.1G】,
0,【3D全彩/无修】性O妈妈 - 丝·袜母亲的堕落之路 01-06【273MB】,
1,【2D全彩/同人】人間家畜 - 被哥布林饲养的性畜女孩们【111MB】,
2,【3D全彩/无修】爸爸去钓鱼，儿子吊妈妈 1-4 - Abandonment【368MB】,
3,【2D全彩/同人】纯爱NTR ~ 老婆被调★教成当众撒·尿的母狗【181MB】,
4,【3D全彩/无修】教师妈妈与美·腿姐姐01-03+番外+我的妈妈是妖狐【161MB】,
5,【3D全彩/无修】閪遊記 01-40(完) [改编不是乱编 (ω)]【214MB】,
6,【2D全彩/无修/合集】Milftoon-母-子系列59部101本 全汉化【11月最新整合】【707MB】,
7,【3D全彩/无修】与妈妈·的乱O大冒险 - THE Tan 1-8【180MB】,
8,【3D全彩/无修】人生-1季1-6+2季1-6 [完]【445MB】,
9,【2D全彩/合集】“ミルフ書房”作品6本合集 [母系]【222MB】,
10,【3D全彩/无修】[WeiJZ] 都市系列1-2 [OL/淑女]【132MB】,
11,【3D全彩/无修】妖谈 00-05+足の恋 [轻重扣]【100MB】,
12,【3D全彩/无修】結婚式 01-03+我会好好照顾师娘【150MB】,
13,【2D/无修】[荒岸来歩] 全速全身奉侍女僕 步兵汉化版【116MB】,
14,【2D全彩/合集】”ひぐま屋 (野良ヒグマ)“作品32本+P站画集 [小马拉大车]【272MB】,
15,【3D全彩/无修】第二人格—朱曦篇+朱东篇 【133MB】,
16,【2D全彩】[ (伊万·里)] 巫女落華 1-2 HD中文版 【585MB】,
17,【2D全彩/合集】甚助屋 (甚助) 20本 2019.11最新整合 [母系]【487MB】,
18,【3D国产/中文】射雕同人：黄蓉襄阳野史【1-25】全集中文版【武侠精品】【600M】,
19,【3D全彩/精致】夏天的约定～和姐姐一个夏天的回忆【超逼真】【110MB】,
0,【2D/合集】破产少爷跟黑皮后妈-的XO关系-前+后(全)+作者其·他作品【86MB】,
1,【2D同人/合集】ROJIURA JACK (Jun) 全中文6本 2019.11整合【220MB】,
2,【2D全彩/合集】百合魂 219.11.18整合 [淑女/肉感]【134MB】,
3,【3D全彩/无修】Johnny Scan画师 2019.11整合 [同人]【104MB】,
4,【3D全彩/无修】荡妻 01-03 [疯狂NTR]【158MB】,
5,【2D全彩/合集】被丈夫的部下胁迫，半推半就的出★轨 [桂あいり]作品19本【746MB】,
6,【2D全彩】嫂.子别掙扎了，你就做我的P友吧W【124MB】,
7,【3D+2D全彩/无修】大棒下的班主任+寝ても覚めても【123MB】,
8,【3D同人/极品】就算妈妈被★睡了 前篇+后篇（完）【3D超逼真/精致】【751M】,
9,【3D全彩/无修/合集】nfkk 9本全中文 2019.11整合 [同人]【218MB】,
10,【2D漫画/合集】丰-满的妻子被胁迫了 “アレグロ”作品15本【310MB】,
11,【3D全彩/无修】黑与白—重生之瞳+美·艳妈妈堕★落 1-3【196MB】,
12,"【2D全彩/合集】妈妈,姐姐,女友，都是黑人的RBQ “ドーシア”作品7本【102MB】",
13,【3D全彩/无修】[拾壹作品] 妻子薇儿的故事【61MB】,
14,【2.5D同人/极品】Jellytits大师：4K极品同人【1-26部】大合集【步兵/黑丝/欧派/1.2G】,
15,【2D全彩】表★子妻和黄毛在我的卧室 - [NTR]【208MB】,
16,【2D全彩/无修/合集】女友的怪★癖 (鹿出，放“水”) 【动画x2+图集】【828MB】,
17,【2D全彩/合集】“18号与龟仙人”（人造人18号）H本47本【361MB】,
18,【3D同人/极品】Zumi大师：神级画风作品大合集 set1-25+旧图集【全步兵】【2.5G】,
19,【3D全彩/无修】被★催眠的雷芳酱 [同人/小马拉大车]【91MB】,
0,【3D全彩/无修】倒霉的一天 Bad Day - 柠檬【157MB】,
1,【2D全彩】性★孕租借 (人.妻为了发泄压力去XXOO)【155MB】,
2,【2D/单行本】[夏のおやつ] 痴母相XO [母系]【222MB】,
3,【3D全彩/无修】催·眠母親 01-04(完)+小短篇+看板娘【99MB】,
4,【3D全彩/无修】山野花和尚 01-02 [古装/武侠]【177MB】,
5,【3D全彩/合集】”不知火舞“的银辱格斗 【动画+动图+图集】【904MB】,
6,【2.5D全彩/无修】“EvanLee”作品合集 [H版赛博朋克]【315MB】,
7,【3D全彩/无修】被夜鬼闯进的妃子墓 [轻重扣]【130MB】,
8,【3D全彩/无修】魔域人间 01-10 [催·眠]【532MB】,
9,【3D全彩/无修】女警沉★沦01-13+番外篇之公开调·教+小说【208MB】,
10,【3D全彩/合集】“ボッシー”画师画集【轻重扣/精致】【297MB】,
11,【3D全彩/无修】正太迷X妈妈+情和愛的分別 (完)【84MB】,
12,【3D全彩/无修】最后倖存者-不愿回首逝去天真+寝取无情+我的女友晓雯【45MB】,
13,【3D全彩/无修】我是个有钱的小孩+其·他【小马拉大车】【72MB】,
14,【2D全彩/单行本/合集】 “桃吹リオ”作品20本最新合集【母系淑女/肉感】【936MB】,
15,【3D全彩/同人】与叔母和表姐妹难忘的乱X之夏 - 忘れられない夏【374MB】,
16,【3D全彩/无修】最爱上班 00-30+特殊篇 (完)【538MB】,
17,【2D全彩/合集】[夏目ベン]“妈妈牌飞机杯”作品10本合集【200MB】,
18,【3D全彩/合集】屁·股先锋-天使姐姐“Mercy VG Erotica”【动画+图集】【319MB】,
19,【3D全彩/无修】[AA大魔王] 新婚妻子与卖菜老板 01-09【300MB】,
0,【3D全彩/无修】[WeiJZ] 人-妻都市系列【86MB】,
1,【2D全彩/合集】天降女子!女孩子从2楼…掉了下来！？【动画1-9+图集】【403MB】,
2,【2D+3D全彩/合集】同人可爱女孩 - 私★密特写图+赠品【150MB】,
3,【3D全彩/无修】山野花和尚【古装/武侠】【70MB】,
4,【2D全彩/合集】没有妈妈就不行 1-10+画集【母系/小马拉大车】 【570MB】,
5,【3D全彩/无修】小炫与岛 1-2【小马拉大车】【61MB】,
6,【3D全彩/无修】隱身虐杀★惡魔1季完+第二季 01-08【轻重扣】【219MB】,
7,【3D全彩/无修】丝情袜意01-03【超社保黑丝】【312MB】,
8,【2D全彩/单行本】[Kloah] 巨大欧派姐姐教育可爱弟弟射液体 4K高画质【497MB】,
9,【3D全彩/无修】双面女警+人.妻凌★褥日记【165MB】,
10,【3D全彩+2D/无修】黑人和转校生青梅竹马NTR+2D漫画版+短篇X2【211MB】,
11,【2D漫画/合集】[天愚連 (ナリヲ)] 母Oを掘る12本【小马拉大车】【190MB】,
12,【2D同人/全动态】韩国极品大师KIDMO：11月作品CG+动画 步兵版【新作/全CV】【500M】,
13,【2D全彩/合集】(Clone人間) 超赞画风 10本汉化单行本合集【母·系】【689MB】,
14,【2D全彩/同人】廃病院の怪物-汉化版s+其·他【151MB】,
15,【3D同人/超精美】JARED999D：奴隶精灵4-命运的交错！【新作】【1080HD/全步兵】,
16,【2D全彩/合集】四畳半書房 13本 2019.11整合【母女/母系】【565MB】,
17,【3D全彩/合集】家庭用“性”教育振兴计划【小马拉大车/知识】【297MB】,
18,【2D全彩/合集】[搾精研究所] 搾精病棟01-05 全汉化【小马拉大车/轻重扣】【311MB】,
19,【3D全彩/无修】囚禁之女+女騎士調·教物語外传+格斗家们Fighters【55MB】,
0,【2D同人/极品】国人画师—星之守护者 迦娜 01-02+番外1-2+其·他【超精致】【300M】,
1,【2D全彩/合集】屈辱的女★教师【动画+图集】【231MB】,
2,【3D同人/极品】极致精美：Oneee 3D亲子的エロ【全】+武侠COS3D超精美图集【570M】,
3,【2D全彩/无修】“由衣.H” 同人图集【肉感/母·系】【136MB】,
4,【2D单行本/合集】 “三顕人”作品18本 合集【母·系】【1.18G】,
5,【3D全彩/无修/合集】“美式乱XO-M41rapture” 母·系作品集【动图+图集】【957MB】,
6,【2D全彩/合集】“南田U助”作品10本 【11月最新/小马拉大车】【282MB】,
7,【2D全彩/合集】我的超碧·池女★神 - アラル 【动画+漫画】【348MB】,
8,【3D全彩/合集】风搔女校医勾★引我【动画+图集】【355MB】,
9,【2D全彩/合集】“不知火舞”同人全汉化13本+8X图集 共22本【314MB】,
10,【2D全彩/合集】禁断的母·子相XO，崩坏调★教母娘【动画x2+漫画】【970MB】,
11,【2D单行本】[俵緋龍] 熟メス♀[4K]【母·系/后宫】【334MB】,
12,【3D全彩/无修】人★妻凌褥日记+御.女伏魔战记 01-02【159MB】,
13,【2D全彩/合集】“FOOL's ART GALLERY (誉)”作品68本【魔幻】【832MB】,
14,【3D全彩/无修】魅★魔 00-12 V2 (剧情补充）【193MB】,
15,【3D全彩/无修】冰峰魔·戀-折翼★天使 00-12 [正式版]【200MB】,
16,【3D全彩/无修】魅魔白★洁 01-04+前传上【245MB】,
17,【2D同人/超精美】hew画师：2019年最新动漫同人作品合集整理【高质量】【977M】,
18,【2D同人/合集】极品重扣大师：XXOOM Collection 作品大合集【全步兵/精品】【2.5G】,
19,【2D全彩/韩漫】岳母家的刺★激生活 01-50(完) V2【458MB】,
0,【2D全彩/合集】“スタジオポーク”社-经典母系动图集【561MB】,
1,【3D全彩/无修】低级战斗员的我转身成丝I袜是甚麽玩法+変·态放送【143MB】,
2,【3D/国产大作/中文】诛仙·荡魔志【1-41】全集中文版+番外赠品【武侠精品】【2G】,
3,【2D全彩/合集】眼镜姐姐no眼镜女友 [肉感/巨X]【动画x2+漫画】【486MB】,
4,【2D全彩/无修】性O处理秘书奥莉安娜+作者作品合集【重扣/列奇】【170MB】,
5,【2D全彩/合集】最爱的女人嫁给了哥哥，我只能XO她的女儿【动画x5+图集】【764MB】,
6,【3D全彩/无修】杀·手沈01-04+番外 共9話【104MB】,
7,【2D全彩/合集】“影武者”作品20本 [母·系/小马拉大车]【1.3G】,
8,【3D全彩/无修】好XO女同学的诱.惑+中文漫改电影版【208MB+4.3G】,
9,【2D全彩/合集】邪★恶女孩 Tiny Evil【动画x2+漫画】【745MB】,
10,【2D全彩/合集】[LINDA] ナルラブ鳴人之愛01-06 (火影同人)【121MB】,
11,【3D同人/中文】黑丝女骑士：第2季【1-4】中文版+前作短篇番外合集【超社保】,
12,【2D全彩/无修】嫦娥造★反记 1-183+小说【10月最新/国人】【92MB】,
13,【2D合集】破产少爷跟黑皮后妈.的XO关系+作者其·他作品X6【73MB】,
14,【3D全彩/无修】母亲是舞娘+温泉旅行+年轻时的母亲+其·他【149MB】,
15,【3D全彩/无修】腐化之家 (完) [催★眠/后宫]【75MB】,
16,【2D全彩/无修/合集】乐园之扉 Euphoria 完整合集 [重扣]【动画x6+图集】【1.2G】,
17,【3D全彩/无修】大逃亡 01-05+其·他【94MB】,
18,【2D全彩】[きゃろっと] 曾经是优等生的她成为了S系色O辣妹+赠品【200MB】,
19,【3D全彩/无修】这个红发碧★池很浪+其·他【70MB】,
0,【2D全彩/无修/合集】橘家男性事情 步兵全彩版【小说+动画x3+漫画】【2.3G】,
1,【3D全彩/合集】梦塔·雪谜城-白亦君 (国人魔改)【图集+动画】 【800MB】,
2,【2D全彩/合集】“全国共通”6本全汉化【强制XO/催★眠】【267MB】,
3,【2D全彩/合集】H★版-鬼灭之刃【真人化电影+漫画】【646MB】,
4,【2D全彩/合集】“DLメイト (イズミノアル)”{催★眠} 作品全汉化10本【188MB】,
5,【2D/合集】メスメリズム(人.妻X催★眠) 1-6 【9本合集全汉化】【310MB】,
6,【2D全彩/合集】[流一本] 母亲 [洞O] 深处的秘密 【动画x2+漫画】【534MB】,
7,【2D/无修】[おとちち] 妈妈们的聚会 单行本【重制无修版】【204MB】,
8,【2D全彩/合集】[Bigshine] 超爆RU肉感堕·落小短篇汉化合集 25本！【310MB】,
9,【3D同人/极品】Sakimichan大师：神级画风作品【1-109】期大合集【10月更新/步兵/4G】,
10,【3D同人/极品】Sciamano240大师：4K极品艺术3D同人作品全集【超精美/步兵】【2G】,
11,【2D无修/合集】[(立花オミナ)] 異世界勇者后宫物語 1-4.5 [部分無修]【215MB】,
12,【3D全彩/无修】[Nisego] 超級瑪莉3D超清图集+墨畫 1-2【217MB】,
13,【3D全彩/无修】魅★魔 00-09 V2+補充【101MB】,
14,【3D同人/中文】婚博会【1-3】部+6部短篇+番外 中文版【极重/美.腿丝·袜】【450M】,
15,【2D全彩/无修/合集】“エ口扩张”类整合 (轻列奇) 【动画x3+动图+图集】【2G】,
16,【2D/合集】[愛上陸] 催·眠性指導 1-4 10本 (HD全汉化)【496MB】,
17,【3D全彩/无修】校园奴·隶契约第1部1-72(完)+第二部01-03+番外X2【532MB】,
18,【2D全彩/合集】不貞交.尾妻 1+2【真人化电影+漫画X3】【4.4G】,
19,【3D武侠/中文】剑仙落难：玉剑传说【0-13】+短篇+番外 中文版【重扣/剧情/仙侠】,
0,【2D全彩/合集】色X毕业照，为了心爱的女神，乱O吧【动画x6+无修漫画】【1.47G】,
1,【2D全彩/合集】“仲村レグラ”作品集【母系/非人】【127MB】,
2,【2D全彩/合集】外面的世界很危险 (男人衰退后)【动画x2+漫画】【867MB】,
3,【2D全彩】催.眠★复仇～被欺负的肥宅对辣妹和憧憬的学生会长疯狂XXOO【120MB】,
4,【3D全彩/无修】“Chunhwei”画师作品HD超清集 (4-8月合集)【140MB】,
5,【3D/中文】罪魇无惨1：催RU地狱+冷婷篇+2中文版【新作】【女警/制·服/各种丝·袜】,
6,【2D全彩/合集】清纯的女友，其实是别人银∮荡炮O【真人化电影+漫画】【4.9G】,
7,【2D全彩/无修/合集】”FGO同人“ 作品集【动画+漫画+图集】【700M】,
8,【3D全彩/无修】射雕密传定制 01-02(完)【完整版/同人】【258M】,
9,【2D/单行本】[板場広し] 妈妈跟妹妹都很实用【280MB】,
10,【3D全彩/无修】林氏母女01-03+赠品【221M】,
11,【2D全彩/合集】“色点屋”作品10本 最新合集【184MB】,
12,【2D全彩/合集】故人妻，夜不能寐【动画x2+漫画】【425MB】,
13,【2D同人/合集】国人画师GM蘑菇：精品同人作品合集【全步兵/精致】【500M】,
14,【2D合集/单行本】“しょむ”作品13本 合集【强O/拘束】【458MB】,
15,【2D全彩】回到家后，看见母亲手★银，推倒了之后不知不觉中.出【89MB】,
16,【2D全彩/合集】大欧派学姐的诱惑（君想ふ恋）【动画1-2+漫画】【359MB】,
17,【3D全彩/无修】如水银殤 00-06+起源+后記+其·他 22本【344MB】,
18,【2D全彩/合集】妻子变漂亮的理由 【动画1-2+图集】【281MB】,
19,【2D全彩/合集】那个小区的人★妻们 305室+502室【动画+漫画】【370MB】,
0,【3D全彩/无修】T大校花沉沦记 01-23+番外 共24话+魅魔01-02+其·他【208MB】,
1,【2D全彩/合集】“フリーハンド魂”作品41本【母★系】【446MB】,
2,【2D全彩】所有女人都僵尸化了，无视人∮权的饲养世界【60MB】,
3,【2D同人/合集】“ゲルピン (水無月十三)”作品51本【654MB】,
4,【2D全彩/合集】笨蛋妹妹只会XXOO【动画x4+图集】【580MB】,
5,【3D全彩/无修】被捕获的机器人少女+其·他【57MB】,
6,【2D全彩/无修合集】[愛上陸] 催★眠性∫指導【动画x2+漫画x9】【507MB】,
7,【3D同人/极品】ZTL-Saki大师：极品同人艺术作品大合集【超社保/精致】【1.2G】,
8,【2D/无修】[ぽんこっちゃん] 強制催★眠噴霧V2 步兵版【301MB】,
9,【2D全彩/无修/合集】我和妈妈与妻子+公司人妻XXOO 【动画x2+图集】【470MB】,
10,【2D全彩】忽视“我”存在的小镇……啊！【大后宫】【316MB】,
11,【3D全彩/合集】Bambina画师—女阴游戏（另类）【动画X11+图集】【1.1G】,
12,【2D全彩/合集】妻中蜜 (妻しぼり) 【动画x4+图集】【893MB】,
13,【2D全彩/无修/合集】相XXOO遊戯 (步兵版本)【动画x4+漫画】【1.18G】,
14,【2D全彩/合集】亡国公主-豚姫様 【动画+漫画】【265MB】,
15,【2D全彩】妈妈牌飞机杯1-3 (日常的に..)【129MB】,
16,【3D全彩/无修】荡O的妻子（小说改编）+赠品【147MB】,
17,【2D漫画】[灰司] 近女誘惑—母亲篇 01-02 {母·系}【112MB】,
18,【3D全彩/无修】iDOLLs 偶像人形 01-3.2【320MB】,
19,【2D同人/神级】qizhu大师：4K无敌神仙级作品10月更新+铃木美咲白丝嘿嘿赠品【1.2G】,
0,【2D全彩/合集】今晚，让母亲怀孕【动画x2+漫画】【418MB】,
1,【2D全彩/无修/合集】”不可告人的秘密“图集【80MB】,
2,【2D全彩/无修/合集】“Ass”大屁股-翘臀图集大合集整理【1.3G】,
3,【3D全彩/无修】奴隶契约之女神战士01-23+其·他【380MB】,
4,【2D同人/极品】Lexaiduer大师：极品同人作品3月-10月最新合集【珍藏/合集】,
5,【2D同人/全动态】韩国极品大师KIDMO：10月作品CG+动画 步兵版【新作/全CV】【1.83G】,
6,【2D全彩/合集】“織田non”作品65本合集【小马拉大车/强XO】【842MB】,
7,【2D全彩/无修/合集】护★士姐姐的H疗法【动画X2+漫画】【826MB】,
8,【2D全彩/合集】性.感叔母和风搔堂姐-酒`后乱O【动图+图集】【438MB】,
9,【3D全彩/无修】黑丝女骑士第1-2部 01-04【258MB】,
10,【欧美3D/汉化】完美秘书：Perfect Secretary【1-3季】汉化全集【步兵/超精致】【540M】,
11,【2D全彩/合集】“つぼや”作品24本【母·系/小马拉大车】【273MB】,
12,【2D全彩/合集】丰.满的人妻教练-特别训练【动画+漫画】【333MB】,
13,【2D全彩/合集】“Xenoms”作品13本【母·系/小马拉大车】【248MB】,
14,【2D全彩】[ノラ猫工房] 那样的事 1+2【92MB】,
15,【2D全彩/合集】催★眠女同学，全体意外怀.孕【动画x2+图集+动图】【1.4G】,
16,【2D全彩/合集】“多摩豪”作品12本最新合集（母·系）【242MB】,
17,【2D全彩/合集】我的妈妈与不.良少年烂交【动画x2+图集】【717MB】,
18,【3D全彩/无修】剑仙落难-玉剑传说 00-13+短篇+杂图（轻重扣）【137MB】,
19,【2.5D全彩/无修/合集】”Monaim“作品集 (201910月最新整合）【431MB】,
0,【2D全彩/同人/合集】“出席番号26 (にろ)” 作品73本合集【734MB】,
1,【2D全彩/合集】[Zenra(全果) QQ] 作品40本合集 {伪小可爱}【475MB】,
2,【2D全彩/无修/合集】“北北北砂”国产画师 (王者荣耀) 画集【10月最新】【468MB】,
3,【奇怪资源/珍稀/全动态】超逼真的极品娃娃实战嘿嘿【1-3部】HD大合集+视频集【2.8G】,
4,【2D全彩/无修/合集】与好友的妈妈偷偷XXOO【动画+漫画】【706MB】,
5,【2D全彩】[華フック] 胁迫妈妈-全員失格 01部(1-7完)+02部(二年後の再会)【565MB】,
6,【3D全彩/无修/合集】母亲的大屁股，在儿子胯.下疯狂耸动 {动画+漫画}【543MB】,
7,【3D全彩/无修】 继子的抉择 01-07 (完)【210MB】,
8,【2D全彩/合集】[ 虜ノ雫] 被囚禁凌O的少女们 【动画x2+图集】【796MB】,
9,【3D全彩/无修】黄蓉襄阳野史 1-10 （同人魔改）【257MB】,
10,【2D全彩/无修/合集】 ”特殊身上挂件，扩张“类画集【202MB】,
11,【3D全彩/无修】憑依薬 00-03（附身XO）【204MB】,
12,【2D全彩/无修/合集】Milftoon-母·子系列58部99本 {小马拉大车}【全汉化】【647MB】,
13,【3D全彩/无修】[AA大魔王]制服诱惑-空姐篇【60MB】,
14,【3D全彩/无修】魔法戦士凌★辱シリーズ 01-07【120MB】,
15,【2D全彩/无修】扩张学院1-2 Gaping School【101MB】,
16,【3D全彩/无修】帝國的毀滅 01-07【636MB】,
17,【2D全彩/无修/合集】“jellytits”作品1-26 (10月最新更新整合)【1.17G】,
18,【3D全彩/无修】新罪恶之城 01-02【51MB】,
19,【3D全彩/无修】沒有名字的漫 01-07 (完)【108MB】,
0,【2D全彩/无修/合集】熟透了的风★搔阿姨【动画+漫画】【816MB】,
1,【3D全彩/无修/合集】“Honeyselect”P站画集合集 {唯美}【359MB】,
2,【LOL/魔改】英雄联盟LOL-超高清原画级别去衣集+同人集 [步兵]【更新+补档】【900M】,
3,【3D全彩/无修】冷婷外传 8部 (完整)+小說+其他【103MB】,
4,【3D全彩/无修/合集】“母★子交.欢-精致唯美” 作品8本【125MB】,
5,【3D全彩/无修/合集】母子与双胞胎儿子 {动画+画集}【413MB】,
6,【2D全彩】新妈妈是俄罗斯人！？【80MB】,
7,【2D全彩/合集】后妈交★欢至失控“放課後Initiation”【动画x2+漫画(全)】【433MB】,
8,【3D同人/极品】神级画师-Gachidom-2019年最新合集—超精美珍藏版【210M】,
9,【3D全彩/无修】妈妈的XXOO教育1-2【98MB】,
10,【2D全彩】姐姐被弟弟每天当肉便.器侵饭【300MB】,
11,【3D全彩/无修】捡-尸+死體回收01-03+食魂 01-3.5（轻重扣）【126MB】,
12,【3D同人/超精美】JARED999D：奴隶精灵ELF SLAVE 全集版！【新作】【1080HD/全步兵】,
13,【2D全彩/合集】小弟弟与魔物娘大战【动画x3+漫画】【909MB】,
14,【3D全彩/无修】孕★妇女警的末日00-05(完)+番外+短篇【138MB】,
15,【2D同人/合集】“STANKY (yozo)”作品16本合集【239MB】,
16,【3D全彩/无修】弱肉強食 第1-2季+番外 1-3+武斗大会-战果公布【267MB】,
17,【2D全彩/合集】放課後の優等生【动画x3+漫画(全)】【728MB】,
18,【2D同人/极品】Zeronis：极品画风作品合集+枝垂萤黑丝赠品1080HD版【绝赞】【3G】,
19,【3D全彩/无修】奇怪家庭 01-15+SP（关系复杂/常识扭曲）【195MB】,
0,【2D全彩/合集】性★活週間 【动画1-2+漫画(全)】{母·系乱O}【532MB】,
1,【3D全彩/无修】[青羽] 女搜查官凌.褥【92MB】,
2,【2D全彩/合集】女骑士堕★落为肉便.器实录 【动画x2+画集】【528MB】,
3,【3D/超精美】Oreo大师4K级神作：无限哥布林3 完全版+番外集【新作】【2048HD/步兵】,
4,【2D全彩】神奇的催眠魔法 - 魔法のマ【194MB】,
5,【2D/同人/合集】“MAIDOLL (飛燕)”作品62部+CG包【1.1G】,
6,【2D全彩/无修】黑岩 Strength and (全)【93MB】,
7,【3D全彩/无修/合集】“H塞尔达公主”【动画x2+画集】【975MB】,
8,【2D全彩/无修/合集】“闷★骚女孩自玩”系列画集x5合集【375MB】,
9,【2D/合集/单行本】“丸居まる”作品25本 {M系}【903MB】,
10,【2D/合集/单行本】“梵人 (オジィ)”作品17本合集 {母·系}【291MB】,
11,【2D全彩/韩漫】乾爹我還要 01-24 (完)【179MB】,
12,【3D全彩/无修】天降星之書 01-04 (完整版)【525MB】,
13,【3D全彩/合集】高仓秀子的直播公开爱★爱 【动画+图集】【987MB】,
14,【2D全彩/合集】“孤独intelligence (ななお)”作品52本+画集【859MB】,
15,【3D全彩/无修】斩！赤红之瞳 [完整版]（重扣）【117MB】,
16,【2D全彩/合集】“南田U助”作品7本合集 {小马拉大车}【212MB】,
17,【2D全彩/合集】痴女医葵-5部合集【81MB】,
18,【3D全彩/无修】我和艳★魔的契约 01-08[完整版]+莉莉丝路线【225MB】,
19,【3D全彩/无修】共享妻★子 2季 (9.28最新)+(旧1~2季)【661MB】,
0,【2D/合集/单行本】[師走の翁] 全果修学旅行【动画x3+漫画无修版[全]】【1.35G】,
1,【2D/合集/单行本】“智弘カイ”作品27本合集【678MB】,
2,"【2D全彩/合集】最,爱的妈妈 1+2 【动画x2+漫画】【363MB】",
3,【2D全彩】被黑人留学生寝取的人★妻~前篇+后篇汉化版【103MB】,
4,【3D同人/中文】极品同人：天使の女神【1季-3季全】完结中文版【共40章】【2.45G】,
5,【2D佳作/汉化】赎罪营：【1-74全】正传+外传 中文完结版【长篇/韩漫】【352M】,
6,【2D全彩】美少女的下流运动会 - スポハメ【169MB】,
7,【3D全彩/无修】[WeiJZ]人★妻系列 01-03【149MB】,
8,【2D全彩/合集】博人传同人H-CG最新合集【182MB】,
9,【2D全彩/合集】[ななお] 3-Piece ～Swimsuit～ (1-4) 【动画x2+漫画(全)】【660MB】,
10,【3D全彩/无修】人間便.器 & 尸鬼 1-2【60MB】,
11,【2D全彩/合集】爸爸上班后，母·子日常XO，三年怀孕 【动画x2+漫画】【882MB】,
12,【3D全彩/无修】猎妖杀手01-15+特別篇1-3+女主设定图+短篇 21本【501MB】,
13,【3D全彩/无修】少女露★出游戏 01-02【91MB】,
14,【2D全彩/合集】黒野タイツ 2019.09.26 29部 {母·系}【207MB】,
15,【3D全彩/无修】LanasyKroft 219.09 整合5本【112MB】,
16,【2D全彩/合集】与妈妈从新干线玩到温泉-母を孕ま【动画x2+漫画(全)】【798MB】,
17,【2D全彩】妈妈教你玩游戏 - ママがい【239MB】,
18,【2D全彩/合集】离.婚后的母亲与儿子的性生活【动画x2+漫画(全)】【638MB】,
19,【3D全彩/无修】恶石惊涛01-04+女警末路01-06(完)【322MB】,
0,【2D同人/极品】Fare可爱汪：王者荣耀19年全系列エロ作品合集+社保抖奶舞赠品【850M】,
1,【2D全彩/合集】 巨汝魅魔与小.弟弟的H仪式【动画x4+图集+动图】【913MB】,
2,【2D全彩/韩漫】[Mx2J] 女宿舍管理员00-32(完)【230MB】,
3,【2D全彩/合集】与女仆妈妈XXOO，供大小姐观摩-地味めな【动画+图集】【1.5G】,
4,【3D全彩/无修】我的妻.子是公交车01-03(完)【116MB】,
5,【2D全彩/无修/同人】国人画师 Rosaline-画集 {碧蓝航线/FGO}【229MB】,
6,【2D全彩】让人气愤的妹妹必须要被惩罚①～⑩（搞笑）【135MB】,
7,【2D全彩】趁着爸妈出门的时候，姐弟在沙发上疯-狂XXOO【79MB】,
8,【2D全彩/同人】[Armadillo] 让无课司令买戒指给我的最终手段 1-5【122MB】,
9,【2D全彩/合集】回到过去XO女同学和她妈妈【动画x2+漫画(完)】【1.7G】,
10,【2D全彩/合集】超银.姐夺我童贞【动画x2+漫画(完)】【443M】,
11,【3D全彩/无修】iDOLLs 偶像人形 01-2.4.1+其·他【257MB】,
12,【2D全彩】不起眼的我把现充的女友睡服了【217M】,
13,【2D全彩/合集】与妹妹隔墙XXOO 【动画x2+漫画(完)】 【624MB】,
14,【2D全彩/合集】欢迎光临 水龙敬湿乐园 【动画x2+漫画(全)】 【689MB】,
15,【3D全彩/无修】深渊的凝望 01-19+其·他【538MB】,
16,【3D全彩/无修】神奇女侠的悲惨结局【85MB】,
17,【3D全彩/无修】“真”热舞与性感小姐姐 [动画+图集+GIF]【394MB】,
18,【3D全彩/无修】醉★酒女孩与流浪汗【57MB】,
19,【2D全彩/无修】“Zeronis”动漫游戏同人画集【9月最新整合】【346MB】,
0,【3D全彩/无修】实验稿 莎莎の秘密婚前性·事【103MB】,
1,【2D同人/极品】Limgae：4K艺术作品大合集+白丝连裤袜洛丽塔捆绑赠品【超社保/880M】,
2,【3D全彩/无修】欲望の回廊-合集+GIF {小马拉大车系列}【189MB】,
3,【3D全彩/无修】豬木寬一的幸福生活 01-03【137MB】,
4,【3D全彩/无修】血色帝国 01-08+番外+短篇[完整版]（轻重扣）【309MB】,
5,【3D全彩/无修】连环杀.O事件 01-02(完)【65MB】,
6,【3D同人/超精美】JARED999D：食魔者的败北！+字幕版【新作】【1080HD/全步兵】,
7,【3D全彩/无修/合集】“Amusteven” 全汉化作品28本（隐藏+支线故事）【291MB】,
8,【3D全彩/无修】Ashe_Story（英雄联盟-冰女）【77MB】,
9,【2D全彩/同人】说XO就XO的日常-完整版 - ある日突然シ【87MB】,
10,【3D全彩/无修】恋母 00-03（小马拉大车）【247MB】,
11,【3D全彩/无修】叶枫传 1季1-17(完)+2季1-7【536MB】,
12,【3D全彩/无修】武侠玲珑双剑 {古装}【57MB】,
13,【2D全彩/同人】母性★愛的搾.精生奉仕1+2+CG包【193MB】,
14,【3D全彩/无修】我在黄油当“爸爸” 1+2【359MB】,
15,【3D全彩/无修】罪魘-女警无惨之冷婷和苏茜【70MB】,
16,【2D全彩】我的银.乱姐姐们 - 姉ビッチはぁれむ!【199MB】,
17,【2D漫画/合集】虚假的寝取 1-27[全]+动画版x2【454MB】,
18,【2D全彩】欠的房租用身体来还（母·女）【115MB】,
19,【2D同人/合集】からきし傭兵団 真雅(砂原渉) 25本 2019.09整合（火影同人）【519MB】,
0,【2D漫画/合集】“三杯酢”作品28本 {母·系}【225MB】,
1,【2D全彩/合集】催晴手机应用 1-4 催眠アプリ【176MB】,
2,【2D全彩】家内蹂躙-千切られ妻【60MB】,
3,【3D全彩/无修】杀·手之前夜黎明 1-2【80MB】,
4,【2D全彩/同人/无修】 “北北北砂”国产画师（王者荣耀同人）画集整合【216MB】,
5,【3D全彩/无修】绝色之战+短篇X2品【76MB】,
6,【2D漫画/合集】[青豆腐] 豊穣の隷属エルフ 01-06+番外 HD7本全汉化【342MB】,
7,【3D全彩/无修】 “Art Pack”最新作品合集【281MB】,
8,【3D全彩/无修】更·衣間的故事+赠品【78MB】,
9,【2D全彩】母亲和姐妹快乐堕·落！跟哥哥的强制中出性生★活！【230MB】,
10,【3D全彩/无修】收藏家 01+eifrost 作品合集【114MB】,
11,【2D全彩/同人】与同伴越过界线的书～碧蓝幻想篇1-3(完)【217MB】,
12,【3D全彩/无修】沒有名字的漫 01-05【117MB】,
13,【2D极品/汉化】僵尸生活作者：妈妈是银乱空姐完整版+画集+番外11部合集【超社保画风】,
14,【3D全彩/无修/国产大作】兽欲の末途 1-23 & 见面会【1.44G】,
15,【2D漫画】盲眼小姐姐与肥宅快乐的H游戏 - 早見さん【125MB】,
16,【3D全彩/无修】暗影游侠-第一部(全)+第二部 01-06 【855MB】,
17,【2D漫画】 [三色坊(黑青郎君)] 百華荘01-04（搞笑与H兼备）【151MB】,
18,【2D佳作/汉化】静止的15分钟【1-35】完结中文版【时间停止/各种丝·袜】【209M】,
19,【2D同人/极品】Demiroid：艺术同人作品集+肉丝裤袜双马尾洛利捆绑條教赠品！【600M】,
0,【3D同人/中文】退休魔法少女的日常 最新中文版【白丝】+大尺·度趣味访谈【500M】,
1,【2D全彩/同人/合集】“Free Style”作品19本（母·系/小马拉大车）【621MB】,
2,【3D全彩/无修】催-眠 母親1-4 +礼物 (皮物）【104MB】,
3,【2D同人/珍稀】海贼王同人エロ大合集+价值千元的极品双马尾洛利嘿嘿赠品！【3.3G】,
4,【2D全彩/单行本/合集】俺得修学旅行～男は女装した俺だけ!! 第01-29話(完)【363MB】,
5,【2D全彩】喜欢和儿子XXOO的母亲，你喜欢吗？-10年ぶりセックス【59MB】,
6,【2D漫画】 偷吃的妻.子-妻に黙 1-3（完）【208MB】,
7,【3D全彩/无修】美少女魔法戦士凌-辱 01-05【71MB】,
8,【2D全彩/动态】我那欲拒还迎的银.乱母- -ママ友の息子達の【168MB】,
9,【2D/单行本/合集】 “青豆腐 (ねろましん)”作品36本（轻重扣）【438MB】,
10,【2D全彩】催-眠性.教育 (完)+赠品【105MB】,
11,【2D全彩/无修】满脸厌恶的露出胖次+魔改同人去衣 【108MB】,
12,【2D全彩】巨RU女-教师的课后补习 (超银.乱) 【83MB】,
13,【3D全彩/无修】[WeiJZ]人妻系列+偷.窺【198MB】,
14,【2D同人/全网收集/汉化】哆啦H梦：超毁童年33部作品大合集！【超稀有/无敌】【300M】,
15,【2D/单行本/合集】ゆきよし真水 25本 2019.09整合【479MB】,
16,【2D漫画】催★眠肉人形-巨RU女上司 1-2【118MB】,
17,【3D全彩/无修/合集】原力计划01-10+番外篇1-11+短篇1-8 （凹凸曼）【540MB】,
18,【2D/单行本】发晴期的银.荡母 - 熟れた躰の発情期【234MB】,
19,【2D全彩】モンスター昌館1-3（轻重扣）【272MB】,
0,【3D同人/超精美】JARED999D：齐B小短裙和拉珠直播女孩！【新作】【1080HD/全步兵】,
1,【2D全彩】双子外甥孝敬小阿姨 - 双子の甥 【106MB】,
2,【3D全彩/无修】继子的抉择 01-06【180MB】,
3,【3D全彩/无修】A-V大明星01-4.9+减刑+其·他【79MB】,
4,【2D同人/极品】PlusOut【捆绑+丝·袜】艺术作品合集+白丝双马尾捆绑【社保】【700M】,
5,【2D全彩/同人/合集】 “海贼王”H同人画集（详细分类整理）【1.55G】,
6,【2D全彩/无修】Artist-YICHIMO 同人作品合集【62MB】,
7,【2D全彩】能把眼前女寝取掉的国家战略特区所执行的中出配种义务化法案【259MB】,
8,【2D全彩/无修】被邻居小孩搔扰的甄姬姐姐+赠品【113MB】,
9,【2D全彩/无修/合集】“lexus(artist)”P站（动漫同人）画集【215MB】,
10,【3D全彩/无修】孕妇女警的末日00-04【104MB】,
11,【3D全彩/无修】沒有名字的漫 01-04【74MB】,
12,【3D全彩/无修】襄阳回忆录 01-09+黄蓉秘传+续篇+女侠野史+小说 [完整版]【529MB】,
13,【2D同人/神级】qizhu大师：4K无敌神仙级作品合集+云宝宝肉丝护士嘿嘿赠品！【500M】,
14,【3D全彩/无修】罪魇冷婷外传-特警风云篇+方晴篇【330MB】,
15,【3D全彩/无修】上-了醉酒的小.姨（完）+赠品【96MB】,
16,【2D全彩/无修】“BadApple”画师重扣脱出画集【167MB】,
17,【3D全彩/无修】侵蚀者 01-06【211MB】,
18,【2D全彩】银Y赤絨毯 01-09+赠品【117MB】,
19,【2D全彩/合集】“十六夜のキキ”作品21本 {母·系}【205MB】,
0,【2D全彩/无修】龟★头成长记01-06 [完]【53MB】,
1,【2D全彩】安慰母女-町工厂的员工们把母女变成母.狗【63MB】,
2,【2D/单行本/合集】“チキコ”作品16本 {轻重扣/人不如狗系列}【324MB】,
3,【2D全彩/同人】色.鬼岛★巨RU鬼娘与孩子交战! 完整汉化版（桃太郎）【184MB】,
4,【2D/合集】直到夏天结束1-5 [完结]【184MB】,
5,【3D全彩/无修】丝情袜意 01-02【113MB】,
6,【3D全彩/无修】“Drist7x”画师作品 {小马拉大车}+赠品X3【109MB】,
7,【3D全彩/无修】学园封魔录 第1-4.2章+补设定集 10本【162MB】,
8,【2D/单行本】[仁志田メガネ] 人-妻上司是cosplay奴隶【163MB】,
9,【3D全彩/无修】HS露.出少女日记 01-06【203MB】,
10,【2D/单行本/合集】[飛龍乱] 作品十四本全中文单行本合集 {母·系}【351MB】,
11,【3D全彩/无修】猎罪之花的陨落 01-02【381MB】,
12,【3D全彩/无修】公主与哥布林01-07(完)+新篇-咕叽（重扣）【178MB】,
13,【3D全彩/无修】打个猪头01-10+短篇（凹凸曼）【307MB】,
14,【2D同人/珍稀】三国杀：全女将去衣作品大合集！【全步兵】【高质量魔改】【350M】,
15,【2D/同人/合集】魔法(熟-女)少女1-19+总集編【117MB】,
16,【3D全彩/无修】齐B-短裙与拉珠“JARED999D-MESSAGE”【117MB】,
17,【3D全彩/无修】卢莹莹乱O日志+人物介绍【113MB】,
18,【3D全彩/无修】灵祭2019+小说+其.他【91MB】,
19,【2D同人/大合集】 “火影忍者”最全H版108本+[附同人动画X22]【1.84G】,
0,【2D/单行本/合集】“武田弘光 (真珠貝)”作品48本 【814MB】,
1,【3D全彩/无修】毒 00-03+(完)+人物介绍动画 【299MB】,
2,【2D全彩】 魔鬼终结者-屁.股之战 +赠品X2【97MB】,
3,【3D全彩/无修】冰峰魔·恋-折.翼天使00-11[正式版]【182MB】,
4,【2D/单行本/合集】“児妻”作品10本 {母·系/小马拉大车系列}【377MB】,
5,【2D全彩】我的银.乱家族x2 - 僕の家族【179MB】,
6,【3D全彩/无修】诛仙外传之玉女蒙尘第1-2章1-4+旧版V2【175MB】,
7,【2D全彩/同人/合集】対魔忍银·乱蟲苗床化【62MB】,
8,【2D全彩/合集】 妈妈与我的同学与我“ごまどうふ”作品x3【69MB】,
9,【3D全彩/无修】最爱上班 01-28（这跟上班有一分钱关系吗？）【503MB】,
10,【3D全彩/无修】 [Y3DF] THE TAN 01-08 V2【272MB】,
11,【2D/合集】魔物娘(奶牛)牧场 01-04 [小马拉大车]【192MB】,
12,【3D全彩/无修】人渣境界 第1-2季6篇+番外4篇【282MB】,
13,【2D全彩/无修】国产画师—柳钢蛋作品合集 2019.08.25【80MB】,
14,【2D全彩】与妈妈20年乱O史 - 母さんと俺の20年史+赠品【78MB】,
15,【3D全彩/无修】火影忍者-失踪的水影照美冥01-02+番外【67MB】,
16,【3D全彩/无修】爱丽丝银游 - 不思议の国+赠品【106MB】,
17,【3D全彩/无修】学院迷·晴 01-07(完)【147MB】,
18,【2D/同人/合集】“もっちー王国 (もっちー)”作品41本【316MB】,
19,【3D全彩/无修】异族入侵-哥布林+短篇X10+其·他【127MB】,
0,【2D全彩】银乱巨RU空姐 - IN AIR【103MB】,
1,【3D全彩/无修】异乡陌客 01-03【123MB】,
2,【3D全彩/无修】屁·股先锋 “宋哈娜” H图集【202MB】,
3,【3D同人/动态】穿越火线CF：超稀有3D同人作品合集+福利姬赠品【HD超高分辨】【1.4G】,
4,【3D全彩/无修】eifrost 国产画师作品合集 2019.08.23【100MB】,
5,【3D全彩/无修】臥底 01-02（完）【54MB】,
6,【2D全彩/合集】“はらぺこ定食”作品10篇【185MB】,
7,【2D全彩/无修/合集】妈妈是银.乱空姐-系列7部 “(Milf Airline)”【121MB】,
8,【3D全彩/无修】克-隆的妈妈 01-02+其.他【225MB】,
9,【2D全彩】监禁（轻重扣）+赠品【74MB】,
10,【2D同人/极品】Axsens大师：4K级别同人作品大合集+铃木美咲赠品【全步兵】【1.8G】,
11,【2D漫画/合集】近女誘惑系列作品11本（全汉化）【284MB】,
12,【3D全彩/无修】罪魇 第01-7.2+外传00-02V3+小说【506MB】,
13,【3D全彩/无修】孕-妇女警的末日00-02【54MB】,
14,【3D全彩/无修】人.妻银记 01-43+其·他【520MB】,
15,【2D全彩/同人】“Selene”作品2本+赠品【58MB】,
16,【2D全彩】“ごまどうふ”作品x2(妈妈与我同学XXOO+清洁阿姨)【58MB】,
17,【3D全彩/无修】神雕仙侣 01-09V2+其·他[完整版]【246MB】,
18,【2D全彩】催-眠App～渐渐变成色.晴的女人～【119MB】,
19,【3D全彩/无修】琴香的日常1-3+其·他【71MB】,
0,【2D全彩】精灵和人类文化交流!~斯提拉篇+赠品【127MB】,
1,【2D全彩/韩漫】新生银·乱日记 01-61(完)【JPG版+PDF版】【583MB】,
2,【2D全彩】 妈妈是银-乱空姐 - Milf Airline【80MB】,
3,【2D全彩】母亲交换+赠品【79MB】,
4,【3D全彩/无修】催★眠眼睛 01-03【113MB】,
5,【2D全彩/同人】THE BOOK OF SAKURA 1-3+赠品X3【77MB】,
6,【2D/同人/合集】“MTSP (Jin)”作品27部【406MB】,
7,【3D全彩/无修】CLUB EDEN 牝犬姊妹+女警末路【210MB】,
8,【3D全彩/无修】maxsmeagol CG画册合集2019.8.18【114MB】,
9,【3D全彩/无修】火影忍者-木葉村的女人們1-7+短篇V2【126MB】,
10,【2D/同人/合集】“母★子负距离接触”汉化作品15本【462MB】,
11,【2D/合集】胤盛家ノ家庭事情1-4（小马拉大车）【175MB】,
12,【3D全彩/无修】女神的堕·落 01-02+短篇6部+其·他【332MB】,
13,【3D全彩/无修】DOLLs 偶像人形 1-2.1【125MB】,
14,【3D同人/极品】RRR大师：4K极品艺术3D作品全集+鱼丸粗面[黑丝+白丝]赠品！【超精美】,
15,【2D同人/动态CG/中文】韩国极品大师KIDMO：最全同人作品合集【更新至19年8月】【1.17G】,
16,【2D全彩】婚-外恋旅行～妻.子XXOO的记录【59MB】,
17,【3D全彩/无修】度假海岛受难记（完）【143MB】,
18,【3D全彩/无修】魔域人间01-09【479MB】,
19,【2D全彩/合集】[ようかい玉の輿 (CHIRO)] 人.妻（催·眠）NTR 中文4部曲【349MB】,
0,【2D全彩/合集】[BLACK SMILE] 催-眠アプリver.666 01-03【249MB】,
1,【2D全彩】好友妈妈的呼唤 - 友ママを呼び捨【50MB】,
2,【奇怪资源/超神奇】火影P站图集+B站舞蹈区UP主街头神奇宅舞事件！【活见久】【1.2G】,
3,【2D全彩】把精O交给辣妹碧.池妈妈吧！【85MB】,
4,【2D/单行本/合集】[アガタ] 作品合集全汉化8本 [母·系/小马拉大车]【971MB】,
5,【3D全彩/无修】缇娜小姐的丝-袜游戏（完）【73MB】,
6,【3D全彩/无修】徐有贞接·客+其.他【122MB】,
7,【3D同人/中文】夜市之家有小鬼【1-3全】中文版【女·教师/丝-袜美.腿】【全步兵/高分辨】,
8,【2D/合集/同人】 “JACK-POT (じゅら)”作品45本【282MB】,
9,【2D全彩】 モンスター娼·館1+2（轻列奇）【132MB】,
10,【2D全彩/合集/同人】“けんじゃたいむ (MANA)”全汉化本x7【316MB】,
11,【3D全彩/无修】月清系列 01-03【165MB】,
12,【3D全彩/无修】猫眼+猫眼·改 01-23【355MB】,
13,【2D全彩】欢迎来到度假村~能和女孩子尽情畅游的梦之岛~【57MB】,
14,【3D全彩/无修】Kunoich 女忍第1-4季 01-05【179MB】,
15,【3D全彩/无修】我的黑丝女儿雪糸 01-03 (完)【315MB】,
16,【2D无修/单行本/合集】“さんじゅうろう”{三重奏} 作品10本【587MB】,
17,【2D全彩/合集/轻重扣】“alansmithee”汉化作品6部-附游戏【758MB】,
18,【2.5D全彩/无修】韩国画师-Jagercoke 图包合集【113MB】,
19,【2D/合集/单行本】穿越异世界X4+其·他X2（全汉化）【540MB】,
0,【2D/单行本/合集】“油照紙 (ボボボ)”作品28本【710MB】,
1,【3D全彩/无修】咕叽 咕叽 啪了 啪了+赠品【93MB】,
2,【2D全彩/合集】“るまん堂”哥哥夫·妇的女儿-昏睡X-等作品3部【553MB】,
3,【3D全彩/无修】Suden Invasion（突然来袭）【68MB】,
4,【3D全彩/无修】继子的抉择 01-05【151MB】,
5,【3D同人/中文】女·犯之死：1季（完）+2季1-14中文版+番外【重扣古风】【8月最新/623M】,
6,【3D全彩/无修】疯狂的爱丽丝 01-06（完）【172MB】,
7,【3D全彩/无修】女捜査官監I禁調-教録 01-09【70MB】,
8,【3D全彩/无修/合集】“MILF”淑女系列7部 (1988)【269MB】,
9,【3D同人/极品】ぽんえり大师：超精美3D同人作品合集+押尾猫尾巴RBQ丝·袜嘿嘿赠品！【300M】,
10,【2D全彩/无修/合集】口袋妖怪同人合集+短视频X6【256MB】,
11,【2D/无修/合集】熊掌社同人十本作品全汉化【121MB】,
12,【全网收集/超稀有】300部！全彩中文-无删减无修韩漫终极合集！【史诗级良心】【120G】,
13,【2D全彩/无修】五等分の妊娠+SP+赠品（同人/七夕）【119MB】,
14,【3D全彩/无修】妖谈 赤色鬼篇 01-03 + 青烟鬼篇 01【94MB】,
15,【2D同人/极品】Lexaiduer大师：极品同人作品合集+琳琳白丝裤袜女仆赠品【珍藏/2.3G】,
16,【3D全彩/无修】如水银-殇 0-6+番外 + 秀妍的主人 1-6+其·他【411MB】,
17,【3D全彩/无修】异能 01-07【105MB】,
18,【3D全彩/无修】 妈妈的帮助 01-04+赠品【127MB】,
19,【2D全彩/合集】”ジュースボックス工場“作品6篇（我的英雄学院同人）【150MB】,
0,【2D全彩/单行本】[江森うき] 美母相-O（小马拉大车）【220MB】,
1,【2D全彩】超催-眠 1-2+赠品X3【119MB】,
2,【3D全彩/无修】奴·隶王 01-11 (完)【235MB】,
3,【2D全彩】Melt Mellow Ch.1-12+赠品【144MB】,
4,【3D全彩/无修】欲·望森林新 第一季 01-06 (完）+第二季 01-17【1.49G】,
5,【2D全彩/合集】“はらぺこ定食”作品8篇 [母·系]【158MB】,
6,【2D全彩/合集】看着姐姐被不-良轮·O+附动画【1.38G】,
7,【3D全彩/无修】eifrost 国产画师作品合集 19.08.03【120MB】,
8,【3D全彩/无修】[AA大魔王]新婚妻-子与卖菜老·板 01-08【218MB】,
9,【3D全彩/无修】特工黑凤1-7+赵婉芝的身·体改造+番外1-2【120MB】,
10,【3D全彩/无修】蜀汉·风俗店+百合风俗店+人物介绍 [完整版]【187MB】,
11,【3D全彩/无修】冰峰魔·I恋—折翼/天使 00-07【117MB】,
12,【3D全彩/无修】愛·I欲濕夜 (完)+赠品【124MB】,
13,【2D全彩/同人/合集】蜡笔小新1-17附CG集x2+洛克人+阿拉蕾【毁童年】【287MB】,
14,【2D全彩/同人/合集】“宫崎骏”作品H同人集【毁童年】【243MB】,
15,【2D全彩】[ACTIVA] 在校内就是要“坦坦荡荡”01-02 (完）【94MB】,
16,【2D漫画/单行本】母·子XXOO大会（小马拉大车）【196MB】,
17,【2D全彩/无修】[宇宙]DvsN 01-02+Gaping Schoo+动画【同人/轻列奇】【526MB】,
18,【2D全彩】亲爱的阿姨被不I良催+眠，在我眼前变成RBQ的日子【137MB】,
19,【3D全彩/无修】猎妖杀手01-15+特別篇1-2+女主设定图 18本【340MB】,
0,【3D全彩/无修】iDOLLs 偶像人形 1-1.3【64MB】,
1,【3D全彩/同人】征服美-艳的护·士妈妈漫画1-6集+动画版+TXT小说【极品合集】【700M】,
2,【3D全彩/无修】天鵝湖 第1-2季 01-14+人物设定（大制作）【499MB】,
3,【3D全彩/无修】佐伯常务的罪赎+快乐周末 01-04+其·他【55MB】,
4,【3D全彩/无修】SG校园篇01-03+其·他（重扣）【236MB】,
5,【2D同人】TRKY大师：舰娘黑丝美臀作品合集+某极品黑丝Coser小姐姐兼-职赠品【300M】,
6,【3D全彩/无修】非常关系 01-12+番外篇【518MB】,
7,【2D全彩】好友的妈妈 (雪乃阿姨) 超银+荡【95MB】,
8,【3D全彩/无修】 绝望的霞+赠品【143MB】,
9,【2D全彩/无修】小飛俠 1-4（小马拉大车）【122MB】,
10,【2D全彩】妈妈是我的母·+狗+玩具+赠品【163MB】,
11,【2D全彩/合集】“まぐろ珈琲”作品10本 [母-系]【386MB】,
12,【3D全彩/无修/合集】“XAQQ”最新作品集+GIF动图【250MB】,
13,【3D全彩/无修】魔域人间 01-06【398MB】,
14,【3D全彩/无修】妈妈成了黑-人的XING奴·隶【105MB】,
15,【3D全彩/无修】 妈妈的帮助 1-2(Mom's Help)+赠品【72MB】,
16,【3D全彩/无修】年轻的母亲（完结）【123MB】,
17,【3D全彩/无修】退休魔法少女的日常01-02+其他【59MB】,
18,【3D全彩/无修/国产大制作】我的金城第1+2季+其他+动画【1.1G】,
19,【3D全彩/无修】诛仙外传之玉女蒙尘 01-08+旧版V2【78MB】,
0,【3D全彩/无修】宫变+空姐的最后一站+旧作整合【列奇】【194MB】,
1,【3D全彩/无修】A-V大明星01-04+减刑+其·他（不知火舞）【64MB】,
2,【3D全彩/无修】阿卡丽的粉丝见面会+其·他【86MB】,
3,【3D全彩/无修】惊喜果果 新00-03+番外篇+特別篇（重扣）【209MB】,
4,【2D全彩/同人/合集】16本全彩英雄联盟（LOL）【106MB】,
5,【2D全彩/无修】我的妈妈-·大家上 1-6+赠品【143MB】,
6,【3D全彩/无修】猎罪之花的陨落01-1.5【273MB】,
7,【2D全彩/无修/合集】 “篠塚裕志”作品13本(19725)【257MB】,
8,【2D全彩】被前男友調-+教成抖`M母豬的妻子的NTR告白【106MB】,
9,【2D/同人】ONE-HURRICANE 01-07+外篇3.5【一拳超人/神还原】【278MB】,
10,【3D同人/中文】警花无惨！【1-21】章 中文版【制服丝·袜/都市犯·罪/碉堡剧情】【1.7G】,
11,【2D/单行本/合集】[母·系/家族乱-O] “まぐろ帝國”作品34本【1.23G】,
12,【3D全彩/无修】[AA大魔王]新婚妻-子与卖菜老·板 01-07【184MB】,
13,【3D全彩/无修】学园封魔录 第1-4章+补设定集【148MB】,
14,【3D全彩/无修】诡校 01-2.5 共4話（轻重扣）【191MB】,
15,【3D全彩/无修】冰峰魔·恋—折翼/天使+赠品【62MB】,
16,【3D全彩/无修】表·子学院 01-35+番外1-3(完)【548MB】,
17,【3D全彩/无修】 “ΚakiharaD”作品11本（小马拉大车）【198MB】,
18,【2D全彩/同人】 DANGAN BALL 完全妄想版 01-04（七龙珠）【88MB】,
19,【2D全彩/同人】色·鬼岛巨RU鬼娘与孩子交战! P1-3（桃太郎）【42MB】,
0,【2D/单行本/合集】 “秋草ぺぺろん”作品19本【363MB】,
1,【2D/单行本/合集】“とんのすけ”作品7本【357MB】,
2,【2D全彩/合集】与男朋友的承诺+我的崩坏1~6【95MB】,
3,【2D全彩】对混混妈妈施以惩罚【70MB】,
4,【2D全彩/无修/同人】terufuu 作品合集（神奇宝贝）【139MB】,
5,【2D全彩】痴-+女姐姐四处发·晴【111MB】,
6,【2D全彩/合集】 “同人昔話”作品8本【93MB】,
7,【3D全彩/无修】入替皮杖后传 01-02【73MB】,
8,【3D全彩/无修】黑丝女骑士 01-05+短篇X9+其`他 14本【227MB】,
9,【2D/单行本/合集】[shu·女]“四島由紀夫”单行本作品8本【704MB】,
10,【3D全彩/无修/合集】DECI系列21部 2019.07整合【464MB】,
11,【3D全彩/无修】罪魇 第01-07上+外传00-02V3+小说 10话【383MB】,
12,【2D全彩/无修/合集】[Milftoon]down south 01-03+派对系列3部(完)+弹力超人【169MB】,
13,【3D全彩/无修】神雕仙侣 01-05[完整板]+其·他【268MB】,
14,【3D全彩/无修】警花无·惨 01-16【700MB】,
15,【3D全彩/无修/合集】UIAFOX 13部全汉化 2019.07最新整合【229MB】,
16,【3D全彩/无修】“控制熟-·女”1-13+结局x2+支线x3+动画X6【1.1G】,
17,【3D全彩/无修】小安母·子的度假游+老乞丐的yan遇【63MB】,
18,【2D全彩/无修/合集】Colldg欧美汉化 9本全汉化（重扣）【118MB】,
19,【3D全彩/无修】魔法天使的丝·袜事01-08(完)+SP1-3【243MB】,
0,【3D全彩/无修】最后的纪念物 1-3 [完]【219MB】,
1,【3D全彩/无修】魔法少女 文乃01-13+支线1-3(完)【210MB】,
2,【3D全彩/无修】美少-妇战士 01-06【356MB】,
3,【3D全彩/无修】活蒸赵雨璐 01-03+番外篇 -母`女锅[完整版]【366MB】,
4,【3D全彩/无修】人·妻YIN记 01-35+番外【417MB】,
5,【3D全彩/无修】诅咒学园の爱丽丝 01-03【44MB】,
6,【3D全彩/无修】久美子母·女的快乐周末 1-4(完)【103MB】,
7,【2D/合集】“蕎麦部 (らっそん)”作品13本【161MB】,
8,【3D全彩/无修】魔域人间 01-05【255MB】,
9,【2D全彩】妈妈牌飞机·杯1+2(妈妈的日常生活)+赠品【84MB】,
10,【3D全彩/无修】偷·-窥(全)+赠品X2【173MB】,
11,【3D全彩/无修】神秘服饰店 01-02【124MB】,
12,【3D全彩/无修】神奇的青蛙 01-02(完)+狗狗【65MB】,
13,【3D全彩/无修】校ji 01-05【300MB】,
14,【3D全彩/无修】最爱上班 00-26【308MB】,
15,【2D/无修/单行本】[武田弘光] いまりあ（步兵版本）【251MB】,
16,【2D全彩/无修/合集】“蜘蛛侠”全汉化作品7本【76MB】,
17,【3D全彩/无修】 [AA大魔王]晴·色01-07+補肉【355MB】,
18,【3D全彩/无修】朋友的妈妈01-03(完)+赠品【64MB】,
19,【2D全彩】随时都能睡到喜欢的人·妻，少子化政策播种义务化法案【268MB】,
0,【3D全彩/无修】夜之都市之小鬼当家 01-02【219MB】,
1,【3D同人/汉化】背德皇后与小王子的不·伦关系01-02+其·他（受运篇完整版）【230MB】,
2,【3D全彩/无修】黑暗格斗 01-04【118MB】,
3,【3D全彩/无修】 Kunoich 女忍第1-3季01-03【138MB】,
4,【3D全彩/无修】精灵与魔族的战争 01-02【199MB】,
5,【奇怪资源/珍稀】画师ANTI黑丝作品集+明星AI：嘿嘿214部大合集！【珍藏/】【12G】,
6,【3D同人/中文】女犯之死：1季（完）+2季1-10中文版+番外其`他【重扣古风★情节超强】,
7,【2D全彩/无修】精灵宝可梦(口袋妖怪) 同人步兵合集+短视频X4【523MB】,
8,【3D全彩/合集】“ヨーグル本舗”作品11本+图集（母·系）【365MB】,
9,【真人全彩/无修】 ”韩国真人漫画“中文10部（有意思。。。）【560MB】,
10,【3D全彩/无修】”J.Won Han“作品集+赠品【50MB】,
11,【2D全彩+黑白/合集】“新井大器”作品11本【300MB】,
12,【2D极品/中文/合集】黑丝之神：YOM极品丝·袜合集+裤袜视界中文版全+神脚汉化版★7月更新！【650M】,
13,【3D全彩/无修】暗城-百花凋零 01-02【118MB】,
14,【2D全彩/无修/合集】美漫“凌ru调·教”类作品6本(全汉化)【100MB】,
15,【3D全彩/无修】老板娘的寂·寞深夜+赠品【100MB】,
16,【3D全彩/无修】杀`戮时刻 新版 01-02+旧版01-14+番外【421MB】,
17,【2D同人/极品】神级大师：ひみつ【捆·绑+丝·袜】艺术作品大合集★更新至7月【无敌！】,
18,【2D全彩+黑白/单行本/合集】 “Once Only (桃吹リオ)”作品26本+图集【345MB】,
19,【2D全彩】乱L-侄子夺取憧憬的婶`婶+赠品X3【60MB】,
0,【3D全彩/无修】猎妖杀手01-14+特別篇+女主设定图【265MB】,
1,【3D全彩/无修】妖谈 赤色鬼篇 01-03【88MB】,
2,【2D全彩/无修】婚姻重组Arranged Marriage1-4汉化版（小马拉大车）【82MB】,
3,【2D全彩】租赁女友～如果真的学会了性·ai【42MB】,
4,【2D全彩+黑白/单行本/合集】“水龍·敬”汉化作品44本整合【578MB】,
5,【3D全彩/无修】女警沉·沦 1-13【195MB】,
6,【2D全彩/无修】[織田non] NON VIRGIN 合集（步兵特别版本）【175MB】,
7,【2D全彩】在风俗腐朽的时刻拯救了娇生惯养的妈妈后母`子通-jian【93MB】,
8,【3D全彩/无修】鬼宅（完）【260MB】,
9,【珍藏/全动态】Unitia 神讬使徒x终焉女神：HD全动态社保CG大合集★7月更新版【2.8G】,
10,【3D全彩/无修】女特工K.I.A-的阿纳肯-01-03【171MB】,
11,【3D全彩/无修】犬神的拥有者·改-使未亡人的叔母堕·落了【63MB】,
12,【3D全彩/无修】生物老师 (完)+赠品【30MB】,
13,【2D同人/极品】Alexanderdinh大师：神级画风作品大合集+小秋秋合集赠品【2.5G】,
14,【3D全彩/无修】都是一家人01-03+赠品【104MB】,
15,【3D全彩/无修】黑丝女骑士 01-05【160MB】,
16,【3D全彩/无修】校园奴隶契约1-72[完]+57续+番外2篇【675MB】,
17,【3D全彩/无修】魔法戦士01-05【125MB】,
18,【3D全彩/无修】公主与哥布林 01-05+黎明煞星【253MB】,
19,【3D全彩/无修】青涩宝贝 01-08+番外X3+其·他X12【243MB】,
0,【2D/无修】[メメ50] 発情警報（步兵版本）【238MB】,
1,【3D全彩/无修】与姊姊们的战斗+绝对隶·母【100MB】,
2,【3D全彩/无修】光与暗 01-11【266MB】,
3,【2D全彩/无修】母I子相jian～离婚母·子共同生活～【300MB】,
4,【3D全彩/无修】原罪 Original Sin 00-06 番外1-2【92MB】,
5,【3D全彩/无修】欲·望之瞳 01-02【115MB】,
6,【3D全彩/无修】手机里的异世界01-05【202MB】,
7,【3D全彩/无修】奥特之母三部合集。。。(っ °Д °;)っ【366MB】,
8,【2D全彩/合集】WARREN RIANE×新桥月白日语社 作品5部（小马拉大车）【84MB】,
9,【3D全彩/无修】子宝村奇谭【171MB】,
10,【2D全彩/合集】“多摩豪”作品11部(全汉化) [母-系]【221MB】,
11,【3D全彩/无修】牧神记—婆婆司幼幽【135MB】,
12,【2D全彩/合集】アルマロッソ作品7篇（小马拉大车）【74MB】,
13,【3D全彩/无修】校 ji 01-03【133MB】,
14,【3D全彩/无修】 rou 体派对 00-02【276MB】,
15,【3D全彩/无修】人渣境界 第1-2季01-04+番外篇+小篇1-2+DQN【234MB】,
16,【2D全彩/合集/同人】”ひぐま屋 (野良ヒグマ)“作品30本+P站画集（小马拉大车系列）【234MB】,
17,【3D全彩/无修】SWAT Girls 01-04+其·他【140MB】,
18,【2D同人/极品】 HaneRu大师：【白丝+捆绑】社保画风作品集+大吉岭黑丝赠品！【400M】,
19,【3D全彩/无修】侵蚀者 01-05+人物介绍【214MB】,
0,【3D全彩/无修】恶石惊涛 01-03.2+人物介绍【206MB】,
1,【3D全彩/无修】斗破苍穹之云韵无·惨 01-04.1+其·他【248MB】,
2,【2D同人/极品/合集】“naruto”P站火影同人（详细分类整理）【564MB】,
3,【2D/合集/单行本】[エレクトさわる] 神曲のグリモワール 1-3部单行本合集【357MB】,
4,【3D同人/极品】RadiantEld：超精品DOA同人合集+液液酱福利合集【超精美】【3.7G】,
5,【2D全彩/合集/同人】(我的后宮学院)01-04+外传1-2 总共6本【262MB】,
6,【3D全彩/无修】共享妻·子 1-2季(全)+人物介绍+动图【475MB】,
7,【3D全彩/无修】欲望之血第 01-05【270MB】,
8,【3D全彩/无修】引狼入室 01-10【116MB】,
9,【2D全彩/无修】母·子情怀+赠品X2【84MB】,
10,【3D全彩/无修】小早川的故事 番外篇1-10[完]【215MB】,
11,【3D全彩/无修】狐姬会 01-06【212MB】,
12,【3D全彩/无修】侠盗修女(换身)+其·他【132MB】,
13,【3D全彩/无修】我的美·母教师（真全彩版本）【104MB】,
14,【2D全彩/无修】“柳时莺月”P·站同人图集【102MB】,
15,【2D全彩/韩漫】偷KUI 001-127 (JPG) [1-3季]【571MB】,
16,【3D全彩/无修】新臭-作 01-03【151MB】,
17,【2D全彩/合集/同人】“催-眠洗·腦+时间停止”类漫画9本【139MB】,
18,【3D全彩/无修】羞耻PLAY 01-04【118MB】,
19,【3D全彩/无修】寂寞人qi -The Am·azing Elinor【123MB】,
0,【3D全彩/无修】西圣媚后+圣后之殇+其·他【250MB】,
1,【2D同人/极品】同人画师 Dandon Fuga：神级画风作品大合集【步兵】【700MB】,
2,【2D漫画/单行本】“骨太男爵”1-7作品合集【422MB】,
3,【2D全彩/合集】“这个公司……总觉得有点奇怪”1-6话+赠品X5【65MB】,
4,【3D全彩/无修】刀剑神域-亚丝娜无·惨（完）【158MB】,
5,【3D全彩/无修】人-妻YIN记 01-27【287MB】,
6,【3D全彩/无修】黑丝女骑士 01-02+其·他【132MB】,
7,【2D全彩/合集】 “虚川財団”35本合集[母·系]【240MB】,
8,【3D全彩/无修】非常关系 1-7+番外篇【153MB】,
9,【2D同人】GGぃ：淑女舰娘+正太提督（小马拉大车）作品全集+兔子黑丝赠品【制服丝·袜】,
10,【3D全彩/无修】我的妈妈性-感吗？1-12+动图【410MB】,
11,【2D全彩/无修/同人】“火影同人”最新P-站图集【237MB】,
12,【2D全彩/合集】[母-系] “黒野タイツ”作品20本【130MB】,
13,【3D全彩/无修】我是主播01-02【213MB】,
14,【2D同人/珍稀】[真雷人] 从零开始的异世界：高质量原画级去衣集！【步兵/高质魔改】【210MB】,
15,【3D全彩/无修】罪人启示录第1-2季 01-09【210MB】,
16,【3D全彩/无修】来到地球的D.VA+其·他【213MB】,
17,【2D全彩】 “のびしろ”作品2本+赠品【131MB】,
18,【2D全彩/无修】[Fansadox]坏中尉 01-07【209MB】,
19,【3D全彩/无修】花木兰无·惨1-3 (全) +赠品X2【70MB】,
0,【3D全彩/无修】拳皇系列罪恶战士X+秘密结局 【118MB】,
1,【3D全彩/无修】奥特战姬凌轩+暗黑写-真 12本【229MB】,
2,【3D全彩/无修】(坠·落之星) The Fallen Star 01-03【210MB】,
3,【3D全彩/无修】高中素质拓展1-10【287MB】,
4,【2D全彩/无修】“百合魂”蕾-丝油腻图集+赠品【74MB】,
5,【3D全彩/无修】拯救圣女+江·湖故事 寒雪派惨-剧【57MB】,
6,【3D全彩/无修】愉快的周末01-02【219MB】,
7,【珍藏/全动态】凍京NECRO：绝命行动R HD全动态合集 视频版+CG版★强烈推荐！【560M】,
8,【2D佳作/汉化】静止的15分钟【1-18】汉化中文版【时间停止/各种丝·袜/韩漫】【200M】,
9,【3D全彩/无修】艺术品HD版+作者其他X7（部分列奇警告）【255MB】,
10,【3D全彩/无修】伪绅摄影室第一季-迟来英雄+赠品【150MB】,
11,【2D全彩/无修/同人合集】“辉夜姬想让人告白”同人图集+动图+其·他同人杂图【405MB】,
12,【3D全彩/无修】Super月侦探管 01-04【207MB】,
13,【3D全彩/无修】女·犯之死 1季(完) +2季1-10+杂图（那啥。。。重扣）【291MB】,
14,【2D全彩+黑白/合集】食戟之灵同人46本（全汉化）【479MB】,
15,【3D全彩/无修】女奥特曼00-03+IF线【138MB】,
16,【3D全彩/无修】風之章01-03(完)+雪之章01-02+赠品【128MB】,
17,【3D全彩/无修】我的shu母老师 1-5(最·终版)【79MB】,
18,【2D全彩/无修/合集】Milftoon-母·子系列29本 (全汉化/最新整合) [小马拉大车]【418MB】,
19,【3D全彩/无修】Xaqq 2019.06.12 [最新整合]【104MB】,
0,【2D同人/极品】Zumi大师：神级画风作品大合集+神楽坂真冬蕾姆赠品【全步兵】【6.8G】,
1,【2D全彩/合集+单行本】不是妈妈就不行！01-05完结篇（附前作+番外 共10部）【544MB】,
2,【3D全彩/无修】新婚妻`子与卖菜老·板 01-06【148MB】,
3,【2D全彩/合集】[コキュの部屋] 作品5本 (全汉化) [催·眠类]【247MB】,
4,【3D全彩/无修】被逮捕和抓获+恩娜的故事01-02+番外【101MB】,
5,【2D同人/极品】小野いたる大师：极品画风作品集+软萌洛利小仙合集赠品【黑丝/推荐】,
6,【3D全彩/无修】我的未婚妻 00-03(完)【68MB】,
7,【2.5D全彩/无修】Laserflip 同人图集（碧蓝航线/舰娘/FGO等）【248MB】,
8,【2D全彩】让人气愤的妹妹必需要被惩罚①～⑨+赠品【67MB】,
9,【2D全彩/无修】毅弥鸠二—同人画册+赠品狂三CG集【137MB】,
10,【2D全彩+黑白/无修/同人】[真面目屋（isao）]月火水木金土日01-11+总编辑1-2+番外1-4【284MB】,
11,【3D全彩/无修】女帝之殇 01-09 [重扣/完]【393MB】,
12,【2D全彩+黑白/单行本】“頼光妈”同人作品3本[母·系]【123MB】,
13,【3D全彩/无修】女子艺校01-08 [完]【228MB】,
14,【2D全彩/合集】“U羅漢”作品16本 (全汉化) [小马拉大车系列]【193MB】,
15,【3D全彩/无修】恶之花 01-06+番外 【260MB】,
16,【3D全彩/无修】一期一惠 01-06 (完)【223MB】,
17,【3D全彩/无修】月下の花 00-05+番外 (完)【156MB】,
18,【2D全彩】[月夜鴉 (将)] 退魔ノ隷刻 vol1-4（重扣）【198MB】,
19,【2D全彩/无修/同人】Tracy Scops 12本2019.06整合[蜘蛛俠]【123MB】,
0,【3D全彩/无修】女-体家具艺术馆 01-04(完)+欲之恋1-3【78MB】,
1,【3D全彩/无修】诛仙外传之玉女蒙尘 01-06+旧版1-2【121MB】,
2,【3D全彩/无修】酒吧大战01-05+人物介绍【155MB】,
3,【3D全彩/无修】如水YIN殇. 驯·妓营篇 0-6+番外x3+其`他x3（老滚5/唯美）【206MB】,
4,【3D全彩/无修】怪兽的终极狩猎+弟弟行为【275MB】,
5,【3D全彩/无修】阎雪无·惨 01-03+人形岛【155MB】,
6,【3D全彩/无修】堕·落教师01-05(完)【107MB】,
7,【3D全彩/无修/同人】古墓丽影—劳拉同人CG集【196MB】,
8,【3D全彩/无修】我和母亲与奶奶（立刻后悔）+赠品【185MB】,
9,【2D全彩】少子化对策引起的中出配种义务化法·案【169MB】,
10,【2D同人/极品】神级大师：ひみつ【捆·绑+丝·袜】艺术作品大合集★更新至6月【无敌！】,
11,【2D全彩/合集】 “TREETOP Helper（催·眠）”作品5本【552MB】,
12,【3D全彩/无修】X学院第1-2季【113MB】,
13,【2D全彩/无修/合集】 “綿120パーセント (めんようじゃん)”作品25本【362MB】,
14,【3D全彩/无修】新婚妻`子与卖菜老-板 01-05【121MB】,
15,【2D全彩+黑白/单行本/合集】“舞六まいむ”作品10本【474MB】,
16,【3D全彩/无修】征服美-艳的护士妈妈 01-05（小说改编）【306MB】,
17,【2D全彩/无修】“七龙珠-18号”同人图集+动图【91MB】,
18,【3D全彩/无修】暗影游侠 Shadow Ranger Zero 01-02 HD版本【973MB】,
19,【3D全彩/无修】瞎胡闹 01-04【177MB】,
0,【3D全彩/无修】DeTomasso中短篇汉化合集X6【143MB】,
1,【2D全彩/合集】[ななお]3piece 8本+动画（全汉化）【491MB】,
2,【2D全彩/合集/全汉化】 “華フック”作品11本（小马拉大车）【688MB】,
3,【3D全彩/无修】色之谜障 01-05【369MB】,
4,【3D全彩/无修】女帝汉库克之殇 01-04【204MB】,
5,【3D全彩/无修】HE TAN 01-07 V2【270MB】,
6,【3D全彩/无修】深渊的凝望 01-17【902MB】,
7,【3D全彩/无修】夫妻沉-沦 01-1400页【787MB】,
8,【3D全彩/无修】罪魇 第01-6.5章+外传+小說【254MB】,
9,【3D全彩/无修】瞎编 01-04【54MB】,
10,【3D全彩/无修】丝·袜女-教师兰若 01-09【118MB】,
11,【3D全彩/无修】YIN堕母·女-1季完+2季1-3【91MB】,
12,【3D全彩/无修】重案六科01-02【78MB】,
13,【3D全彩/无修】杀-戮时刻 Time to kill 00-14【233MB】,
14,【珍藏/全动态】Unitia 神讬使徒x终焉女神：HD全动态社保CG大合集★5月更新版【2.7G】,
15,【2D同人/全网收集/动态】一拳超人：精品同人合集+明星AI福利赠品【高还原/稀有物】,
16,【2D全彩+黑白/合集整理】“母·子负距离交谈”类作品20本（全汉化/小马拉大车）【630MB】,
17,【3D全彩/无修】邪·恶力量01-06+番外篇【217MB】,
18,【3D全彩/无修】晴-色01-05+補肉【212MB】,
19,【3D全彩/无修】女忍覆灭录+其`他【62MB】,
0,【超稀有/无修/合集】 “人造人”逼真娃娃系列-2期+动图+17V视频（有意思。。。）【1.54G】,
1,【2D全彩+黑白/合集】Vadass (おるとろ)”作品13本【454MB】,
2,【3D全彩/无修】天鹅湖第一季 01-14(完)+第二季 01-06+人物设定【454MB】,
3,【3D全彩/无修】帝国的毁灭01-06【539MB】,
4,【2D同人/极品】国人画师 Cian Yo：神级画风作品大合集+白丝蕾姆赠品【步兵】【4.8G】,
5,【2D全彩】爱发火的妈妈用娇惯性的XX-OO交配使不·良儿子重新做人的故事【173MB】,
6,"【3D全彩/真实】被·睡的妻`子,菜美(菜美の場合)1-3【149MB】",
7,【3D全彩/无修】世间新路1-21【195MB】,
8,【3D全彩/无修】迷糊的妈妈01-08（完）【103MB】,
9,【3D全彩/无修】小优日记 第1-3季01-06(完)+定置PH+杂图【248MB】,
10,【3D全彩/无修】黑丝教师的私人课程+赠品【127MB】,
11,【3D全彩/无修】剑仙落难 00-12（重扣）【214MB】,
12,【3D全彩/无修】女谍 01-06【269MB】,
13,【3D全彩/无修】吸O魔女+乡村YAN妇传（老滚5)【265MB】,
14,【3D全彩/无修】坏老板 BAD BOSS 01-06【134MB】,
15,【2D全彩/无修】克蕾兒-不為人知的故事+April 2019 HD超清版本【544MB】,
16,【2D全彩/无修】“F.S”画师画集+赠品X3【79MB】,
17,【3D全彩/无修】神雕秘传 09-12+其·他V3【514MB】,
18,【3D全彩/无修】空天使01-08章 [完结]【286MB】,
19,【2D全彩】只要交钱跟谁都能做的街道+赠品【81MB】,
0,【2D全彩/韩漫】养女 1-29 [全]【132MB】,
1,【3D全彩/无修】妈妈为了我被同学下yao + 妈妈沦为儿子的xie欲工具+其`他【232MB】,
2,【3D全彩/无修】人·渣界 01-06【110MB】,
3,【3D全彩/无修】穿越之催-眠宝典01-07【199MB】,
4,【3D全彩/无修】盗梦空间00-04【105MB】,
5,【3D全彩/无修】欲·望岛传说 01-03【66MB】,
6,【2D全彩/无修】“Taboolicious”系列7本+赠品【130MB】,
7,【2D全彩/合集】[催~眠] “HAPPY STUDIO”作品19本【519MB】,
8,【3D全彩/无修】完全家族崩坏01-06(完)【119MB】,
9,【3D全彩/无修】人~妻YIN记1-15【145MB】,
10,【3D全彩/无修】奇怪的妈妈+严格的母亲【63MB】,
11,【2D全彩/无修/同人合集】 “ASS”美臀图集【255MB】,
12,【3D全彩/无修】丝跟之旅 01-06【104MB】,
13,【3D全彩/无修】最后的纪念物 1-2【127MB】,
14,【3D全彩/无修】 我的”反派“女友 1-2【127MB】,
15,【3D全彩/无修】五将军之谜-金莹将军篇（完）【146MB】,
16,【2D全彩】黄毛上·我女友，我就上黄毛+赠品X3【74MB】,
17,【3D全彩/无修】同学家的YAN遇 01-02【59MB】,
18,【3D全彩/无修】我又活了 1-2+YIN妻+ 屍·體【257MB】,
19,【3D全彩/无修】忍之殇 01-04+短篇[重·扣]【240MB】,
0,【3D全彩/无修】麻宫雅典娜-黑暗之源 01-07(完)[重·扣]【141MB】,
1,【3D全彩/无修】HSUG 怪兽入侵 01-45+其他 [完]【219MB】,
2,【2.5D全彩/无修】今日的美沙子 0-4【52MB】,
3,【3D全彩/无修】局 01-05【307MB】,
4,【3D全彩/无修】罪恶之港【97MB】,
5,【3D同人/中文】妈妈变小！【01-07】全+外传+短篇 中文版【新奇有趣/3D同人漫】【310M】,
6,【3D全彩/无修】 蛇蝎美人1-6【126MB】,
7,【3D全彩/无修】猪和研究生（人不如猪。。。）【67MB】,
8,【3D同人/动态CG】精灵米拉的遭遇：1-9部【全】HD高清版【极品丝袜大长腿！】【3.2G】,
9,【3D+2D全彩/无修】“丼肉”画集+附扶她真实系S·MZ69【104MB】,
10,【超稀有/无修/合集】“人造人”逼真娃娃系列4部+2视-频（有意思。。。）【101MB】,
11,【2D全彩】美人·妻战士-月光R【115MB】,
12,【2D同人/珍稀】[真雷人] 出包王女：高质量原画级别去衣集！【步兵】【超高质量魔改】,
13,【3D全彩/无修】颜晓玲卖-B还债记（真实改编）【50MB】,
14,【3D全彩/无修】汪汪家的女孩子们01-05（重·扣）【273MB】,
15,【3D全彩/无修】Shit Education（小bian教育）【122MB】,
16,【3D全彩/无修】美艳仙女丸吞受·孕【122MB】,
17,【3D全彩/无修】帝国大事件 01-07【556MB】,
18,【2D同人/动态CG】韩国极品大师KIDMO：最全同人作品合集+洛可可赠品【更新至19年5月】,
19,【2D全彩】姐姐在哺RU期喂养我娘家篇+热海篇（完）【98MB】,
0,【3D全彩/无修】XING奴人·妻直美01-11(完)【207MB】,
1,【3D全彩/无修】冰雪的复仇 01-12【794MB】,
2,【3D全彩/无修】梦醒 + 命运印记【115MB】,
3,【3D全彩/无修】nv奴系统01-04【124MB】,
4,【2D全彩】在乡下的暑假里，和妈妈浑身是汗地进行X-XOO交配【34MB】,
5,【2D全彩/合集/动图】[母·子] “小马拉大车”类图集+GIF动图【812MB】,
6,【3D全彩/无修】母·子的聚会 01-06(完)+其`他【212MB】,
7,【3D全彩/无修】心灵操作+表I子和逃犯01-02+其·他【31MB】,
8,【3D全彩/无修】 少FU叶琴 0-3+PDF版【212MB】,
9,【3D全彩/无修】 “辣妈SHU女”画集+GIF动图+赠品【157MB】,
10,【3D全彩/无修】秘密女友【126MB】,
11,【3D全彩/无修】勇者与魔王01-02+番外篇+异界旅行【79MB】,
12,【3D全彩/无修】假期的秘密计划 上+下(完)【111MB】,
13,【3D全彩/无修】穿越者游戏 1-8【182MB】,
14,【3D全彩/无修】白衣侠女斗YIN魔01-07(完)+番外【240MB】,
15,【3D全彩/无修】姐·弟恋+白日【56MB】,
16,【3D全彩/无修】流·氓护花记 01-16 (完)+人物介绍图鉴【122MB】,
17,【3D全彩/无修】风晴万种的小·姨子【106MB】,
18,【3D全彩/无修】Foster Mother (养母）1-5[完]【285MB】,
19,【2D全彩/合集】 “光クラブ”作品10本 (富有教育意义）【472MB】,
0,【2D全彩/无修/合集】“七龙珠H版”作品29本（不开花(ω)）【347MB】,
1,【3D全彩/无修】弱肉強食 第1-2季+番外 1-2+武斗大会-战果公布【240MB】,
2,【3D全彩/无修】回家请关门+赠品【90MB】,
3,【2D全彩/无修】我和人·妻X-XOO+赠品X4【91MB】,
4,【2D同人/精品】国人画师：L-Axe大师 DNF超重扣风格作品合集+萌白酱福利【推荐】【460MB】,
5,【2D漫画/合集/单行本】 [熟·nv]“甲斐ひろゆき”作品14本(全汉化)【751MB】,
6,【3D全彩/无修】高龄女上司的烦恼01-03(完)【228MB】,
7,【3D全彩/无修】使用男厕的女格斗家+年轻时的母亲【106MB】,
8,【2D全彩/无修/合集】Milftoon-母·子系列11本[全汉化]（小马拉大车）【274MB】,
9,【3D全彩/无修】小优日记 第1-3季01-05+定置PH+杂图【222MB】,
10,【3D全彩/无修】欲·望爱母 01-04【234MB】,
11,【2D全彩/无修】[Ganassa] 佐伊！小心你的屁·股！+同人杂图【264MB】,
12,【3D全彩/无修】仕事依頼 01-09【344MB】,
13,【2D全彩/无修】同人画师—そこなす【83MB】,
14,【3D全彩/无修】Soft Girl系列故事【114MB】,
15,【3D全彩/无修】guai卖人·妻事件+恶童01-04【94MB】,
16,【3D全彩/无修】汉娜的堕·落 [完]【244MB】,
17,【3D全彩/无修】混沌天下01-07(完)【212MB】,
18,【3D全彩/无修】熟悉的陌生人【83MB】,
19,【3D全彩/无修】bing峰魔·恋 第1-5章【110MB】,
0,【3D全彩/无修】纲手无惨 01-03(完)【178MB】,
1,【3D全彩/无修】異能者 01-03+赠品【54MB】,
2,【3D全彩/无修】YAN母斯嘉丽(完)【113MB】,
3,【3D全彩/无修】秦生传01-05【147MB】,
4,【3D全彩/无修】打个猪头 01-07+YD市的日常01-02【124MB】,
5,【全网收集/全彩汉化】Toptoon全彩无删减韩漫300部终极合集+目录【中文】【120G】,
6,【3D全彩/无修】学园风云录 01-17【435MB】,
7,【3D全彩/无修】血色帝国 01-08中+番外【414MB】,
8,【3D全彩/无修】妈妈变小 01-07+外传+短篇【260MB】,
9,【2D/单行本/无修】[木谷椎] 泡のお姫様【238MB】,
10,【3D同人】RyanReos大师：4K级品艺术3D作品全集+福利姬：少女映·画丝系列赠品【3G】,
11,【3D全彩/无修】不·良少女 01-07(全)【164MB】,
12,【2D全彩/无修】[Leadpoison] 奴·隶危机 01-07【65MB】,
13,【3D全彩/无修】[CHOBIxPHO] 真人快打+其`他【66MB】,
14,【3D全彩/无修】满足教授 01-04(完)【64MB】,
15,【珍藏/全动态】Unitia 神讬使徒x终焉女神：HD全动态社保CG大合集★4月更新版【2.6G】,
16,【2D同人/合集】神级国人画师：梁星4K+极品同人作品最新合集★至19年4月【黑丝控】【6.3G】,
17,【3D全彩/无修】[AA大魔王] 晴·色01-03【129MB】,
18,【3D全彩/无修】新人巨RU女警 01-02+短篇【215MB】,
19,【3D全彩/无修】我的”反派“女友+赠品X2【42MB】,
0,【3D全彩/无修】控制熟~`女 01-13+结局+支线(完)【232MB】,
1,【3D全彩/无修】Kingbang短篇x7+其·他【121MB】,
2,【3D全彩/无修】漂亮女战·俘系列 1-9【220MB】,
3,【3D全彩/无修】[Y3DF] THE TAN 01-06【263MB】,
4,【3D全彩/无修】北京se晴故事 01-05（完）【65MB】,
5,【3D全彩/无修】驱魔侦探 01-15 [完]【237MB】,
6,【3D全彩/无修】校园死·体yuan交俱乐部 01-04（重扣）【223MB】,
7,【2D单行本/无修】[愛上陸] 复仇催·眠+终章V2【222MB】,
8,【3D全彩/无修】星球争霸 01-11+短篇【106MB】,
9,【3D全彩/无修】雪月俏佳人01-05+番外【278MB】,
10,【2D同人/极品】LoganCure大师：4K极品艺术同人作品全集★4月更新【全步兵】【9.3G】,
11,【3D全彩/无修】乱欲迷·晴 01-02+特别篇（小马拉大车）【105MB】,
12,【3D全彩/无修】茗狼异世界历险记第1-2季+前传[完整版]【214MB】,
13,【3D全彩/无修】杰西卡+杰西卡的兔子+圣诞节篇【157MB】,
14,【3D全彩/无修】帝国的毁灭01-02【266MB】,
15,【3D全彩/无修】灵妖学院 第一季 00-07(完)【105MB】,
16,【3D全彩/无修】汉の铁拳-出预白影01-07 (完)【224MB】,
17,【3D全彩/无修】去讨·伐魅魔的勇者们01-08【220MB】,
18,【3D全彩/无修】楚女JY 全集OL篇+明星江一燕[完整版]【158MB】,
19,【3D全彩/无修】YIN 欲狩·猎+其`他【120MB】,
0,【3D全彩/无修】龙傲天大战魅魔 序章+第一章【114MB】,
1,【3D全彩/无修】我与我的丝wa奶奶 01-02+外传+番外(完)【170MB】,
2,【3D全彩/无修】「猎神」【167MB】,
3,【3D全彩/无修】Affair Day（事发日）+赠品【105MB】,
4,【3D全彩/无修】单亲妈妈 1-2+同学家的yan遇【97MB】,
5,【3D全彩/无修】神雕秘传 00-10+小说（完结）【539MB】,
6,【3D全彩/无修】老陈的出租屋 4部【95MB】,
7,【2D全彩/合集】[As109] CITY no.109 アリス篇+双子編【62MB】,
8,【3D全彩/无修】背·德寝取美人若妻【120MB】,
9,【2D同人/珍稀】海贼王+柯南：价值千元的昂贵去衣合集！【步兵】【超高质量魔改】,
10,【2D全彩】 (左藤空気) 神装圣姬～屈辱的洗·脑催`眠【157MB】,
11,【3D全彩/无修】降魔传 01-14（长篇剧情）【813MB】,
12,【3D全彩/无修】被控制的神殿女神【64MB】,
13,【3D全彩/无修】JIAN杀女特`务 01-08【133MB】,
14,【3D同人/汉化】皇后の熊孩子（小马拉大车）中文完全版【NTR】【王子给国王戴绿·帽】,
15,【3D全彩/无修】少FU诗茵1-29 【548MB】,
16,【2D全彩/无修】“SleepyGimp”作品2本+赠品X3【114MB】,
17,【3D全彩/无修】我们的爱 01-03部(完)【239MB】,
18,【2D全彩】肉`尻姫+赠品X4【143MB】,
19,【3D全彩/无修】人~·妻银记 01-10【240MB】,
0,【2D全彩/无修/单行本】純欲解放区V2（无修HD超清版本）【315MB】,
1,【3D全彩/无修】败北的女战士+其`他【230MB】,
2,【3D全彩/无修】“小马拉大车”图集+赠品X2【56MB】,
3,【3D全彩/无修】异世界之泡妞游戏第1-3季(完)+番外篇X2【222MB】,
4,【3D全彩/无修】朱觉历险第一部+第二部特工+番外-特工甲【181MB】,
5,【3D全彩/无修】紫嫣 01-10+驱灵师番外-静天篇【211MB】,
6,【3D全彩/无修】[SquarePeg3D]新监狱表子01-02+瑜伽【93MB】,
7,【3D全彩/无修】風俗部 01-04【57MB】,
8,【3D全彩/无修】haneto画师（真实3D画风）【124MB】,
9,【3D全彩/无修】旗袍女特工01-02+新娘背叛01-02【55MB】,
10,【3D全彩/无修】致命风俗·店 01-03(完)【52MB】,
11,【3D全彩/无修】米尔夫别墅（含动态CG）+父亲节【116MB】,
12,【3D全彩/无修】DVA的堕落写真[精简版]【122MB】,
13,【2D同人/收藏】Hoobamon大师：神级艺术同人作品1-51部大合集【全步兵】【4.6G】,
14,【2D全彩/无修】“Empress (聖少女)”步兵社保版【723MB】,
15,【3D全彩/无修】鸣人与家人+火影忍者-木叶村的女人们01-04（完）【209MB】,
16,【3D全彩/无修】DOA 战士 01-32（同人长篇）【511MB】,
17,【3D全彩/无修】“ヨーグル本舗”作品5本【238MB】,
18,【2D全彩】母亲XING教育!+赠品【51MB】,
19,【3D全彩/无修】魔域人间 01-02【157MB】,
0,【2D全彩】空调坏了，穿着单bo衣服的母亲……+赠品【33MB】,
1,【3D全彩/无修】巨mang少年之教师妈妈柳晴 01-03+人物介紹【248MB】,
2,【2D全彩】为了父亲变得原(越)来越漂亮的青梅竹马【46MB】,
3,【2D全彩】妈妈躲起来xing接待+赠品X3【70MB】,
4,【2D全彩/无修】 动漫游戏同人—巨大化。。。。【244MB】,
5,【2D全彩/合集】 (水龍敬) MC学園 1-8(全)+特別病棟 共10本【235MB】,
6,【3D全彩/无修】焰奴灵·妓的肉bian课堂 01-03+杂图【53MB】,
7,【2D全彩/合集】 [母·系]“ミルフ書房”作品5本【184MB】,
8,【3D全彩/无修】牝犬姊妹 01-14(完)【116MB】,
9,【3D全彩/无修】我的黑丝女儿雪糸 01-03(完)【384MB】,
10,【3D全彩/无修】罪人启示录第1-2季 01-05【240MB】,
11,【3D全彩/无修】貓眼+猫眼·改 01-10【125MB】,
12,【欧美同人/汉化】Firolian大师：艺术级别同人作品25部合集【步兵】【500M】,
13,【3D全彩/无修】姐妹哀鸣+驱灵师杂图【138MB】,
14,【3D全彩/无修】地狱x乐园 01-04+其`他(完)【227MB】,
15,【3D全彩/无修】我想和2B在一起+生死格鬥+赠品X2【53MB】,
16,【2D全彩】盛男与教育实习生+赛勃鲁斯传说【53MB】,
17,【3D全彩/无修】完美秘书1-3【137MB】,
18,【2D全彩/无修】[三生万] 嫦娥造·反记 最新更新【126MB】,
19,【2D全彩/韩漫】朋友妻 01-16【211MB】,
0,【2D全彩/合集】“HAPPY STUDIO”作品4篇+赠品X2【51MB】,
1,【2D同人/极品】Sakimichan大师：神级画风作品【1-97】期大合集【全步兵】【3.6G】,
2,【3D全彩/无修】校园魅影1-13(完)[大作]【365MB】,
3,【2D全彩】[華フック] 全員失格（完整HD无压缩版本）【520MB】,
4,【3D全彩/无修】人工智慧 MIBO 1-3（完）【60MB】,
5,【3D全彩/无修】天使军的抵抗【208MB】,
6,【2D同人/极品】NeoArtCorE大师：4K级别极品同人作品全收集【全步兵/推荐】【530M】,
7,【2D全彩】我和妈妈的购物约会+我和妈妈的ru汁纪念日【44MB】,
8,【2D全彩/合集】“NARUHO堂”作品14本（火影、海贼同人/）【187MB】,
9,【3D全彩/无修】母亲-禁止的yu望 1-7（完）【324MB】,
10,【2D全彩】就这样!+她的母亲和肉yu【58MB】,
11,【2D全彩/韩漫】母猪养成计划 1-14话【97MB】,
12,【3D全彩/无修】学院迷晴 01-07【119MB】,
13,【3D全彩/无修】女王卫队01-04+外传01-02【68MB】,
14,【2D全彩】 不貞交尾妻 - 本篇(汉化)+发觉篇(汉化)+CG【102MB】,
15,【3D全彩/无修】惡魔四女忍 00-06（重扣）【139MB】,
16,【2D漫画/单行本】[桃吹リオ] 純欲解放【214MB】,
17,【3D全彩/无修】突如其來的01-02【52MB】,
18,【2D/超精致】黑丝连裤袜之神：Yom大师极品丝袜作品全集+3月奇怪合集赠品【2.3G】,
19,【2D同人/收藏】韩国极品大师KIDMO：最全同人作品合集+福利姬洛可可赠品【精品合集】,
0,【3D全彩/无修】小优日记第1-3季01-05【212MB】,
1,【3D全彩/无修】最爱上班 00-20【272MB】,
2,【3D全彩/无修】死`亡手帐01-05+精灵王篇【140MB】,
3,【3D全彩/无修】美丽女白领的秘密01-08(完)【166MB】,
4,【3D全彩/无修】Tokyo Station第1-4季01-02+番外【570MB】,
5,【2D全彩】赤毛のママン(红发的妈妈)+赠品【48MB】,
6,【3D全彩/无修】沉沦国度-圣石湮灭【259MB】,
7,【3D全彩/无修】sexy故事 01-03【68MB】,
8,【2D全彩/合集】“南田U助”作品6本（小马拉大车系列）【160MB】,
9,【3D全彩/无修】jian·杀-太阳下的幸福（重扣）【117MB】,
10,【3D全彩/无修】奴·隶契约之女神战士01-20+其`他【232MB】,
11,【3D全彩/无修】魔瞳 催~眠【246MB】,
12,【2D全彩】与甜美妈妈交~配怀yun+赠品X2【39MB】,
13,【3D全彩/无修】妈妈还`债 01-04【57MB】,
14,【3D全彩/无修】年轻/貌美的后~妈【100MB】,
15,【3D全彩/无修】左的欲`望 01-30【317MB】,
16,【3D全彩/无修】卧底 01-06 [完]【262MB】,
17,【3D全彩/无修】惊喜果果第1-2季+番外篇1-2+特別篇1-2 共15話（重~扣）【236MB】,
18,【2D同人/全网收藏】国漫重扣大神：JM大师史上最全中文合集！【全步兵/超强列奇】【260M】,
19,【3D全彩/无修】再见青春(全)【263MB】,
0,【3D全彩/无修】邪灵乱世 01-06【264MB】,
1,【3D全彩/无修】机动战士01-08(全)【98MB】,
2,【3D同人/收藏】Oreo大师：4K级别3D作品-哥布林地狱+绝望调教5合集【新版】【1.8G】,
3,【3D全彩/无修】换魂 完整版（有意思。。。）【58MB】,
4,【3D全彩/无修】瞎胡闹01-02【137MB】,
5,【3D全彩/无修】法洛琳与菲德莱娜 01-02+番外篇+赠品X3【140MB】,
6,【2D全彩/韩漫】岳~母家的刺`激生活1-50话(全)【239MB】,
7,【3D全彩/无修】宅男神域第1-4季+特別篇+番外1-4【532MB】,
8,【3D全彩/无修】黄雀 01-06(完)+杂图（重~扣）【215MB】,
9,【3D全彩/无修】 罪魇 第01-5.5章 共20話+小说+外传【208MB】,
10,【3D全彩/无修】 the holiday's （假期）1-7【81MB】,
11,【2D全彩/无修】控`制妈妈1-3+下~流难以想象01-02【63MB】,
12,【3D全彩/无修】[nothingmore3d] Pent Up【57MB】,
13,【2D全彩/合集】催~眠程序 1-2(全汉化)【142MB】,
14,【3D全彩/无修】[AA大魔王]性·感女人 01-06 [完整版]【202MB】,
15,【3D全彩/无修】妖~蟲寄`生 01-10+重製版RE01-05【226MB】,
16,【3D全彩/无修】学园封魔录01-02+IF01-02+设定集【74MB】,
17,【2D全彩/合集】不是妈妈就不行1-4+番外+CG(全汉化)【74MB】,
18,【3D全彩/无修】斗破苍穹之云韵无~惨 01-03.1+其`他【227MB】,
19,【3D全彩/无修】VR Games (VR游戏)【34MB】,
0,【3D全彩/无修】[AA大魔王]征服 上+下(完)【32MB】,
1,【2D全彩】狂XIN恋爱-我与姐姐扭曲的关系+赠品【73MB】,
2,【3D全彩/无修】神雕秘传襄阳篇第00-05章+06-08章预览+小说【229MB】,
3,【3D全彩/无修】少~妇白jie珍藏版 1-6章（小说同人）【126MB】,
4,【3D全彩/无修】校花的贴身高手之领·辱篇（小说同人）【294MB】,
5,【3D全彩/无修】乱YUN迷~情 01-02[Web版]（小马拉大车）【68MB】,
6,【3D全彩/无修】奇怪家庭 01-15+SP[完整版]（乱的一匹。。。）【205MB】,
7,【3D全彩/无修】弱肉強食番外 1-2【79MB】,
8,【3D全彩/无修】同学家的YAN遇+其`他【79MB】,
9,【3D全彩/无修】天际日常01-05+短篇1-6+其`他[完整版]【220MB】,
10,【2D同人/合集】极品重扣大师：XXOOM Collection 作品大合集【全步兵/精品】【2.5G】,
11,【3D全彩/无修】我的美~艳嫂`子01-04 [完结]【248MB】,
12,【3D全彩/无修】腳`交中毒的YIN妇【52MB】,
13,【2D全彩】プリママ外伝 ●ーザ召しませ! [母~系]【49MB】,
14,【3D全彩/无修】兽YUの末途-女`搜查官之深淵01-05【237MB】,
15,【3D全彩/无修】我的母`马老師01-02【32MB】,
16,【3D全彩/无修】“KakiharaD”作品11本【198MB】,
17,【3D全彩/无修】母亲的主`人是女儿01-07(完) 【120MB】,
18,【3D全彩/无修】我会好好照顾师娘【112MB】,
19,【2D全彩】DANGAN BALL完全妄想版1-4(龙珠)+赠品X2【80MB】,
0,【2D全彩/韩漫】YIN新小套房 00-34【464MB】,
1,【3D全彩/无修】大限将·至【53MB】,
2,【2D全彩/无修】祖安黑市的新奴~隶-霞与洛+风女tiao教 01-03+其`他[完整版]【240MB】,
3,【3D全彩/无修】光与暗01-07+其`他【58MB】,
4,【3D全彩/无修】YIN三国无双01-03+真假萝·莉王+其`他[完整版]【53MB】,
5,【3D同人/动态】穿越火线CF：超稀有3D同人作品合集+福利姬赠品【HD超高分辨】【1.4G】,
6,【2D/合集/单行本】“武田弘光”作品30本(全汉化)（阿黑颜大神）【502MB】,
7,【3D全彩/无修】邻家的诱~惑【218MB】,
8,【3D全彩/无修】侵蚀者 01-04（轻重~口）【217MB】,
9,【3D全彩/无修】童话故事（白雪公主）01-09(完)+其`他【258MB】,
10,【3D同人/动态CG】精灵米拉的遭遇：1-9部【全】HD高清版【极品丝袜大长腿！】【3.2G】,
11,【3D全彩/无修】[AA大魔王] 新婚妻·子与卖菜老板 01-04【72MB】,
12,【3D全彩/无修】黑暗格斗 01-02（同人）【56MB】,
13,【3D全彩/无修】女~犯之·死第一季 01-11(完)【重/口】【218MB】,
14,【2D同人/合集】“海贼王”同人作品 中文汉化17本【115MB】,
15,【3D全彩/无修】极品家丁 01-02 无压缩版本（小说同人）【216MB】,
16,【3D全彩/无修】劫·机行动01-26(完)【530MB】,
17,【3D全彩/无修】罪人启示录 01-19（完）【165MB】,
18,【3D全彩/无修】帝国的毁灭【211MB】,
19,【3D全彩/无修】丝·袜短篇 5篇+其他【53MB】,
0,【3D全彩】[ヨーグル本舗] 就算妈吗被人NTR了前+后(完)【207MB】,
1,【2D全彩】[As109] 水叔新作 city No 109 アリス篇 HD版+动态GIF【242MB】,
2,【3D全彩/无修】冰封·魔恋 01-05（小说改编）【207MB】,
3,【3D全彩/无修】TAMAKI桑+俘·辱关银屏+其他【120MB】,
4,【珍藏/全动态】Unitia 神讬使徒x终焉女神：HD全动态社保CG大合集★3月更新版【2.4G】,
5,【3D全彩/无修】潜龙01-13(完)+番外【120MB】,
6,【3D全彩/无修】秘密实验室01-17(完)【152MB】,
7,【2D全彩/无修】[Shiniez (Stjepan Sejic)] 劳拉克劳馥x戴安娜普林斯+绘图【38MB】,
8,【2D同人/合集】神级国人画师：梁星 4K+极品同人作品合集【全步兵/黑丝控】【4.5G】,
9,【3D全彩/无修】诛仙荡魔志01-40+番外+人物设定（小说同人魔改）【1.58GB】,
10,【3D全彩/无修】Artist - Yuzhou 超清HD+动态视频【765MB】,
11,【3D全彩/无修】幻异都市前传+1-3章02话【470MB】,
12,【3D全彩/无修/合集】[EinWassermelone]獵·奇大短篇。超赞合集整理（重~口）【250MB】,
13,【真人韩漫】韩国真人漫画 中文汉化8本（有意思。。。）【423MB】,
14,【3D全彩/无修】Deuteronomy申命记 01-04【245MB】,
15,【3D全彩/无修】儿童节特别节目-惊喜果果1-2季（重~口）【95MB】,
16,【3D全彩/无修】姊妹魔法少女圣と彩1-8章+支线1-2（完）[完整版]【557MB】,
17,【2D全彩/无修】[CianYo] KDA A&E+绘图CG[完整版]【199MB】,
18,【2D全彩/韩漫】伴侣 S-Mate 01-11 【187MB】,
19,【3D全彩/无修】剧情版 忍·杀—不知火舞 画风超赞【120MB】,
0,【3D全彩/无修】全职妈妈 01-06(完)【368MB】,
1,【3D全彩/无修】人·妻堕落 01-05 【220MB】,
2,【3D全彩/无修】遗弃者 Abandonment Issues01-03 【106MB】,
3,【2D全彩】被朋友的姐姐H惩罚了+赠品X3【49MB】,
4,【3D全彩/无修】小芋大战公·马+CG集【53MB】,
5,【3D全彩/无修】公主与哥布林 01-02+其·他【118MB】,
6,【3D全彩/无修】姬之狩暗杀者的末路篇(完)+东津国的公主篇00-05(完)【102MB】,
7,【2D同人/合集】火影同人合集LINDA Project+ナルラブ1 【62MB】,
8,【3D全彩/无修】美丽新世界-叛逆物语【60MB】,
9,【2D全彩】 [nounanka (あぶぶ)] NPCjianMOD (Skyrim)(完全版)【78MB】,
10,【2D漫画/合集】[母·系] “ビフィダス”作品17本【300MB】,
11,【2D全彩/合集】DevilHS 9部+杂图【218MB】,
12,【2D全彩/无修】AS109 (水叔）14本合集【214MB】,
13,【3D全彩/无修】“Artist3D - RadiantEld”图集【174MB】,
14,【2D全彩/无修】秦时明月 2019.02.24整合【483MB】,
15,【2D无修/合集】 童年破坏“龜魚派”+ “熊掌社”作品61本（魔改/恶搞）【411MB】,
16,【2D全彩】温泉姐妹和棒球部员参加三·天三夜的接·待合宿【109MB】,
17,【3D全彩/无修】DOA短篇合集 11部+CG人物预览【124MB】,
18,【3D同人/动态CG】精灵米拉的街头遭遇：第6部 HD高清版【极品丝袜大长腿！】【500M】,
19,【3D全彩/无修】要员护卫+小·偷的故事【55MB】,
0,【2D全彩/韩漫】岳·母家的刺ji生活1-13【64MB】,
1,【3D全彩/无修】哥谭悲剧1部2季(完)+2部1季1+外传24篇【287MB】,
2,【3D国产全彩/无修】 罗丝琳传奇1-9+番外x5【383MB】,
3,【2D全彩】全員失格+赠品【95MB】,
4,【2D全彩/合集】[母·系]“まぐろ珈琲”作品7本【285MB】,
5,【2D全彩/合集】[母·系]“Xenoms”作品13本【248MB】,
6,【2D全彩】jing子交给辣·妹姐姐吧【55MB】,
7,【3D全彩/无修】[Female Feacher 强X女`教师1-6]【51MB】,
8,【3D全彩/无修】活~蒸赵雨璐 01-03[完整版]（lie奇）【129MB】,
9,【3D全彩/无修】 奴·隶王 01-11(长篇完结)【235MB】,
10,【3D全彩/无修】The Foxxx- A Mother's Task(母亲的任务)+其`他【30MB】,
11,【3D全彩/无修】我的金城(罪恶金城)第2季 00-01【244MB】,
12,【3D全彩/无修】超短篇轻·H漫画集+灵菇+其他（有意思。。。）【70MB】,
13,【2D全彩/无修】“LOL同人”作品9本(全汉化)【50MB】,
14,【3D同人/合集收藏】Oreo大师：4K级别3D作品-无限哥布林地狱合集！【超精美】【900M】,
15,【2D全彩】ヤれる子!電車エッチ（电车xin·爱)【312MB】,
16,【2D全彩/无修】Mushed Shrooms Kingdom 蘑菇浓浆王国 (1~3) +赠品【88MB】,
17,【2D全彩】与男友的约定+男友和我坏掉的羁绊1-5【75MB】,
18,【2D全彩/合集】 感染 Infected 1-3+赠品X3【107MB】,
19,【3D全彩/无修】卡拉.洛克斯的私人健身系列 1-3(完)【122MB】,
0,【3D同人/合集】Haneto大师：艺术级3D作品合集+3D赠品【超精美/全步兵】【2.4G】,
1,【2D全彩】我的新妈妈是俄罗斯人！？【83MB】,
2,【3D全彩/无修】情人节短篇【24MB】,
3,【2D全彩/合集】魔喰 -DEATH GIRL-6篇+赠品X4【43MB】,
4,【2D全彩/合集】”ジュースボックス工場“作品6篇（我的英雄学院同人）【150MB】,
5,【2D全彩】我因为母亲的丰·满爆ru无法忍耐！【37MB】,
6,【3D全彩/无修】兽欲末途-初心 01-11 V2[完整版]（长篇剧情）【226MB】,
7,【3D同人/动态CG】精灵米拉的街头遭遇 1-5部 HD高清版【极品丝袜大长腿】【1.8G】,
8,【2D全彩/无修】人类jianyin计画+赠品X7【87MB】,
9,【3D全彩/无修】女·教师rou体改造1-3+番外【50MB】,
10,【2D同人/全网收集】DNF精品绅士步兵图集+福利姬：萌白酱赠品【白丝双马尾】【4.7G】,
11,【3D全彩/无修】熟~女英雄01-04(完)+短篇-死·亡之屋【64M】,
12,【3D全彩/无修】圣诞快乐 Merry Christmas【25M】,
13,【珍藏】裤袜星人の宝藏：仔猫20年珍藏~连裤袜极品图库 全收集【终极丝袜控】【700M】,
14,【2D全彩/无修】[魔人]euphoria 全CG包无修！！！（超赞）【1.2G】,
15,【2D全彩/合集】多摩豪11部 2019.02整合 【210MB】,
16,【2D全彩/无修】现役女大学生+赠品X5 【58MB】,
17,【3D全彩/无修】仕事依赖 01-07+其.他 【212MB】,
18,【2D全彩】人·妻魔法战士-圣女骑士【67MB】,
19,【2D全彩/合集】“pinkjoe”作品6本 【256MB】,
0,【2D同人/合集】国人画师G.M：精品同人作品合集+新春【里】赠品【全步兵】【1.8G】,
1,【2D/单行本】甘熟痴妻 + 插图卡【101MB】,
2,【3D全彩/无修】射雕密传定制 01-02(完)[完整版] 【258MB】,
3,【3D全彩/无修】 “Zzomp”作品37篇【168MB】,
4,【3D全彩/无修】碧蓝航线 无法完成的婚约 01-02(完)【70MB】,
5,【3D全彩/无修】画师合集-Luccass（同人/油画风格）【145MB】,
6,【2D同人/极品】LoganCure大师：4K极品艺术同人作品全收集【全步兵/推荐】【8.8G】,
7,【2D全彩/无修】少女と裏路1-5(完)+番外-附动图 【730MB】,
8,【2D全彩/合集】 “華フック”作品9本【465MB】,
9,【2D同人/全动态】画师Saltyicecream：精品全动态CG+视频合集【全步兵】【精品质量】,
10,【2D全彩】回到家后，看见妈妈手yin，推倒之后不知不觉中出 【89MB】,
11,【3D全彩/无修】我的熟母老师 01-05 【119MB】,
12,【3D全彩/无修】不知火舞的侍奉+CG图【75.7MB】,
13,【收藏/合集/动态CG】超过3G的实用GIF动漫绅士动图合集+赠品【春节礼包系列】【5.4G】,
14,【珍藏/全动态】Unitia 神讬使徒x终焉女神：HD全动态社保CG大合集★强烈推荐【2.2G】,
15,【2D全彩】High交 三女X中年教師 【77MB】,
16,【3D全彩/无修】The Bang1-2 【33MB】,
17,【3D全彩/无修】妈妈变小 01-06+番外篇2+外传+短篇 【260MB】,
18,【3D全彩/无修】异乡陌客1+2 【40MB】,
19,【国漫/超珍稀】武侠国漫-稀有3D绅士同人集 第2弹更新！【武庚/斗罗/九歌/秦时/锦衣】【125M】,
0,【3D全彩/无修】化妆妈妈 01-03+番外篇1-2(完)[完整版] 【50MB】,
1,【2D全彩/无修】九尾妖狐-恶女退治+其'他 【123MB】,
2,【2D全彩/合集】 “满珍楼 (COSiNE)”作品28部 【668MB】,
3,【3D全彩/无修】教师妈妈与美腿姐姐01-03+小明与妈妈的故事【58MB】,
4,【极品3D/全网收集】超赞3D艺术！Tales of Pleasure 12套全步兵合集【顶级质量】【216M】,
5,【3D全彩/无修】伪?唐代传奇(叶限)【255MB】,
6,【3D全彩/无修】后果 Consequences 01-09 (完) 【56MB】,
7,【2D全彩】昏睡☆后的生活 +赠品【53MB】,
8,【3D全彩/无修】愉快的周末 【65MB】,
9,【3D全彩/无修】Wild Suzi's Uncotrollable Lust 无法控制的yu望 【234MB】,
10,【3D全彩/无修】火影忍者疾风传 纲手之 死 (上+下) 【240MB】,
11,【2D热门/全网收集】哥布林杀手-精品同人集+赛高の赠品【高分辨/稀有】【3.08G】,
12,【3D全彩/无修】很纯很暧昧 01-05+其他 V2 (小说同人）【232MB】,
13,【2D全彩】校内全luo众人无视（完结）+赠品X6 【108MB】,
14,【2D全彩/合集】“Jab Comix”作品9篇【80MB】,
15,【2D全彩/合集】“色点屋”作品9本【130MB】,
16,【2D全彩/合集】巨ru战队1-4(完)【135MB】,
17,【3D全彩/无修】母子的聚会 01-05+其'他【235MB】,
18,【英雄联盟/魔改】英雄联盟LOL-超高清原画级别去衣集+同人集【步兵】【更新+补档】【900M】,
19,【全网收集/全彩汉化】新年礼包-146部稀有中文版韩漫大合集【无删减/PDF格式】【48G】（第三次补档）,
0,【高清/全彩/珍稀】武庚纪，斗罗大陆，天行九歌，秦时明月，天行九歌，锦衣卫(绅士图集)【130MB】,
1,【2D全彩/无修】FEMALE GENERAL 女将军（完）（古代）【41MB】,
2,【2D全彩】精zi交给辣妹妈妈吧!【223MB】,
3,【3D全彩/无修】Hawke - Private【55MB】,
4,【3D全彩/无修】我是个有钱的小孩【70MB】,
5,【2D全彩】肝っ玉母+続肝っ玉母【101MB】,
6,【3D全彩/无修】让我欲huo缠身的妈妈01-02【123MB】,
7,【2D全彩/合集】爆ru妈妈日常+赠品X6【40MB】,
8,【2D全彩/合集】”Free Style“10本（母系）【68MB】,
9,【3D全彩/无修】乐园农场短篇+赠品【145MB】,
10,【3D全彩/无修】 我与我的丝wa奶奶 01-02+外传【51MB】,
11,【同人魔改/全动态】海贼王OP-超魔改嘿嘿全动态作品大合集【高还原】【稀有】【350M】,
12,【2D全彩/合集】 催 眠“全国共通XXOO卷”6本【267MB】,
13,【3D全彩/无修】黑暗童话-白雪公主和小矮人【57MB】,
14,【2D全彩】我的人生 超-级-简-单-模-式【52MB】,
15,【3D全彩/合集】55bの作品 —2019.01【212MB】,
16,【国漫同人】营养社：国漫魔改3D同人作品-超稀有合集【王座/纳米/秦时/超神/大鱼等】【42M】,
17,【2D全彩/无修】2051年-2056的X教育【212MB】,
18,【2D全彩/无修】黑白的艺术の作品-太太日记+线稿等【61MB】,
19,【2D全彩/超清/无修】火影同人—漩涡向日葵合集【257M】,
0,【3D全彩/无修】Mother's Sleepover 母亲的夜晚 00-11【355MB】,
1,【2D全彩/无修】InCase作品6本+其他 【58MB】,
2,【3D全彩/无修】漂亮女战俘 1-5 【90MB】（已经重新上传资源了））,
3,【3D同人/动态】穿越火线CF：超稀有的3D同人作品大合集！【HD超高分辨率】【650M】,
4,【3D全彩/无修】 欲望の回廊 1-3章+番外 【140MB】,
5,【3D全彩/无修】我的大姐姐们 【93MB】,
6,【3D全彩/无修】THE TAN 褪色的母亲 01-04 【229MB】,
7,【2D全彩/合集】XX减肥法+其他X2【50MB】,
8,【3D全彩/无修】国产画师：遛鸟侠【31MB】,
9,【3D全彩/无修】学园霸王录【113MB】,
10,【珍贵同人】妖精的尾巴：价值千元的昂贵去衣大合集！【第一弹】【超高质量】【230M】,
11,【国漫同人】国漫同人3D作品-精品稀有合集！【斗罗/斗破/全职/天谕/梦塔等】【532M】,
12,【2D全彩/合集】 黒人VS学生1-3（完结）【134MB】,
13,【3D全彩/无修】 Hotel killer liè殺01-05（完结）【120MB】,
14,【3D全彩/无修】火影同人—大筒木辉夜（同人）【378MB】,
15,【3D全彩/无修】HS病栋 01-05【185MB】,
16,【同人/全动态】火影忍者同人~高还原嘿嘿全动态作品-步兵大合集！【稀有物】【500M】,
17,【3D全彩/无修】閪游记 01-40(完)（西游记同人）【209MB】,
18,【3D全彩/无修】xaqqの作品 2019【260MB】,
19,【3D全彩/无修】NTR+圣诞特辑【227MB】,
0,【3D全彩/无修】新-欲望森林 01-03【102MB】,
1,【3D全彩/无修】 猎妖杀手01-05+特別篇【131MB】,
2,【3D全彩/无修】人生-1季1-6+2季1-6 [完结]（长篇剧情）【434MB】,
3,【3D全彩/无修】 米尔夫别墅 Milf's Villa+短CG动画【63MB】,
4,【3D全彩/无修】Kidmo()の作品【207MB】,
5,【3D全彩/无修】奴隶時間 01-05(完)+特別篇【200MB】,
6,【3D全彩/无修】魔性的欲望 01-02【119MB】,
7,【3D同人/全网收集】真三国无双8-3D同人作品集 第二弹【精品/新增董白，辛宪英等】【180M】,
8,【3D全彩/无修】共享妻子 1+2季【202MB】,
9,【2D/无修】特殊家政 01-03【56MB】,
10,【2D全彩/无修】Milftoon-小飞侠 1-4 （同人）【51MB】,
11,【3D全彩/无修】“受难者”雷电女孩的故事 01-03(完) 【79MB】,
12,【3D全彩/无修】坏老板 BAD BOSS 01-06【134MB】,
13,【2D全彩/无修】龙珠同人 Milftoon-生日+其他3部【23MB】,
14,【3D全彩/无修】WANTED - Katrina D. Quinn+守望先锋CG【48MB】,
15,【3D全彩/无修】爱丽丝与阿波罗.狗 A New Lesson 【36MB】,
16,【3D全彩/无修】Zerion【109MB】,
17,【3D全彩/无修】乱lun大冒险 Incest Adventure 【120MB】,
18,【3D全彩/无修】KakiharaD01-05 【70MB】,
19,【3D全彩/无修】 和艳魔的契约01-08[完整版]+隐藏篇【218MB】,
0,【3D全彩/无修】 狐妖一族的悲催命运 【69MB】,
1,【3D全彩/无修】 母亲表演 Y3Dfbook 【30MB】,
2,【2D全彩/无修】 柠檬系列7部（合集）【80MB】,
3,【2D全彩/无修】 玛雅历险记+熟女時代01-03【61MB】,
4,【3D全彩/无修】 性感女人 1-5【321MB】,
5,【3D全彩/无修】罪人启示录 01-15【105MB】,
6,【3D全彩/无修】极品家丁完结（小说改编）【73MB】,
7,【3D全彩/无修】雪月俏佳人01-04+番外1-2【202MB】,
8,【3D全彩/无修】六界战姬-召唤之剑01-02+·笑傲天下01-04+特别篇【208MB】,
9,【3D全彩/无修】白天鹅之si+兔nv郎娜娜之si-三周年重置版V2【114MB】,
10,【3D全彩/无修】最爱上班 00-16【136MB】,
11,【3D全彩/无修】面具+史莱姆时间【150MB】,
12,【2D全彩/无修】派对时间系列【30MB】,
13,【3D全彩/无修】浑天暴君00-02【195MB】,
14,【2D全彩/无修】[Sillygirl] 守护少女1-6+番外1-3+杂图包【116MB】,
15,【3D全彩/无修】火影忍者-木叶村的女人们 无压缩版本（火影同人）【248MB】,
16,【3D全彩/无修】Velna Deluxe Edition【36MB】,
17,【3D全彩/无修】Female Legion 01-06+番外1-2【210MB】,
18,【2D全彩/无修】Frozen Parody(冰雪奇缘同人)1-10【60MB】,
19,【3D全彩/无修】万恶 第1-2季 01-02【204MB】,
0,【高清/全彩】画师合集-ExLic(同人）【279MB】,
1,【3D全彩/无修】一期一會 01-06(完)【204MB】,
2,【3D全彩/无修】鬼屋狼影【111MB】,
3,【3D全彩/无修】高贵的骑士调jiao篇【58MB】,
4,"【全彩/韩漫】老师,好久不见01-22【177MB】",
5,【高清/全彩/稀有】真三国无双8 3D同人画集 【95M】,
6,【3D全彩/无修】我的妈妈是妖狐【102MB】,
7,【3D全彩/无修】天网1-7+前传1-7+番外【326MB】,
8,【3D全彩/无修】迷糊的女儿1-14(完·双结局)【326MB】,
9,【3D全彩/无修】Mad Alyss 疯狂的爱丽丝1-6完结【240MB】,
10,【2D全彩/无修】模仿爸爸+小川家の母娘【45MB】,
11,【3D全彩/无修】DTEROMY1-2【50MB】,
12,【全彩/无修】Tanya &The Succubus 谭雅与魅魔 1-3【85MB】,
13,【全彩/无修】Super sons(超级儿子)+英雄联盟阿狸同人【50MB】,
14,【英雄联盟/魔改】英雄联盟LOL-超高清原画级别去衣集+同人集【步兵】【精品】【600M】,
15,【全彩/无修】AA大魔王玉奴 01-03【68MB】,
16,【全彩/无修】非常关系 01-02【55MB】,
17,【全彩/无修】征服美艳的护士妈妈 01-04【208MB】,
18,【全彩/无修】循环噩梦【60MB】,
19,【农药/合集】王者荣耀~全网收集【超魔改】绅士福利大合集【步兵】【2500P+】【1.1G】,
0,【全彩/无修】罪魇 第01-02章V2+小说+人物介绍（小说改编)【135MB】,
1,【高清/全彩/稀有】少女尿日記 01-14+全裸登校JC学生+蒐集露出【30M】,
2,【全彩/无修】社畜+惠奶果的特殊摄影+短篇4部【250MB】,
3,【全彩/无修】HS露出少女日记 1-6【200MB】,
4,【高清/全彩】[Devious3D] Gallery（女巨人/肌肉/真实3D）【72M】,
5,【全彩/无修】黑魔法师 1-4【238MB】,
6,【全彩/无修】我的妹妹是A.V女优+少女日记【58MB】,
7,【3D全彩/无修】天鹅湖 01-14 第一季(完)+人物设定1-3【248MB】,
8,【3D全彩/无修】共享xing伴侣01-50(完)+人物设定【123MB】,
9,【全彩/无修】沉沦国度1-6(完)【233MB】,
10,【全彩/无修】邪派妖女+反击1-4+其他X2【138MB】,
11,【3D全彩/无修】天降星之书01-04(完)【512MB】,
12,【3D全彩/无修】人间bian器 01-02(完)+番外【30.7MB】,
13,【3D全彩/无修】恋母 00-03【58.4MB】,
14,【3D全彩/无修】网游之真实世界 01-04【248MB】,
15,【3D全彩/无修】斗破苍穹之云韵无惨 01-03制作+其他【212MB】,
16,【3D全彩/无修】奴隶契约之女神战士01-19+其他【207MB】,
17,【3D全彩/无修】邪惡校園01-02(完)【52.9MB】,
18,【3D全彩/无修】搜查官监禁调教録 01-03【27.2MB】,
19,【3D全彩/无修】源力之战 01-02【71MB】,
0,【3D全彩/无修】剑仙落难 00-12【117MB】,
1,【3D全彩/无修】贝老黑的故事 01-03+番外【67.1MB】,