,标题,内容地址
0,"
    小学生X角色扮演
",https://www.macgn.com/archives/71852
1,"
    [牛头人]彼女的结末 梨花 高雄（83P)
",https://www.macgn.com/archives/71978
2,"
    [3D]异世界的阿姨们 1-6
",https://www.macgn.com/archives/71880
3,"
    （白嫖）一拳超人，地狱吹雪，中文
",https://www.macgn.com/archives/58743
4,"
    让人气愤的妹妹必须要被惩罚①～⑩（轻松搞笑向）
",https://www.macgn.com/archives/71693
5,"
    阿离奇遇记
",https://www.macgn.com/archives/71595
6,"
    公孙离同人3D漫画
",https://www.macgn.com/archives/53972
7,"
    [水龍敬] ラブスレイヴ 1~3部(コミックめづ ) 【免钻】
",https://www.macgn.com/archives/70573
8,"
    [クリムゾン (カーマイン)] C女的調教列車2 ～小悪魔制裁～
",https://www.macgn.com/archives/68966
9,"
    [ネギネギ夫] 種無し夫と発情妻/无种夫和发情妻 [汉化/全彩]
",https://www.macgn.com/archives/71219
10,"
    [小西] 鬼滅の刃(12218414)
",https://www.macgn.com/archives/71018
11,"
    久美子母女的快乐周末 01-04
",https://www.macgn.com/archives/71012
12,"
    [八木教广]Claymore 大剑 猎魔战记 漫画1-17卷（500M）
",https://www.macgn.com/archives/70542
13,"
    彩漫|这种日常操作有点厉害呢，牛头人狂奔？
",https://www.macgn.com/archives/70489
14,"
    降魔传
",https://www.macgn.com/archives/70352
15,"
    除了妈我谁也不想要！！6
",https://www.macgn.com/archives/69451
16,"
    韩漫调教妻子52话完结
",https://www.macgn.com/archives/69788
17,"
    [2D韩漫]玩huo
",https://www.macgn.com/archives/19184
18,"
    DNF同人作
",https://www.macgn.com/archives/42226
19,"
    天使军的抵抗【3D全彩】 62.2 MB
",https://www.macgn.com/archives/69547
20,"
    新来的邻居 01-04 [完]【3D全彩】
",https://www.macgn.com/archives/69542
21,"
    黑絲女騎士 01-05【3D全彩】
",https://www.macgn.com/archives/69535
22,"
    愛欲濕夜(完)3D全彩/无修
",https://www.macgn.com/archives/69519
23,"
    脊椎蛙
",https://www.macgn.com/archives/67123
24,"
    [中文全彩][男娘][theoldestcat汉化]チャイナ少年買椿录
",https://www.macgn.com/archives/18753
25,"
    subversive
",https://www.macgn.com/archives/69079
26,"
    (治愈)（free）一定要看看啊【汉化】【きい】日陰の詩 (COMIC 快楽天 2018年4月号)
",https://www.macgn.com/archives/68533
27,"
    [Lonely Church (鈴音れな)] 天下一ちんぽ武道会 [中国翻訳]
",https://www.macgn.com/archives/68228
28,"
    与成熟姐姐的被动式z爱 “いつつせ”x10
",https://www.macgn.com/archives/67942
29,"
    神奇的古代遗物催眠APP【新桥×不咕鸟×这很恶堕 联合汉化】【黑白】【229MB】
",https://www.macgn.com/archives/67933
30,"
    【全彩】新母亲是俄罗斯人？！211p  cg式画风（有女仆装水手服哦）
",https://www.macgn.com/archives/67887
31,"
    刀剑神域 DARLING in the FRANXX 龙王的工作彩图
",https://www.macgn.com/archives/67525
32,"
    刺激！{春夏秋冬}虐待用性奴隶の妹
",https://www.macgn.com/archives/67319
33,"
    【[おかゆさん] 今までで一番良かったセックス/单行本/汉化】
",https://www.macgn.com/archives/67275
34,"
    【 [むねしろ] 溺愛交尾/单行本/黑丝/出轨/小姨子】
",https://www.macgn.com/archives/67241
0,"
    【[条条です] Field on Fire (少女前線)1-2汉化/无修正】
",https://www.macgn.com/archives/67232
1,"
    【[森島コン] おしおきっ】黑丝/正太XJK
",https://www.macgn.com/archives/67222
2,"
    双子女武神 本子
",https://www.macgn.com/archives/66970
3,"
    扶她3本 杂
",https://www.macgn.com/archives/64144
4,"
    Fate本子
",https://www.macgn.com/archives/66292
5,"
    【全彩汉化】[まぐろ珈琲 (炙りサーモン丸)] 姉と異母姉が毎日俺にHを迫ってくる
",https://www.macgn.com/archives/66196
6,"
    [さんじゅうろう] おやつの時間 [中国翻訳][Digital] [鬼畜王汉化组]
",https://www.macgn.com/archives/66068
7,"
    (C96) [けんじゃたいむ (MANA)] Fate Gentle Order 5 (Fate Grand Order) [中国翻訳]
",https://www.macgn.com/archives/66060
8,"
    (C96) [クレスタ (呉マサヒロ)] CL-orc01 あねざんまい [中国翻訳]
",https://www.macgn.com/archives/60328
9,"
    【同人合集】3月23日
",https://www.macgn.com/archives/57490
10,"
    【汉化】【日吉ハナ】朧月夜 (コミック エグゼ 23)
",https://www.macgn.com/archives/65166
11,"
    纲手
",https://www.macgn.com/archives/55690
12,"
    【NTR】【Safe级本子】【瀬奈陽太郎】 ねっとりネトラレ 第1話
",https://www.macgn.com/archives/65022
13,"
    【NTR】【Safe级本子】[七保志天十]_深窓の痴嬢
",https://www.macgn.com/archives/65005
14,"
    【Euclid级本子】【少女】【生肉】真夏のひみつ情交
",https://www.macgn.com/archives/64153
15,"
    [2D漫画]我的青春恋爱物语果然有问题
",https://www.macgn.com/archives/64482
16,"
    [魔窟亭(長井未弥)] 淫魔転生隼人 [中国翻訳]
",https://www.macgn.com/archives/64131
17,"
    【NTR】【Keter级本子】【NTラボ (NTロボ)】 愛妻、同意の上、寢取られ4～岩下家の母～
",https://www.macgn.com/archives/63985
18,"
    天使兽（毁童年来了）（大雄领衔主演）（全彩）
",https://www.macgn.com/archives/63364
19,"
    狐狸是丁丁果（全彩）
",https://www.macgn.com/archives/61038
20,"
    [雛咲葉] 夜色の追想 (COMlC 快楽天ビースト 2018年1月号)纯爱无修
",https://www.macgn.com/archives/62933
21,"
    [エフ屋 (メッシィ)] ふたなりエルフちゃん[無邪気漢化組]
",https://www.macgn.com/archives/60820
22,"
    【免钻】黑丝（假封）
",https://www.macgn.com/archives/63159
23,"
    【免钻】修车工
",https://www.macgn.com/archives/63156
24,"
    【免钻】小马大车
",https://www.macgn.com/archives/63154
25,"
    【免钻】献上祝福
",https://www.macgn.com/archives/63149
26,"
    【免钻】无形人
",https://www.macgn.com/archives/63143
27,"
    【免钻】帅气病人
",https://www.macgn.com/archives/63140
28,"
    【免钻】青梅竹马（假封）
",https://www.macgn.com/archives/63135
29,"
    【免钻】母女通吃
",https://www.macgn.com/archives/63131
30,"
    【免钻】美好世界同人
",https://www.macgn.com/archives/63128
31,"
    【免钻】梅麻吕护士
",https://www.macgn.com/archives/63125
32,"
    【免钻】漫画英雄
",https://www.macgn.com/archives/63123
33,"
    【免钻】小龙卷
",https://www.macgn.com/archives/63117
34,"
    【免钻】邻居阿姨
",https://www.macgn.com/archives/63113
0,"
    【免钻】惠惠
",https://www.macgn.com/archives/63107
1,"
    【免钻】画素描
",https://www.macgn.com/archives/63102
2,"
    【免钻】纲鸣
",https://www.macgn.com/archives/63093
3,"
    游戏cg  [ソフトさーくるクレージュ] 寝取主義者の花嫁弄り! ～婚約者があんな声で喘ぐのを兄貴は知らない～
",https://www.macgn.com/archives/58331
4,"
    C97汉化本子】(C97) [Flock Blue (Blue)] Mash to Shitekita Kakushigoto (FateGrand Order) [Chinese] [無邪気漢化組]
",https://www.macgn.com/archives/63058
5,"
    烦恼学弟
",https://www.macgn.com/archives/63088
6,"
    【免钻】电梯惊魂
",https://www.macgn.com/archives/63083
7,"
    【免钻】地狱吹雪
",https://www.macgn.com/archives/61453
8,"
    LOVE色ぷち 1-7
",https://www.macgn.com/archives/60958
9,"
    【韩漫】健身教练
",https://www.macgn.com/archives/60940
10,"
    恍惚の騎士Ⅰ-IV
",https://www.macgn.com/archives/60711
11,"
    恶魔的邀请函
",https://www.macgn.com/archives/60748
12,"
    [3D]誅仙外傳之玉女蒙塵 第1-2章1-4+舊版V2
",https://www.macgn.com/archives/60457
13,"
    [3D] 入替皮杖后传 01-02
",https://www.macgn.com/archives/59555
14,"
    [3D全彩]帝国大事件 01-07[556MB]
",https://www.macgn.com/archives/60389
15,"
    【3D彩漫】少女游骑兵（萝莉向）
",https://www.macgn.com/archives/59971
16,"
    [いつつせ] ナナペル3分はらみっく (WEEKLY 快楽天) [中国翻訳] [DL版]
",https://www.macgn.com/archives/59668
17,"
    [3D]沒有名字的漫 01-07(完)
",https://www.macgn.com/archives/59508
18,"
    [3D]猎罪之花的陨落01-02
",https://www.macgn.com/archives/59444
19,"
    【C97汉化本子】(C97) [じぇのばけーき (たかやKi)] お仕置き大好きシリアスさん (アズールレーン) [空気系☆漢化]
",https://www.macgn.com/archives/59375
20,"
    【杂货整理/漫画系列/8本】（62M）
",https://www.macgn.com/archives/59293
21,"
    【毛玉牛乳 (玉之けだま)/ 全部君のせいだ1-2汉化/92M】（炼铜术士系列）
",https://www.macgn.com/archives/58440
22,"
    （已补）【黒本君  /商业本+同人本/1.2G】（炼铜术士系列）
",https://www.macgn.com/archives/58400
23,"
    [3D漫画] 被夜鬼闯进的妃子墓1-2 古装盗墓 旗袍丝袜 御姐长腿 （170M）
",https://www.macgn.com/archives/56955
24,"
    刀剑神域本子（中文全彩）
",https://www.macgn.com/archives/58128
25,"
    一脸嫌弃的给你看胖次（中文全彩）
",https://www.macgn.com/archives/57460
26,"
    妹妹的样子有点怪
",https://www.macgn.com/archives/55249
27,"
    [沙村广明] 人でなしの恋       翻译： 无人恋爱
",https://www.macgn.com/archives/57618
28,"
    那里的香气]韩漫网盘下载[高清彩图中文][共22话
",https://www.macgn.com/archives/57627
29,"
    三色坊 百花庄  30几M吧 一共三部每部20多张
",https://www.macgn.com/archives/57094
30,"
    [2D漫画] 【2D全彩】讨厌不.良少年的人-妻，被攻略输出。被丈夫发现全部过程【135MB】
",https://www.macgn.com/archives/57590
31,"
    一脸嫌弃的给你看胖次2（中文全彩）补贴
",https://www.macgn.com/archives/56151
32,"
    [3D]碎片1-3
",https://www.macgn.com/archives/57423
33,"
    [女神すぎるママが隣のオヤジに種付けプレスされていた件]
",https://www.macgn.com/archives/57400
34,"
    漫画.Sweet guy（可爱的家伙）75全
",https://www.macgn.com/archives/57345
0,"
    【同人】[アンソロジー] 別冊コミックアンリアル 人外お姉さんによる甘やかしO精編 Vol.1
",https://www.macgn.com/archives/57351
1,"
    3D全彩]欲·望之瞳 01-02
",https://www.macgn.com/archives/57197
2,"
    仕事依頼
",https://www.macgn.com/archives/56970
3,"
    调查
",https://www.macgn.com/archives/56965
4,"
    [3D全彩]愛·I欲濕夜 (完)+赠品
",https://www.macgn.com/archives/56754
5,"
    【神作整合】水龙敬湿乐园！游戏版+动画汉化版+漫画汉化版【1.5G】（搬运）
",https://www.macgn.com/archives/56725
6,"
    [ズガイコツマルダシ (伊万里)] 巫女落華（三部全）
",https://www.macgn.com/archives/56695
7,"
    3D全彩/】帝国的陨落01-02+短篇X2【115MB】
",https://www.macgn.com/archives/56602
8,"
    [3D]大学实习老师与小明的故事 01-02 10話
",https://www.macgn.com/archives/56487
9,"
    高慢妻が寝取られて-チャラ男の巨根に堕ちたプライド-
",https://www.macgn.com/archives/49154
10,"
    [中文彩漫[郁村 (郁)] 人妻の甘（178p）
",https://www.macgn.com/archives/55766
11,"
    奈塚Q弥作品合集
",https://www.macgn.com/archives/55753
12,"
    [アジサイデンデン (川上六角、小鳥遊レイ)] わっちとにょっひら本 FULL COLOR (狼と香辛料) [中国翻訳]
",https://www.macgn.com/archives/55651
13,"
    以轻松的心情上了房间的辣妹和姐姐！ ？
",https://www.macgn.com/archives/51704
14,"
    [伊翁］黒華鎮魂 ブラックレクイエム (グランブルーファンタジー)[ion] Black Requiem (Granblue Fantasy)
",https://www.macgn.com/archives/55021
15,"
    【全彩韩漫】漂亮干姐姐1-66
",https://www.macgn.com/archives/54087
16,"
    更衣間的故事P1-2 V2   3D漫画   98MB
",https://www.macgn.com/archives/54023
17,"
    我本善良 1-3    3D漫画   228MB
",https://www.macgn.com/archives/53987
18,"
    校花的贴身高手凌辱篇   3D漫画   288MB
",https://www.macgn.com/archives/53959
19,"
    TD沉浮记    漫画  137MB
",https://www.macgn.com/archives/53936
20,"
    金麟岂是池中物：【1-59全】官方中文版【新作/超精美/400M】
",https://www.macgn.com/archives/53918
21,"
    刀剑神域_第四弹
",https://www.macgn.com/archives/53283
22,"
    [西川康] 内はいいものだ [4K掃圖組]（搬运）
",https://www.macgn.com/archives/52740
23,"
    メス豚アヴェンジャーJ豚ちゃん調教日記 (FateGrand Order)
",https://www.macgn.com/archives/52715
24,"
    [かんぱん工場 (犬井ぱんこ)] POOL SIDE MIRAGE (FateGrand Order)
",https://www.macgn.com/archives/52647
25,"
    【2D同人/单行本】[すずはねすず] 银O荡的假面 HD [角色扮演]【236MB】
",https://www.macgn.com/archives/51917
26,"
    2D同人/单行本】[すずはねすず] 银O荡的假面 HD商業版 [角色扮演]【236MB】
",https://www.macgn.com/archives/52444
27,"
    [3D彩漫][已补档]Virus(1–3)[310M]
",https://www.macgn.com/archives/52257
28,"
    [3D漫画] TIME TO KILL 新版 1-2+旧版
",https://www.macgn.com/archives/52131
29,"
    ミセリアへの手紙
",https://www.macgn.com/archives/52123
30,"
    3D全彩】大学实习老师与小明的故事 01-02 10話【70MB
",https://www.macgn.com/archives/51775
31,"
    3D全彩】密室虐X殺の物語 01-02(轻重扣/完)+我的女友晓雯【92MB】
",https://www.macgn.com/archives/51757
32,"
    2D全彩/合集】[夢茶会] 小顺酱(侄女)开发日记 1-4.1+番外篇X2 共10话【129MB】
",https://www.macgn.com/archives/51638
33,"
    2D全彩】学校旅游时其他人都看不到我在疯狂输出【189MB
",https://www.macgn.com/archives/51584
34,"
    [韩漫] 弱点/ 弱點 01-43话 (汉化到37话) PDF版
",https://www.macgn.com/archives/51465
0,"
    【3D全彩/无修】和女王婚后的生活（上部+下部）
",https://www.macgn.com/archives/51442
1,"
    [3D漫画] 【3D全彩】沙滩上的故事 [御姐/AI少女]
",https://www.macgn.com/archives/51309
2,"
    3D全彩/无修】沙滩上的故事 [御姐/AI少女]【99MB】
",https://www.macgn.com/archives/51236
3,"
    【小马拉大车】[全彩姐弟] 【汉化】我的Y乱姐姐们 - 姉ビッチはぁれむ!【带赠品，看简介】
",https://www.macgn.com/archives/50845
4,"
    [堀石掘人] 色鬼ヶ島 乳鬼娘と子作り合戦! V5版【汉化】
",https://www.macgn.com/archives/50836
5,"
    [全彩同人] 魔鬼终结者-屁股之战 - 付けおじさん终结者【带赠品，看简介】
",https://www.macgn.com/archives/50829
6,"
    2D全彩/中文】旧校舍的幽灵榨精！中文版 【小马拉大车/画风精美】
",https://www.macgn.com/archives/50543
7,"
    2D同人/合集】银母O园，肆意与母亲交-配 “TYPE.90”x54本合集【1.73G】
",https://www.macgn.com/archives/50403
8,"
    [单行本] 僕は小さな淫魔のしもべ + 限定小冊子【汉化/全彩/105MB】
",https://www.macgn.com/archives/49975
9,"
    阴郁的美少女被班主任侵犯【汉化/全彩】
",https://www.macgn.com/archives/49926
10,"
    情热运动1-2【汉化/全彩/207MB】
",https://www.macgn.com/archives/49908
11,"
    （COMIC1☆16）[コドモビール（ユキバスターZ）]异类婚姻谭若鲇[汉化/全彩][29P]
",https://www.macgn.com/archives/49471
12,"
    FGO同人两篇
",https://www.macgn.com/archives/49893
13,"
    3D全彩】单身的秘密+小短篇X2+其·他【120MB】
",https://www.macgn.com/archives/49666
14,"
    2D全彩】人.妻家事代行サービス+秘书VR机器洗-脑性XO化【279MB】
",https://www.macgn.com/archives/49662
15,"
    刀剑神域第三弹
",https://www.macgn.com/archives/49658
16,"
    【700M】[玉之けだま] 僕は小さなY魔のしもべ + メロンブックス限定小冊子 + とらのあな限定小冊子 [中国翻訳] [山樱汉化]
",https://www.macgn.com/archives/49632
17,"
    (同人CG集) [ヨダカパン (豊咲)] メスネコのシッポ～催眠パワーでイジメっこもスキなコもヤリタイほうだい～ [260M]
",https://www.macgn.com/archives/49391
18,"
    (C97) [ニュートンの林檎 (戌角柾)] N,s A COLORS #11 (艦隊これくしょん -艦これ)
",https://www.macgn.com/archives/49137
19,"
    [赤木リオ] 極楽温泉物語 1-4話
",https://www.macgn.com/archives/20792
20,"
    ネトラレ卒業旅行(毕业旅行)[全彩/汉化]
",https://www.macgn.com/archives/49072
21,"
    三玖が既成事実を作る本 (五等分の花嫁)[全彩/汉化]
",https://www.macgn.com/archives/48207
22,"
    碧蓝幻想同人
",https://www.macgn.com/archives/48754
23,"
    [Vadass (おるとろ)] オトコダイスキ 肉食系お姉さん [中国翻訳]
",https://www.macgn.com/archives/48732
24,"
    3D全彩】爱X欲湿夜 [淑女/女老师]【227MB】
",https://www.macgn.com/archives/48597
25,"
    Takuji Hon GOLD 2018 Fuyu  +  がるねくすとどあ( 两篇不同的哦)[全彩]
",https://www.macgn.com/archives/47678
26,"
    [不可不可 (関谷 あさみ)] (クオリディアコード) [中国翻訳]
",https://www.macgn.com/archives/47909
27,"
    OrangeMaru”x37
",https://www.macgn.com/archives/47749
28,"
    某科学电磁炮同人本
",https://www.macgn.com/archives/47747
29,"
    刀剑神域第二弹
",https://www.macgn.com/archives/47744
30,"
    FGO同人两篇（补）
",https://www.macgn.com/archives/47716
31,"
    《杀戮都市》[18区]科幻漫画的天花板
",https://www.macgn.com/archives/47405
32,"
    2D全彩】好XO的清.纯大欧派JK被我调教成母猪【120MB
",https://www.macgn.com/archives/47487
33,"
    2D同人/合集】调.教后妈和姐姐“ドリルムラタ”x24本合集【1.4G】
",https://www.macgn.com/archives/47462
34,"
    フェネック娘Summer（汉化）
",https://www.macgn.com/archives/47091
0,"
    FGO同人两部（补）
",https://www.macgn.com/archives/46659
1,"
    [てまりきゃっと (爺わら)] お姉さんが養ってあげる
",https://www.macgn.com/archives/46605
2,"
    家庭教師先のお母さんと
",https://www.macgn.com/archives/44540
3,"
    2D全彩/合集】[灰司] 近女誘惑 14部 2020.03整合 [小马拉大车]【313MB】
",https://www.macgn.com/archives/46310
4,"
    2D同人/合集】妈妈带女儿去SPA，一起与猛男XO“シロノマヒロ”x11本合集【534MB】
",https://www.macgn.com/archives/46290
5,"
    [シロノマヒロ] こにしてこあり
",https://www.macgn.com/archives/46213
6,"
    刀剑神域同人本
",https://www.macgn.com/archives/46202
7,"
    战姬散歌 竜胆 很老的
",https://www.macgn.com/archives/45935
8,"
    【神作整合/汉化】水龙敬湿乐园！游戏版+动画汉化版+漫画汉化版
",https://www.macgn.com/archives/45610
9,"
    (C96) [Kenja Time (MANA)] Gentle Frontline (Girls' Frontline) [Chinese] [从本子了解少女前线&无毒汉化组]
",https://www.macgn.com/archives/44499
10,"
    アクマでJK!（180p）
",https://www.macgn.com/archives/45459
11,"
    お姉ちゃんブートキャ（210p）
",https://www.macgn.com/archives/45456
12,"
    “春城秋介”四本
",https://www.macgn.com/archives/45452
13,"
    [利行] 痴女恋（179p）
",https://www.macgn.com/archives/45214
14,"
    2D全彩】社畜为了复仇而将社长的女儿囚禁起来【132MB
",https://www.macgn.com/archives/45419
15,"
    2D全彩】现代转生的贤者用咒语催·眠+白天是勇者晚上是魔物娘【73MB】
",https://www.macgn.com/archives/45393
16,"
    2D全彩】亲姐姐和混血姐姐一起为了我服务+旅馆経営者【345MB】
",https://www.macgn.com/archives/45321
17,"
    re从零开始的异世界生活本子合集
",https://www.macgn.com/archives/44920
18,"
    fate同人本合集1.8g
",https://www.macgn.com/archives/37573
19,"
    天鹅绒之吻漫画（全32话+vol1,2,3）
",https://www.macgn.com/archives/44830
20,"
    2D全彩】唯命是从-催·眠学院~沦为XXOO对象的女友们【280MB】
",https://www.macgn.com/archives/44503
21,"
    [3D全彩/无修][青羽] 女搜查官凌.褥[92MB]
",https://www.macgn.com/archives/44525
22,"
    【3D漫画】【重口】女犯之死
",https://www.macgn.com/archives/44332
23,"
    u罗汉
",https://www.macgn.com/archives/39298
24,"
    【漫画】传说之战
",https://www.macgn.com/archives/43754
25,"
    魔法少女 20.0 (絶対純白魔法少女)
",https://www.macgn.com/archives/43682
26,"
    鬼灭同人
",https://www.macgn.com/archives/40970
27,"
    【3d彩漫】【已补档】格斗 100M
",https://www.macgn.com/archives/43263
28,"
    三国无双貂蝉1-3     送三国梦想吕玲绮
",https://www.macgn.com/archives/41202
29,"
    【同人漫画】2233娘～
",https://www.macgn.com/archives/43076
30,"
    《[画集] (ゲームCG) 保育しちゃお! エッチな年上保母さんとイチャイチャお遊戯 [JPG] [573M]》
",https://www.macgn.com/archives/42857
31,"
    [本子分享]みりあが風呂にやってきた!!![失传技术研究所字幕组]
",https://www.macgn.com/archives/41469
32,"
    【汉化-同人漫画】DARLING.02～
",https://www.macgn.com/archives/42640
33,"
    3D+2D全彩/无修】綾香的日記 01-02+诺艾米日常【99MB】
",https://www.macgn.com/archives/42583
34,"
    2D全彩】女神般的妻子竟然OO的丈夫下属 “Ver9”x2本【187MB】
",https://www.macgn.com/archives/42323
0,"
    人渣境界【1-2】 中文版【剧情向/精美】【276mb】
",https://www.macgn.com/archives/42042
1,"
    拱火天王孙峰 中年男x强制喵化
",https://www.macgn.com/archives/38051
2,"
    3D全彩/无修】[喵子] 乌托邦 01-05 [未来幻想]【205MB】
",https://www.macgn.com/archives/41812
3,"
    3D全彩/无修】月清 系列 (黑丝御姐的危机) 01-05【120MB】
",https://www.macgn.com/archives/41736
4,"
    （搬运）很久以前整理扶她合集
",https://www.macgn.com/archives/22832
5,"
    3D+2D全彩/无修】[Vadass (Oltlo)] 肉食性姐妹+姿势分子 01-03【180MB】
",https://www.macgn.com/archives/41504
6,"
    ヒラニ(ぎんハハ)エッチしたいメイが大好き[图集]
",https://www.macgn.com/archives/41612
7,"
    【C94】妹は催眠術[中国翻訳]
",https://www.macgn.com/archives/41169
8,"
    ポケットモンスター ソードシールド[全彩/汉化]
",https://www.macgn.com/archives/41019
9,"
    【3D单行本】【Andy3DX】The Amazing Elinor 2【62P】
",https://www.macgn.com/archives/40637
10,"
    [本子分享] [脸肿汉化组] (C97) 痴漢の存在しない素晴らしいセカイ 教室編
",https://www.macgn.com/archives/41003
11,"
    もし禰豆子が悪い人に捕まったら…(如果祢豆子被坏人抓住的话…)[汉化]
",https://www.macgn.com/archives/37518
12,"
    催眠漫画合集
",https://www.macgn.com/archives/40947
13,"
    【2D同人/合集】巨大欧派是累赘，带来麻烦(ω) “PIえろ”x20本合集【619MB】
",https://www.macgn.com/archives/40935
14,"
    【全彩】阿拉德助教
",https://www.macgn.com/archives/40910
15,"
    [絶対少女 (RAITA)] 魔法少女 1-9    【128mb】
",https://www.macgn.com/archives/40797
16,"
    3D全彩/无修】这个红发碧·池很浪 01-04+前傳【76MB】
",https://www.macgn.com/archives/40780
17,"
    【3D漫画】弱肉强食1-2季+番外
",https://www.macgn.com/archives/40448
18,"
    炼铜常见的方法有两种
",https://www.macgn.com/archives/40210
19,"
    [ORICOMPLEX (orico)] ANGEL DUST (クイーンズブレイド) 三本合集 全彩
",https://www.macgn.com/archives/38259
20,"
    2D全彩】老实的妻子被黄毛XO了，然后还去拍那啥+魔法戦士汉化2本【115MB】   [
",https://www.macgn.com/archives/40156
21,"
    2D全彩】地/震后被关在柜子里全果XXOO的母·子！+赠品【92MB】
",https://www.macgn.com/archives/40153
22,"
    2D同人/合集】聚会时，老婆和邻居们在厕所XXOO “榊歌丸”x18本合集【545MB】
",https://www.macgn.com/archives/40150
23,"
    梓猫买酱油四部曲（全彩）
",https://www.macgn.com/archives/40022
24,"
    古明地合集（全彩）
",https://www.macgn.com/archives/39997
25,"
    閪遊記【1-40全】完结中文版【改篇就是乱篇/谢罪警告】
",https://www.macgn.com/archives/39990
26,"
    舰娘篇（全彩）
",https://www.macgn.com/archives/39976
27,"
    厳しいままに仕返しを!おねだり種付プレス  [完结|全彩]
",https://www.macgn.com/archives/39760
28,"
    【3D全彩/无修】女神瑜伽课+雨后故事【116MB】
",https://www.macgn.com/archives/39666
29,"
    2D全彩】有一天，在网上发现了女友和它闺密拍的视频 1-4话全【76MB】
",https://www.macgn.com/archives/39654
30,"
    【2D同人/中文】极限毁童年！葫芦娃，小新，喜羊羊，猫和老鼠等同人合集【无敌】
",https://www.macgn.com/archives/39625
31,"
    2D全彩/合集/同人】母亲在我面前给别人XO “ドーシア(テラスmc)”x31本合集【329MB】
",https://www.macgn.com/archives/39284
32,"
    3D全彩/无修】死O亡记录 01-03 [小马拉大车/微重口]215MB
",https://www.macgn.com/archives/39214
33,"
    3D全彩/无修/合集】H国漫大神作品合集 “书生”x5部+小说【1.7GB】
",https://www.macgn.com/archives/38984
34,"
    琴女之家(前后篇)
",https://www.macgn.com/archives/38993
0,"
    2D全彩/合集】妻子在丈夫面前被大叔至高-巢 “あらくれ”x46+动画版【976MB】
",https://www.macgn.com/archives/38973
1,"
    2D全彩/合集】妈妈是给考生用的家庭教.师+同作者(姐姐+嫂子篇)【179MB】
",https://www.macgn.com/archives/38971
2,"
    2D全彩/合集】堂姐人.妻穿着水手服和我XXOO “妄想エンジン”x12本合集【475MB】
",https://www.macgn.com/archives/38919
3,"
    2D全彩/合集】纯情女友背着我和大叔XO学姿势“ロケットモンキー”x26本【820MB】
",https://www.macgn.com/archives/38913
4,"
    3D全彩/无修】神雕侠侣-黄蓉1-6 [武侠/同人]【131MB】
",https://www.macgn.com/archives/38804
5,"
    3D全彩/无修】魅魔 S1-5部01-03+番外(魔王变身) 共36部【523MB
",https://www.macgn.com/archives/38779
6,"
    3D全彩/无修】妖蟲寄生 01-10+重製版RE01-8+其·他【347MB】
",https://www.macgn.com/archives/38665
7,"
    2D全彩】老婆被店长胁迫，在老公身边P前篇+后篇汉化版
",https://www.macgn.com/archives/38652
8,"
    成熟的姐姐与可爱弟弟XXOO – リリックX4本合集
",https://www.macgn.com/archives/38479
9,"
    [R比脸大篇】(成年コミック) [雑誌] COMIC 失楽天 2020年4月号 [DL版][自建x2][938M]4K
",https://www.macgn.com/archives/38220
10,"
    凯蒂娅奥特曼
",https://www.macgn.com/archives/38149
11,"
    欲望の回廊 1-3章+番外 日常篇1完整版 附作者最2020.2月新的图集
",https://www.macgn.com/archives/38140
12,"
    【Amusteven大神3D】疯狂的爱丽丝全集——经典系列图包（宙斯汉化组）
",https://www.macgn.com/archives/35855
13,"
    小马拉大车
",https://www.macgn.com/archives/34973
14,"
    英雄联盟阿狸琴女黑白本子
",https://www.macgn.com/archives/34506
15,"
    [中文] [3D彩漫] 女警沉沦~正篇 1-13集
",https://www.macgn.com/archives/37418
16,"
    [3D漫画] 奇怪的家庭生日篇
",https://www.macgn.com/archives/37409
17,"
    [汉化][3D彩漫][碧蓝航线] 无法完成的婚约
",https://www.macgn.com/archives/36827
18,"
    《[汉化][3D彩漫][jared999d] Wild Suzi's Uncontrollable Lust part1-3 汉化版》
",https://www.macgn.com/archives/36791
19,"
    [2D彩漫/中文/无修/合集]“妈妈是Y123L空姐”13部 Scarlett Ann+图集 [12月整合]
",https://www.macgn.com/archives/36688
20,"
    [自购]くそざこ吸血鬼～拉致されたと思ったらちょろ甘だったので犯してみた～
",https://www.macgn.com/archives/35894
21,"
    杏奴纪元：【1-30】+小剧场【1-17】完结中文版★小马拉大车【完结】
",https://www.macgn.com/archives/36297
22,"
    [王国産 (格闘王国)] CHOP STICK (ワンピース) [罗宾and乔巴]
",https://www.macgn.com/archives/36201
23,"
    【搜集】【部分无修含彩蛋】saitom17本
",https://www.macgn.com/archives/35992
24,"
    【本子合集】五等分の花嫁 / 五等分的新娘 作品合集 (26本+16本 1.27G+546M)
",https://www.macgn.com/archives/35911
25,"
    [JM大神]作品补全
",https://www.macgn.com/archives/32272
26,"
    金秘书
",https://www.macgn.com/archives/35438
27,"
    箭毒蛙作品：要君
",https://www.macgn.com/archives/35057
28,"
    嫦娥造反记（三生万）
",https://www.macgn.com/archives/35039
29,"
    冰菓本子整合
",https://www.macgn.com/archives/34995
30,"
    [vanilla] メルティングアイスクリーム ポプリコミックス
",https://www.macgn.com/archives/34559
31,"
    【3D全彩/无修】儿童节特别节目-惊喜果果1-2季（重~口）【95MB】
",https://www.macgn.com/archives/33649
32,"
    夏のあること（少女裹路地番外）+通販エルフ[全彩，无修正]（补/附GIF整合）（链接已改）
",https://www.macgn.com/archives/32933
33,"
    漫画合集
",https://www.macgn.com/archives/32269
34,"
    A3D!【扶她本子合集】
",https://www.macgn.com/archives/32808
0,"
    LOL合集（100M）
",https://www.macgn.com/archives/30671
1,"
    【3D同人/中文】蝴蝶之殇：1-2季25集+魔女小剧场+外传【超长篇/重扣/丝·袜】【3G】
",https://www.macgn.com/archives/32715
2,"
    【3D全彩/无修】吊啦A梦01-02+儿媳孙女恶作剧终受到正义制裁 [同人]【237MB】
",https://www.macgn.com/archives/32261
3,"
    《超级女孩》第二部，高清无删减版
",https://www.macgn.com/archives/32435
4,"
    [きょくちょ] らぶりー + 8P小冊子
",https://www.macgn.com/archives/32412
5,"
    [ゲンツキ] 君想ふ恋单行本
",https://www.macgn.com/archives/32364
6,"
    [めいか] 白濁母 [4K掃圖組]  单行本  汉化
",https://www.macgn.com/archives/32344
7,"
    [アシオミマサト] クライムガールズ
",https://www.macgn.com/archives/32202
8,"
    鬼月老师49本
",https://www.macgn.com/archives/32195
9,"
    鬼月老师49本
",https://www.macgn.com/archives/32183
10,"
    [Pale Scarlet (松河)] 漫画合集
",https://www.macgn.com/archives/30973
11,"
    ねっとり嫁母疼き発情り【单行本】
",https://www.macgn.com/archives/31978
12,"
    ベッドの下の女王様【汉化版全集】
",https://www.macgn.com/archives/31954
13,"
    【COMIC ExE】合集16本+2图集
",https://www.macgn.com/archives/31930
14,"
    姉なるもの系列【中/日全集18册】
",https://www.macgn.com/archives/31918
15,"
    幻生1-20+22（应该只有图）
",https://www.macgn.com/archives/31014
16,"
    冒险家的后宫之旅
",https://www.macgn.com/archives/31757
17,"
    [桃吹リオ] 純欲解放区 [漢化][無修正]
",https://www.macgn.com/archives/31490
18,"
    【全彩中文】街霸VS拳皇
",https://www.macgn.com/archives/31419
19,"
    comic 小册子 收藏向（16本汉化版）
",https://www.macgn.com/archives/31400
20,"
    2018年秋叶原同人本top30合集（汉化版）
",https://www.macgn.com/archives/31275
21,"
    小樱纲手同人，画风一级棒。
",https://www.macgn.com/archives/31000
22,"
    【已补】蔵鴨 (月ノ輪ガモ)合集与となりの千夏ちゃ合集
",https://www.macgn.com/archives/30929
23,"
    [2D全彩/合集][ちゅらる庵] FGO的足·控本 01-08+碧藍幻想[245MB]
",https://www.macgn.com/archives/30579
24,"
    [織田non]作品合集[877M]
",https://www.macgn.com/archives/25793
25,"
    [全彩] 厉害了!!我的女友在VR游戏中偷情，还很会玩 - ネトラレデ
",https://www.macgn.com/archives/28635
26,"
    《超级女孩》高质量韩国漫画作品，全高清漫画无删减
",https://www.macgn.com/archives/30459
27,"
    幻想生物图鉴
",https://www.macgn.com/archives/30474
28,"
    [みちきんぐ]的合集
",https://www.macgn.com/archives/30438
29,"
    [みちきんぐ] 主従えくすたしー +とらのあなリーフレット+メロンブックスリーフレット[MJK-16-D400][單行本]
",https://www.macgn.com/archives/29801
30,"
    [已补][汉化]一拳超人清炭版
",https://www.macgn.com/archives/30377
31,"
    kda本子
",https://www.macgn.com/archives/30272
32,"
    [いんとくいんふぉ (遠藤弘土)] 汉化合集
",https://www.macgn.com/archives/29739
33,"
    [3d彩漫]丝情袜意
",https://www.macgn.com/archives/29793
34,"
    神姬gif
",https://www.macgn.com/archives/29428
0,"
    恶魔也要义务教育
",https://www.macgn.com/archives/29206
1,"
    【中文】華-大合集
",https://www.macgn.com/archives/29139
2,"
    回到小时候报复妈妈！1080HD汉化版+CG漫画版【新汉化】【1G】
",https://www.macgn.com/archives/28990
3,"
    《露西亚的绝密训练》作者:TRNR
",https://www.macgn.com/archives/28562
4,"
    [中文彩漫]调教家政妇01-12
",https://www.macgn.com/archives/28439
5,"
    KOF2000全彩中文漫画
",https://www.macgn.com/archives/27939
6,"
    国漫重口大神JM作品：帝国-社会篇！中文版
",https://www.macgn.com/archives/27691
7,"
    【英雄联盟】艾瑞莉娅+卡尔玛、KDA
",https://www.macgn.com/archives/27420
8,"
    岛风本子合集（50本）
",https://www.macgn.com/archives/26957
9,"
    [3D]校园奴隶契约1-72[完]+57续+番外2篇[中文] 658MB
",https://www.macgn.com/archives/26920
10,"
    天呐噜！我竟然看到了百度（度娘）的本子
",https://www.macgn.com/archives/26383
11,"
    【已补档两次】ぬるぬる百合OL 濕潤濕潤百合OL(194P)
",https://www.macgn.com/archives/25815
12,"
    [鬼月あるちゅ]もんはんのえろほん9[17.33M][67P]
",https://www.macgn.com/archives/24936
13,"
    相亲相爱一家人（叁）
",https://www.macgn.com/archives/25660
14,"
    【监狱学园合集】高质量3D同人作品全集|本子|漫画277话完结合集|动画13集合集|9G
",https://www.macgn.com/archives/25316
15,"
    萌新上路
",https://www.macgn.com/archives/25334
16,"
    【英雄联盟】艾瑞莉娅
",https://www.macgn.com/archives/22108
17,"
    [鬼月あるちゅ]もんはんのえろほん8[8.71M][45P]
",https://www.macgn.com/archives/24930
18,"
    [みちきんぐ] 主従えくすたしー +とらのあなリーフレット+メロンブックスリーフレット [無邪気漢化組][MJK-16-D400][單行本]
",https://www.macgn.com/archives/24376
19,"
    魅魔（183P）
",https://www.macgn.com/archives/24420
20,"
    [全彩] “ヨーグル本舗”作品5本-【235M】
",https://www.macgn.com/archives/21638
21,"
    [鶯屋 (鶯神楽)] EndlessTreasureExploration (ファンタシースターポータブル)[步兵][8.5M][26P]
",https://www.macgn.com/archives/23832
22,"
    漫画：织田小合集
",https://www.macgn.com/archives/23897
23,"
    (C97)フォーミダブルが知りたいのは… (アズールレーン) [中国翻訳](20P)
",https://www.macgn.com/archives/23138
24,"
    龙女仆本子合集
",https://www.macgn.com/archives/23003
25,"
    立香君の災難？ 狙われた子羊!! (Fate Grand Order)
",https://www.macgn.com/archives/22353
26,"
    C94本子展漫画合集
",https://www.macgn.com/archives/22686
27,"
    (C97) (きびぃもか)フォーミダブルは立派なロイヤルレディ (アズールレーン)
",https://www.macgn.com/archives/22640
28,"
    啦啦人的书物［本子］
",https://www.macgn.com/archives/22636
29,"
    [] 2B  (ニーア オートマタ)
",https://www.macgn.com/archives/22637
30,"
    相亲相爱一家人（第二回）
",https://www.macgn.com/archives/22019
31,"
    [Chocolate Land (kakao)] Koakuma Setsuko no Himitsu [Chinese] [无毒汉化组]
",https://www.macgn.com/archives/22210
32,"
    罪恶王冠 集与祈的浪漫式
",https://www.macgn.com/archives/22198
33,"
    [Metabo Offensive Smell Uproar (Itachou)] F3 -Wana Ochi- (Mahou Shoujo Lyrical Nanoha) [Chinese] [輝夜漢化]
",https://www.macgn.com/archives/22189
34,"
    [Crimson Comics (Carmine)] Sephiria Hard Soushuuhen (Black Cat) [Chinese] [xyx1126个人汉化]
",https://www.macgn.com/archives/22099
0,"
    妻母 汉化本合集 278本
",https://www.macgn.com/archives/21953
1,"
    (ぷよ主義8) 淫花爛漫～妖姿媚態の闇の忍、強制女体化～ (ぷよぷよ)
",https://www.macgn.com/archives/21831
2,"
    [Kuroshiro Desire (Akitsuki Karasu)] TateSweater Bunny April (FateGrand Order) [Chinese] [無邪気漢化組]
",https://www.macgn.com/archives/21811
3,"
    (C94) [OrangeMaru (YD)] Yaou (FateGrand Order) [Chinese] [無邪気漢化組]
",https://www.macgn.com/archives/21805
4,"
    Fate stay night 彩漫
",https://www.macgn.com/archives/21801
5,"
    674430-(C81) [GOLD RUSH (Suzuki Address)] Ayasebon (Guilty Crown) [Chinese] [graviton个人汉化]
",https://www.macgn.com/archives/20835
6,"
    [英雄联盟]（全彩）琴女之家（后篇）[已补]
",https://www.macgn.com/archives/21661
7,"
    [英雄联盟]（全彩） 琴女之家！！！！
",https://www.macgn.com/archives/21659
8,"
    [英雄联盟] （全彩） 就叫奈子吧！
",https://www.macgn.com/archives/21657
9,"
    【英雄联盟】（全彩） 任务开始
",https://www.macgn.com/archives/21655
10,"
    【英雄联盟】（全彩） 召唤师峡谷的夏天
",https://www.macgn.com/archives/21653
11,"
    陰キャ美少女は担任に犯されてもイキまくる2
",https://www.macgn.com/archives/21597
12,"
    巨乳小姐姐の训练日常~
",https://www.macgn.com/archives/21392
13,"
    狂骚三重奏
",https://www.macgn.com/archives/20860
14,"
    【风尘在汉化】永恒族V4 #3百度云迅雷下载
",https://www.macgn.com/archives/20890
15,"
    全彩 (Monster Hunter)
",https://www.macgn.com/archives/20829
16,"
    全彩 狂骚三重曲
",https://www.macgn.com/archives/20196
17,"
    鬼月作品  （1.1G）补
",https://www.macgn.com/archives/20599
18,"
    [歯車] 放課後、橋の下で、(COMIC アンスリウム 2020年2月号) [中国翻訳] [DL版]
",https://www.macgn.com/archives/20530
19,"
    [月本築希] ヤリサーの実態1~6
",https://www.macgn.com/archives/20040
20,"
    全彩漫画 子母豚
",https://www.macgn.com/archives/20186
21,"
    【已再补】[MTSP (Jin)]遠坂家ノ家計事情全集
",https://www.macgn.com/archives/17092
22,"
    【韩漫】假戏真做
",https://www.macgn.com/archives/18975
23,"
    代号109城市：爱丽丝篇 [破]  水叔作品
",https://www.macgn.com/archives/19816
24,"
    [犬星]もっとヌルヌルちょーだい
",https://www.macgn.com/archives/18720
25,"
    Sな加々見先生とMなさん
",https://www.macgn.com/archives/18707
26,"
    【全彩韩漫】莉莉丝的脐带【01-67】【第一季完结】
",https://www.macgn.com/archives/18715
27,"
    [きゃろっと] 夫の同僚に過去のの頃の私と現在のの私がづけされちゃうお話 その後
",https://www.macgn.com/archives/18718
28,"
    VRゲームの世界でNPC相手にとにかくやりたい放題な内容の本編
",https://www.macgn.com/archives/18725
29,"
    [パラダイスロスト] はオナホール
",https://www.macgn.com/archives/18705
30,"
    [ペロシコス] コスプレイヤーが彼氏の前でNTRれてし
",https://www.macgn.com/archives/18672
31,"
    [ひぐま屋 (野良ヒグマ)] お姉ちゃんの友達がエッチな人ばかりだったから
",https://www.macgn.com/archives/18729
32,"
    [山紺屋] なんてするんじゃなかった
",https://www.macgn.com/archives/18709
33,"
    鬼灭之刃 同人志3本
",https://www.macgn.com/archives/18680
34,"
    【全彩韩漫】美丽新世界【更新1-44】
",https://www.macgn.com/archives/18660
0,"
    [汉化单行本]ケモミミ専門リフレ Vol.1 ねこみみちゃんはとろけたい（兽耳专用按摩店）
",https://www.macgn.com/archives/18040
1,"
    多摩豪
",https://www.macgn.com/archives/16466
2,"
    【全彩韩漫】甜蜜假期【1-16】
",https://www.macgn.com/archives/14177
3,"
    【全彩韩漫】悸动【1-21】
",https://www.macgn.com/archives/14170
4,"
    【图集】足控福利哦!
",https://www.macgn.com/archives/13587
5,"
    (C92) [カシノ木 (緑のルーペ)] 宇宙人の家
",https://www.macgn.com/archives/11733
6,"
    [りゅうとひさし] 同級生は親の嫁。ベッドの上では俺の嫁【全彩本】
",https://www.macgn.com/archives/11737
7,"
    『わたしだけの先輩』&『彼女の小さな』
",https://www.macgn.com/archives/11739
8,"
    [トヨ] アソコ洗い屋のお仕事片想い中のアイツと女湯で【全彩本】
",https://www.macgn.com/archives/11731
9,"
    [桂井よしあき] 天使の活 第1-3话
",https://www.macgn.com/archives/11715
10,"
    PIえろ
",https://www.macgn.com/archives/11711
11,"
    【PINKJOE】黒魔女の恍惚
",https://www.macgn.com/archives/11649
12,"
    [愛上陸] イジラレ～復讐催眠～ [無修正]
",https://www.macgn.com/archives/11397
13,"
    仲良し女装兄弟
",https://www.macgn.com/archives/11395
14,"
    【全彩】[銀の星亭 (田宮秋人)] むっちりの放課後ショタ補習
",https://www.macgn.com/archives/8445
15,"
    [あらくれ] とNTR温泉旅行
",https://www.macgn.com/archives/8443
16,"
    【全彩】[ようかい玉の輿] 戦略特区におけるけ義務化
",https://www.macgn.com/archives/8440
17,"
    [山本やみー]日常ビッチ観察 GOTcomics
",https://www.macgn.com/archives/8438
18,"
    [doumou] 恋やがてら 真激COMICS
",https://www.macgn.com/archives/5744
19,"
    【全彩】[青水庵 (桂井よしあき)] 陰キャ美は、担任にされてもイキまくる
",https://www.macgn.com/archives/5750
20,"
    【村上水軍の館 (村上水軍)】罵られながら足で踏まれたい本 1-5
",https://www.macgn.com/archives/4850
21,"
    【汉化本】[おから] ねこかぶり WANI MAGAZINE COMICS SPECIAL
",https://www.macgn.com/archives/3620
22,"
    【汉化】タイトル 神脚 ～Let’s Look Leg～
",https://www.macgn.com/archives/3615
