,标题,作者,封面,内容简介,是否完结,最新章节,漫画页地址
0,天降贤淑男,小怪 ,https://mhfm8tel.cdndm5.com/39/38427/20170918142258_180x240_22.jpg,苏家袄，作为一个有新思想新地位的新时代少女，最近又是欢...,完结,第129回 天降贤淑男,https://www.dm5.com/manhua-tianjiangxianshunan/
1,老婆大人有点冷,冬漫社＆天津漫神共创 ,https://mhfm6tel.cdndm5.com/53/52494/20190812165637_180x240.jpg,因为家族利益她成为了他的妻子，可在婚后他却说：“我给你...,完结,第123回 各得其所,https://www.dm5.com/manhua-laopodarenyoudianleng/
2,她讨厌我,畅漫 ,https://mhfm5tel.cdndm5.com/40/39198/20171106133013_180x240.jpg,说话从不给人留活路的木讷男主韩宝贝，机缘巧合认识and得罪...,完结,第201回 她还是讨厌我,https://www.dm5.com/manhua-tataoyanwo/
3,绝世妖帝,踏雪动漫 ,https://mhfm9tel.cdndm5.com/45/44908/20190806115824_180x240.jpg,称他为魔，他抚剑横空，一气荡苍穹，比仙更仙！ 道他是佛，...,完结,第150回 未来可期,https://www.dm5.com/manhua-jueshiyaodi/
4,情敌不好惹,很正经工作室 ,https://mhfm1tel.cdndm5.com/39/38081/20170822102633_180x240.jpg,一张裸照引发的血案，一节断指造就的奸情。,完结,第30回 此时不跑，更待何时,https://www.dm5.com/manhua-qingdibuhaore1/
5,把我交给狼主任,光希先生/会火漫画 ,https://mhfm2tel.cdndm5.com/50/49210/20190408163534_180x240.jpg,宅男米小顺在居委会主任吕柳臣的帮助下，他勇敢踏出自己的...,完结,第71回 把我交给米主任,https://www.dm5.com/manhua-bawojiaogeilangzhuren/
6,心之茧,Rosystarling ,https://mhfm6tel.cdndm5.com/49/48282/20190301155613_180x240.jpg,被仇恨驱使的他，开始欺负他，羞辱凌虐他，但他感到的满足...,完结,番外 新年篇（完） ,https://www.dm5.com/manhua-xinzhijian/
7,酷总裁的独家溺爱,艾露艾露工作室 ,https://mhfm4tel.cdndm5.com/45/44303/20180814150724_180x240.jpg,从敌对关系到暗生情愫的两人……,完结,第100回 ,https://www.dm5.com/manhua-kuzongcaidedujianiai/
8,帝少别太猛,云端漫画：K君不想动 ,https://mhfm7tel.cdndm5.com/37/36746/20190610142440_180x240.jpg,富家阔少酒店惨遭被偷拍？！,完结,第334回 圆满（2）,https://www.dm5.com/manhua-dishaobietaimeng/
9,恶魔游戏：调教小甜妻,元气弹漫画 ,https://mhfm2tel.cdndm5.com/43/42316/20180528144036_180x240.jpg,为了补偿父亲欠下的债，她受尽了他的凌辱，她以为坠入了人...,完结,第87回 你怀了谁的孩子,https://www.dm5.com/manhua-emoyouxi-diaojiaoxiaotianqi/
10,王爵的私有宝贝,云端漫画 ,https://mhfm3tel.cdndm5.com/38/37719/20190610145444_180x240.jpg,邪魅狂狷的总裁不是那么好睡哒！,完结,第239回 ,https://www.dm5.com/manhua-wangjuedesiyoubaobei/
11,狂拽小妻,iCiyuan动漫 煞白光壮 ,https://mhfm8tel.cdndm5.com/43/42827/20190605142654_180x240.jpg,姜星尔第一次见到萧庭月，那个话少面瘫、眉目犀利的神秘蓉...,完结,第112回 我们的婚礼（大结局）,https://www.dm5.com/manhua-kuangyexiaoqi/
12,我是他的男盆友,剧能玩/十片瓦 ,https://mhfm1tel.cdndm5.com/48/47167/20190104103313_180x240.jpg,流年不利，许嘉竖自从被迫当了一次隔壁老王，他身边的明基...,完结,第50回 ,https://www.dm5.com/manhua-woshitadenanpenyou/
13,恶魔的宠妻,笑水轩 ,https://mhfm8tel.cdndm5.com/38/37686/20180403180228_180x240_20.jpg,父亲去世，把她和财产都交给了这个男人,完结,第184回 余生拜托了,https://www.dm5.com/manhua-emodechongqi/
14,妹妹消失的第一百天,第一弹App ,https://mhfm7tel.cdndm5.com/38/37708/20180830151259_180x240.jpg,我将我的妹妹杀掉了，并且通过完美的嫁祸手法逃脱了罪名。...,完结,第100回 代价（下）,https://www.dm5.com/manhua-meimeixiaoshidediyibaitian/
15,宠物天王,风炫动漫 ,https://mhfm1tel.cdndm5.com/48/47678/20190920183856_180x240.jpg,招财猫只是传说？幸运猫只是故事？宠物店老板张子安也曾这...,完结,第40回 完结,https://www.dm5.com/manhua-chongwutianwang/
16,亿万总裁缠上我：天价婚约,尚漫 ,https://mhfm3tel.cdndm5.com/48/47223/20190107153516_180x240.jpg,醉酒失身，亲人离世，一连串的打击，摧毁了苏沫的世界。为...,完结,第114回 我们的婚礼（完）,https://www.dm5.com/manhua-yiwanzongcaichanshangwo-tianjiahunyue/
17,我家殿下要挂了,菖尕/Sandro ,https://mhfm6tel.cdndm5.com/41/40621/20191218115444_180x240.jpg,怎样才能推到我家殿下,完结,第252回 ,https://www.dm5.com/manhua-wojiadianxiayaoguale/
18,龙符之王道天下,神居动漫 ,https://mhfm3tel.cdndm5.com/36/35205/20180801173719_180x240_20.jpg,问这苍茫大地谁主沉浮？,完结,第243回 终结,https://www.dm5.com/manhua-longfuzhiwangdaotianxia/
19,倾我一生一世恋,大芒果 ,https://mhfm8tel.cdndm5.com/39/38430/20170918150447_180x240_28.jpg,倾我一生一世念，来如飞花散似烟,完结,第64回 向死而生（下）,https://www.dm5.com/manhua-qingwoyishengyishilian/
20,灼灼琉璃夏,盖亚星人 ,https://mhfm4tel.cdndm5.com/38/37730/20170906175534_180x240_21.jpg,一位桀骜不驯的神秘少女，兼修各系魔法，丝毫不在意羽琉璃...,完结,第143回 心之镇魂曲4,https://www.dm5.com/manhua-zhuozhuoliulixia1/
21,恐怖女主播,柒漫 ,https://mhfm4tel.cdndm5.com/43/42189/20180518184757_180x240.jpg,这个女主播的直播可真是太恐怖了……,完结,第31回 第一季完结,https://www.dm5.com/manhua-kongbunvzhubo/
22,boss哥哥你欠揍,街道童子 ,https://mhfm4tel.cdndm5.com/38/37700/20181229173351_180x240.jpg,这个总裁有点欠,完结,第305回 ,https://www.dm5.com/manhua-boss-gegeniqianzou/
23,代嫁契约,星际互娱 ,https://mhfm7tel.cdndm5.com/47/46911/20181219144717_180x240.jpg,重生后，替害死自己的仇人之女嫁给败坏皇室门楣的断袖王爷...,完结,第39回 终末之声，起始之声,https://www.dm5.com/manhua-daijiaqiyue/
24,皇太子，请收留我吧！,尚漫 ,https://mhfm9tel.cdndm5.com/48/47222/20190107171657_180x240.jpg,穿越变成一只猫是怎样的体验？等等！这剧情发展的不对啊！...,完结,第161回 致亲爱的她（完）,https://www.dm5.com/manhua-huangtaizi-qingshouliuwoba/
25,拒绝暴君专宠：凶猛王妃,开源动漫 ,https://mhfm3tel.cdndm5.com/37/36617/20180719163443_180x240.jpg,天才女特工穿越后第一件事竟是把皇帝给打了,完结,第133回 携手共度,https://www.dm5.com/manhua-jujuebaojunzhuanchong-xiongmengwangfei/
26,王爷想洞房：魅惑王妃,开源动漫 ,https://mhfm8tel.cdndm5.com/40/39749/20171219102428_180x240_25.jpg,每周三、周六更新。“女人，本王一定要征服你!“英明冷酷的...,完结,第63回 登基,https://www.dm5.com/manhua-wangyexiangdongfang-meihuowangfei/
27,雨后的盛夏,小林很幸运 ,https://mhfm2tel.cdndm5.com/39/38085/20190613170158_180x240.jpg,从天而降的守护精灵美少年,完结,第95回 我们的婚礼,https://www.dm5.com/manhua-yuhoudechengxia/
28,雪鹰领主,我吃西红柿 ,https://mhfm2tel.cdndm5.com/39/38620/20180105162027_180x240_22.jpg,为了救回父母，发誓要成为超凡！,完结,第46回 元老会决议（下）,https://www.dm5.com/manhua-xueyinglingzhu/
29,月殇,麦萌漫画 ,https://mhfm5tel.cdndm5.com/43/42233/20180522093621_180x240.jpg,史上最强女主，掰直gay师父,完结,第106回 ,https://www.dm5.com/manhua-yueshang/
30,诸天至尊,掌阅 ,https://mhfm8tel.cdndm5.com/51/50506/20190529104537_180x240.jpg,上古时期，有神人射日，有神女补天，有天帝执掌天地。 那是...,完结,第203回 完结,https://www.dm5.com/manhua-zhutianzhizun/
31,蜀山风流帐,天堂之门-娃娃鱼漫画 ,https://mhfm9tel.cdndm5.com/49/48718/20190605171708_180x240.jpg,命带炮灰体质的剑仁心，喜提修炼秘籍，左手爆娇师妹，右手...,完结,第68回 第一季完结撒花~,https://www.dm5.com/manhua-shushanfengliuzhang/
32,女巫重生记,冰山佼佼 ,https://mhfm2tel.cdndm5.com/39/38082/20190221163452_180x240_26.jpg,我是一个女巫，为了替皇帝续命而被烧死，当我再度醒来的时...,完结,第84回 ,https://www.dm5.com/manhua-nvwuchongshengji/
33,万道成神,触岛漫画 ,https://mhfm4tel.cdndm5.com/40/39028/20171024161151_180x240_28.jpg,九域争天地，一枪定乾坤！一心想要变强的古村少年，踏上漫...,完结,第55回 《万道宝典》,https://www.dm5.com/manhua-wandaochengshen/
34,狼性老公玩刺激,哇坑MM ,https://mhfm6tel.cdndm5.com/38/37772/20170731155656_180x240.jpg,““不要……”她拼命的想推开他，他吻上她的唇，将接下来...,完结,第50回 ,https://www.dm5.com/manhua-langxinglaogongwanciji/
35,锦上香,琦木文化 ,https://mhfm2tel.cdndm5.com/48/47590/20190123155646_180x240.jpg,审美反常的美貌千金公良奈若在母亲的忽悠下，嫁给了具有审...,完结,第23回 最终话,https://www.dm5.com/manhua-jinshangxiang/
36,总裁的蜜宠娇妻,开源漫画 ,https://mhfm2tel.cdndm5.com/39/38863/20171017120503_180x240.jpg,他紧扣住她的手，将她压在身下。 她被长辈算计，送上了前未...,完结,第67回 完美的的祝福,https://www.dm5.com/manhua-zongcaidemichongjiaoqi/
37,玄皓战记（全彩版）,郑多强 ,https://mhfm3tel.cdndm5.com/32/31189/20180316173239_180x240_25.jpg,一场波澜壮阔的圣兽大战,完结,第200回 ,https://www.dm5.com/manhua-xuanhaozhanji-quancaiban/
38,霸道总裁圈爱记,仟绘动漫 ,https://mhfm1tel.cdndm5.com/43/42140/20180516144133_180x240.jpg,男友劈腿结婚，她竟被男友哥哥看上了,完结,第133回 ,https://www.dm5.com/manhua-badaozongcaiquanaiji/
39,多伦多的小时光,云端漫画 ,https://mhfm3tel.cdndm5.com/39/38022/20190610142418_180x240.jpg,老婆本都给了还想走？！,完结,第201回 云开见日（大结局）,https://www.dm5.com/manhua-duolunduodexiaoshiguang/
40,极品辣妈好V5,有鹿文化 ,https://mhfm6tel.cdndm5.com/37/36408/20191021163026_180x240.jpg,辣妈女杀手当卧底也能搞定总裁,完结,第133回 ,https://www.dm5.com/manhua-jipinlamahao-v-5/
41,手机少年,茗卡通·暴雨 ,https://mhfm3tel.cdndm5.com/37/36079/20170830165816_180x240_23.jpg,《手机少年》茗卡通·暴雨所画的长篇漫画，连载于《漫画世界...,完结,第226回 ,https://www.dm5.com/manhua-shoujishaonian/
42,这就叫做爱,剧能玩/叶小离 ,https://mhfm2tel.cdndm5.com/43/42891/20180627150003_180x240.jpg,安凌薇的男朋友顾城北和自己的好闺蜜舒漫妮结婚，安凌薇到...,完结,第50回 ,https://www.dm5.com/manhua-zhejiujiaozuoai/
43,黑夜之歌,熊企漫画工作室 ,https://mhfm3tel.cdndm5.com/34/33469/20180226180400_180x240_23.jpg,“我要你身上的香肠……”,完结,第40回 ,https://www.dm5.com/manhua-heiyezhige/
44,赝品专卖店,iCiyuan动漫 西溪 ,https://mhfm7tel.cdndm5.com/37/36396/20180620131205_180x240.jpg,这个故事从一件内裤开始…… 一个偷了内裤的贼来到这家不起...,完结,第29回 做不到的复制是陪伴,https://www.dm5.com/manhua-yanpinzhuanmaidian/
45,反派NPC求生史,SF轻小说 ,https://mhfm8tel.cdndm5.com/38/37490/20180425143934_180x240.jpg,一觉醒来穿越成一个NPC!还是炮灰NPC？这绝壁分分钟领便当的...,完结,第45回 ,https://www.dm5.com/manhua-fanpai-npc-qiushengshi/
46,不喜欢全世界,作者：杭漫文化 ,https://mhfm1tel.cdndm5.com/46/45721/20181017163917_180x240.jpg,我不喜欢这世界，我只喜欢你,完结,第56回 再见，穆长风,https://www.dm5.com/manhua-buxihuanquanshijie/
47,暧昧公寓,极光动漫 ,https://mhfm3tel.cdndm5.com/43/42221/20180521135235_180x240.jpg,泡妞之路是没有尽头的,完结,第109回 乔天辰你走吧,https://www.dm5.com/manhua-aimeigongyu/
48,女神养成计划,光彩漫画 ,https://mhfm2tel.cdndm5.com/42/41970/20181102094233_180x240.jpg,洛府庶女洛琳菁偶然地得到了来自未来的女神养成系统，因早...,完结,第129回 永远永远和你在一起！,https://www.dm5.com/manhua-nvshenyangchengjihua/
49,讨厌你喜欢你,东爷 ,https://mhfm9tel.cdndm5.com/49/48277/20190301092858_180x240.jpg,被一个陌生小孩说讨厌你，呃？还一直缠着我成为我的青梅竹...,完结,幸福的开始 ,https://www.dm5.com/manhua-taoyannixihuanni/
50,鬼王的三世宠妃,大有影视 ,https://mhfm4tel.cdndm5.com/41/40780/20190617161442_180x240.jpg,女大学生上能捉鬼下能卖萌,完结,第82回 十里红妆娶你过门,https://www.dm5.com/manhua-guiwangdesanshichongfei/
51,女总裁的顶级高手,阿柯文化/严孝之 ,https://mhfm8tel.cdndm5.com/50/49705/20190430100658_180x240.jpg,兵王之王受伤退伍回归都市，与冰山总裁未婚妻同住一个屋檐...,完结,第88回 结婚吧,https://www.dm5.com/manhua-nvzongcaidedingjigaoshou/
52,替身,尸姐 ,https://mhfm9tel.cdndm5.com/37/36858/20170608134651_180x240.jpg,一个废柴上班族某一天发现家里凭空出现了一个和自己一模一...,完结,第16回 ,https://www.dm5.com/manhua-tishen1/
53,萌妻有点皮,闻源文化 ,https://mhfm6tel.cdndm5.com/43/42992/20190214111849_180x240.jpg,【周三周六更新】一场始于真心话大冒险的乌龙邂逅？一晚醉...,完结,第102回 幸福的开始,https://www.dm5.com/manhua-mengqiyoudianpi/
54,我还小,左岸卡漫 ,https://mhfm7tel.cdndm5.com/37/36285/20180316101609_180x240_18.jpg,嫁了个老公，在人前总是风度翩翩，在床上却如狼似虎让我欲...,完结,公告 ,https://www.dm5.com/manhua-wohaixiao/
55,医妃当道,天翼爱动漫 ,https://mhfm1tel.cdndm5.com/49/48652/20190315160033_180x240.jpg,“她，现代医学博士，搏击教练，重生在十一岁小女孩身体里...,完结,第105回 差得远呢,https://www.dm5.com/manhua-yifeidangdao/
56,总裁上司太嚣张,天翼爱动漫 ,https://mhfm4tel.cdndm5.com/56/55904/20191216133518_180x240.jpg,在现实中，我遇到了一个目中无人的上司够倒霉了！！！在游...,完结,第29回 ,https://www.dm5.com/manhua-zongcaishangsitaiaozhang/
57,我的新郎是阎王,厦门1819 ,https://mhfm4tel.cdndm5.com/47/46605/20181206091224_180x240.jpg,我爱上了阎王，明知爱他是一场劫，我，奋不顾身。,完结,第65回 活下去，等我！,https://www.dm5.com/manhua-wodexinlangshiyanwang/
58,诛仙·御剑行,完美世界漫画 ,https://mhfm7tel.cdndm5.com/43/42536/20180606164835_180x240_18.jpg,诛仙故事过去千百年。就在中原修真者即将忘记上古神剑诛仙...,完结,第83回 终章,https://www.dm5.com/manhua-zhuxian-yujianxing/
59,美人策,左岸卡漫 ,https://mhfm2tel.cdndm5.com/41/40755/20180425144920_180x240_20.jpg,“魏谨初，你什么意思，难道当年的誓言你都忘记了吗？”“...,完结,第二季-预热 ,https://www.dm5.com/manhua-meirence/
60,枕上恶魔总裁,开源动漫 ,https://mhfm4tel.cdndm5.com/39/38861/20181221095956_180x240.jpg,他带着目的接近她,完结,第104回 撑伞的人,https://www.dm5.com/manhua-zhenshangemozongcai/
61,魔王与勇者与圣剑神殿,浅夏动漫/阿羊 ,https://mhfm8tel.cdndm5.com/39/38384/20170915103348_180x240.jpg,前进！继承勇者之名,完结,第174回 共同的敌人,https://www.dm5.com/manhua-mowangyuyongzheyushengjianshendian/
62,熊警察,麦萌漫画 ,https://mhfm8tel.cdndm5.com/43/42269/20180523142454_180x240.jpg,松竹市一夜之间所有警察都变成熊啦！有原来人类的思考，但...,完结,第181回 熊警察VS吸血鬼（8）,https://www.dm5.com/manhua-xiongjingcha/
63,驱魔辅导员,阿里文学 图：漫悠悠 ,https://mhfm5tel.cdndm5.com/47/46894/20181224132054_180x240.jpg,大学新生姜寂零因为一间凶宅居然和神秘的帅哥辅导员周懿过...,完结,第99回 我回来啦！,https://www.dm5.com/manhua-qumofudaoyuan/
64,霸道校草的拽丫头,万画筒漫画 ,https://mhfm5tel.cdndm5.com/38/37679/20180719171233_180x240.jpg,【万画筒漫画出品】【每周二、五更新】为了他心中的白月光...,完结,第68回 幸福的结局,https://www.dm5.com/manhua-badaoxiaocaodeyeyatou/
65,豪门风云之一往而深,剧能玩/宇乃雅日 ,https://mhfm5tel.cdndm5.com/41/40327/20180115161016_180x240.jpg,因为公司陷入危机的唐坤被迫娶了一名素未谋面的富家私生子...,完结,第50回 ,https://www.dm5.com/manhua-haomenfengyunzhiyiwangershen/
66,哥变成魔法少女了？,周智延 ,https://mhfm6tel.cdndm5.com/39/38179/20170830150903_180x240.jpg,哥本是一个热爱偷看妹纸的宅男，突然有一天，哥居然变身成...,完结,第173回 ,https://www.dm5.com/manhua-gebianchengmofashaonvle/
67,总裁的契约情人,深圳华漫 ,https://mhfm3tel.cdndm5.com/39/38166/20190617161840_180x240.jpg,相爱、误会、离家，五年后能否再爱你一次,完结,第120回 大结局,https://www.dm5.com/manhua-zongcaideqiyueqingren/
68,晚上才是女孩子,阿柯文化 ,https://mhfm1tel.cdndm5.com/42/41228/20180316173137_180x240_19.jpg,遇到了一个可爱的女孩子,完结,第112回 最后的答案,https://www.dm5.com/manhua-wanshangcaishinvhaizi/
69,腹黑总裁别乱来,开源动漫 ,https://mhfm8tel.cdndm5.com/38/37191/20171117143247_180x240_18.jpg,可耻！这男人逮她逮得累了，就想直接一劳永逸，用贱招把她...,完结,第70回 阿炎，我回来了,https://www.dm5.com/manhua-fuheizongcaibieluanlai/
70,这个神兽有点萌系列之通天嗜宠,左岸卡漫 ,https://mhfm8tel.cdndm5.com/37/36254/20180122181120_180x240_24.jpg,这一世吃不胖，该哭该笑？,完结,第214回 第二部80话：昊天复命,https://www.dm5.com/manhua-zhegeshenshouyoudianmeng/
71,致命宠妻：总裁纳命来！,开源动漫 ,https://mhfm4tel.cdndm5.com/37/36620/20180719163500_180x240.jpg,"她是刁钻黑帮公主,一不小心绑错人,惹来恶魔降临。他是冷酷...",完结,第120回 我还欠你一场婚礼,https://www.dm5.com/manhua-zhimingchongqi-zongcainaminglai/
72,明星的禁区,凤凰网动漫 ,https://mhfm8tel.cdndm5.com/47/46390/20190201145913_180x240.jpg,"家境贫寒的苏乐凯有着一颗热爱表演的心。
过往只能担任群...",完结,番外3 ,https://www.dm5.com/manhua-mingxingdejinqu/
73,双面特工,阿里文学 图：超能工作室 ,https://mhfm1tel.cdndm5.com/47/46970/20181224132154_180x240.jpg,肥宅大学生变身帅气特工美少年，只为推倒冰山女神！？这到...,完结,第146回 ,https://www.dm5.com/manhua-shuangmiantegong/
74,总裁的私有小秘,开源动漫 ,https://mhfm7tel.cdndm5.com/39/38033/20170817111058_180x240_31.jpg,"无意间她看到秘书惨遭总裁毒手。“做我的秘书,或者死!”一...",完结,第60回 奥尼的错误,https://www.dm5.com/manhua-zongcaidesiyouxiaomi/
75,我管漂亮你管帅,左岸卡漫 ,https://mhfm3tel.cdndm5.com/38/37821/20180316100025_180x240_28.jpg,花季少女喜当妈，霸道总裁要二胎,完结,公告 ,https://www.dm5.com/manhua-woguanpiaoliangniguanshuai/
76,魔卡仙踪,飒漫画 ,https://mhfm7tel.cdndm5.com/39/38436/20170918164714_180x240_24.jpg,魔卡仙踪漫画，讲述的是用魔法卡片操纵魔物的傲娇驭魔师爱...,完结,第137回 全面失控,https://www.dm5.com/manhua-mokaxianzong/
77,阎王大人使不得,铭仑文化 ,https://mhfm7tel.cdndm5.com/50/49471/20190426132757_180x240.jpg,遭到小人陷害落入人间的阎王，撞上了万年遇小人体制的白可...,完结,第44回 我愿意,https://www.dm5.com/manhua-yanwangdarenshibude/
78,史上最强boss就是本大爷,芥末馒头 ,https://mhfm3tel.cdndm5.com/34/33894/20180408135451_180x240_24.jpg,这个名为雷诺大陆的异世界离奇的与那风靡一时的网游历史一...,完结,第31回 ,https://www.dm5.com/manhua-shishangzuiqiang-boss-jiushibendaye/
79,极品修真少年,漫考拉 ,https://mhfm8tel.cdndm5.com/38/37010/20170825105042_180x240_31.jpg,魂穿屌丝，开启艳遇修仙之旅,完结,第166回 我会一直走下去,https://www.dm5.com/manhua-jipinxiuzhenshaonian/
80,红楼梦,天津神界漫画 ,https://mhfm8tel.cdndm5.com/39/38346/20170913134719_180x240_16.jpg,以贾宝玉和林黛玉的爱情故事为主线，围绕他们的感情纠葛，...,完结,第260回 ,https://www.dm5.com/manhua-hongloumeng/
81,恋与星途,星海动漫 ,https://mhfm1tel.cdndm5.com/49/48294/20190305133433_180x240.jpg,阳光正直暖男攻X美貌傲娇强大受 萌暖甜虐· 些许励志 童星出...,完结,第200回 IB番外剧场8,https://www.dm5.com/manhua-lianyuxingtu/
82,重生之慕甄-瑾上花,阿柯文化、一枝 ,https://mhfm8tel.cdndm5.com/50/49703/20190430164458_180x240.jpg,一把匕首，一个模糊又真实的人像，折磨着他，在见过与之十...,完结,第37回 正式宣战,https://www.dm5.com/manhua-chongshengzhimuzhen-jinshanghua/
83,丫头乖乖投降,鹿漫社 ,https://mhfm7tel.cdndm5.com/39/38873/20180720154900_180x240.jpg,看，命运的交汇,完结,第68回 你才是我的未来 ,https://www.dm5.com/manhua-yatouguaiguaitoujiang/
84,救世主之歌,潇潇潇潇如 ,https://mhfm1tel.cdndm5.com/48/47082/20181228111328_180x240.jpg,公元2100年，机器人前时代，没有情感和意识。“汝意”，第...,完结,第109回 意义,https://www.dm5.com/manhua-jiushizhuzhige/
85,寻师伏魔录,北京神奇未来 ,https://mhfm4tel.cdndm5.com/40/39345/20190614162152_180x240.jpg,五行山下，历经九世轮回的玄奘法师，冥冥中与因厌世隐匿山...,完结,第一季完结公告 ,https://www.dm5.com/manhua-xunshifumolu/
86,在下铲屎官：喵王在上,元气弹漫画 ,https://mhfm4tel.cdndm5.com/43/42361/20180528154012_180x240.jpg,捡到一只小黑猫，竟然还叫她老婆？！,完结,第91回 番外 最后的告白,https://www.dm5.com/manhua-zaixiachanshiguan-miaowangzaishang/
87,皇上是条狗,金橙动漫 ,https://mhfm8tel.cdndm5.com/47/46268/20181113173752_180x240.jpg,少女苏樱为替父亲治病，不得不代替他人入宫参加选美。谁不...,完结,第19回 ,https://www.dm5.com/manhua-huangshangshitiaogou/
88,同居总裁是狐妖,鹿漫社 ,https://mhfm3tel.cdndm5.com/39/38872/20180420092913_180x240_26.jpg,“我不要和狐狸一起上学，谢谢。” “你学校是我家开的。”,完结,第20回 ,https://www.dm5.com/manhua-tongjuzongcaishihuyao/
89,替身难为，总裁劫个色,阿柯文化 ,https://mhfm4tel.cdndm5.com/50/49936/20190507155644_180x240.jpg,一次意外事故，导致她灵魂交换重生，变得普普通通。为了让...,完结,第20回 我不想跟你讲话,https://www.dm5.com/manhua-tishennanwei-zongcaijiegese/
90,强制恋爱学园,阿里文学/神居动漫 ,https://mhfm4tel.cdndm5.com/47/46906/20181219141933_180x240.jpg,阿里文学漫画部监制，阿里文学、神居动漫联合出品“在这里...,完结,第80回 暗生情愫,https://www.dm5.com/manhua-qiangzhilianaixueyuan/
91,魔妃嫁到,掌阅漫画 ,https://mhfm7tel.cdndm5.com/38/37949/20180719164548_180x240.jpg,后宫佳丽三千，不如女明星穿越,完结,第199回 重新遇见,https://www.dm5.com/manhua-mofeijiadao/
92,双重人生,番长 ,https://mhfm1tel.cdndm5.com/39/38426/20170918140957_180x240_17.jpg,和妹妹一起进入游戏世界TRUE WORLD，却发现这是一个多人合...,完结,第41回 最终话 下,https://www.dm5.com/manhua-shuangchongrensheng/
93,错惹豪门总裁,开源动漫 ,https://mhfm5tel.cdndm5.com/37/36618/20171117151944_180x240_23.jpg,玉女嫁入豪门新婚夜却上演大尺度动作片，还被拍成视频上了...,完结,第112回 明天会如何,https://www.dm5.com/manhua-cuorehaomenzongcai/
94,回到明朝当王爷,尚漫 ,https://mhfm8tel.cdndm5.com/52/51843/20190719160731_180x240.jpg,穿越回去做什么好？当帝王当能臣太累！想要混吃等死又有美...,完结,第17回 女人的心思（3）,https://www.dm5.com/manhua-huidaomingchaodangwangye/
95,一夜豪门：总裁我已婚,开源动漫 ,https://mhfm3tel.cdndm5.com/37/36619/20170803115802_180x240_24.jpg,"一纸婚书,她无奈嫁给他。新婚洞房夜,他却带别的女人在婚床...",完结,第70回 婚礼！请幸福！,https://www.dm5.com/manhua-yiyehaomen-zongcaiwoyihun/
96,Mr贺，借个吻,漫星球 ,https://mhfm3tel.cdndm5.com/47/46118/20181107105356_180x240.jpg,无家可归的脑洞少女被迫住进傲娇冰山美少年的家里，美好恋...,完结,第75回 过往,https://www.dm5.com/manhua-mr-he-jiegewen/
97,豪门第一盛婚,有鹿文化 ,https://mhfm5tel.cdndm5.com/37/36432/20191021163538_180x240.jpg,新婚小妻竟是贼,完结,第169回 ,https://www.dm5.com/manhua-haomendiyichenghun/
98,逆天仙帝,天翼爱动漫 ,https://mhfm6tel.cdndm5.com/49/48710/20190325135531_180x240.jpg,仙帝重生成为小小放牛郎，前世的仇人却都依然记得，他发誓...,完结,第96回 还有机会,https://www.dm5.com/manhua-nitianxiandi/
99,梦三国,追梦动漫 ,https://mhfm6tel.cdndm5.com/35/34288/20180703152559_180x240.jpg,五丈原下，卧龙摆下七星灯阵，以求续命救蜀，却意外导致姜...,完结,第81回 终结之战,https://www.dm5.com/manhua-mengsanguo/
100,豪门婚姻：总裁夫人有点狂,泛次元文化 ,https://mhfm8tel.cdndm5.com/43/42801/20181116094603_180x240.jpg,爱是一道光，绿到发亮。未婚夫劈腿了？！海小闵思考了一下...,完结,第65回 结婚,https://www.dm5.com/manhua-haomenhunyin-zongcaifurenyoudiankuang/
101,海狼U-37,恶人谷漫画 ,https://mhfm9tel.cdndm5.com/39/38417/20170918095114_180x240.jpg,海狼U-37，能在恶劣环境下生存下去就是传说，一切从1942年...,完结,第109回 ,https://www.dm5.com/manhua-hailang-u-37/
102,速度线,愉悦的年糕-娃娃鱼漫画 ,https://mhfm5tel.cdndm5.com/44/43638/20180907174539_180x240_20.jpg,飞车漂移200码，心跳加速100%，爆娇女警执法开车，前面的老...,完结,第59回 团队合作（下）,https://www.dm5.com/manhua-suduxian/
103,一夜未了情：总裁别太坏,开源动漫 ,https://mhfm4tel.cdndm5.com/39/38864/20171017210012_180x240_18.jpg,“贱女人，说，孩子是谁的？”一场肮脏的交易让她珠胎暗结...,完结,第60回 充满意气的订婚,https://www.dm5.com/manhua-yiyeweileqing-zongcaibietaihuai/
104,契约总裁：阿Q萌妻,次元播动漫 ,https://mhfm9tel.cdndm5.com/47/46022/20181102133648_180x240.jpg,为了躲祸的假丑女赵琳，月黑风高夜捡回一对双胞胎，时隔不...,完结,第77回 被隐藏的记忆,https://www.dm5.com/manhua-qiyuezongcai-a-q-mengqi/
105,地狱猎兵,鲜漫动漫 ,https://mhfm3tel.cdndm5.com/45/44943/20180904151434_180x240.jpg,末日战争摧毁了原有的人类文明与秩序，世界格局重新洗牌！...,完结,完结感言 ,https://www.dm5.com/manhua-diyuliebing/
106,枕上娇妻之交易婚约,玄喵工作室 ,https://mhfm7tel.cdndm5.com/48/47567/20190123133520_180x240.jpg,[每周三、五准时更新]一场利益，她被设计到一个残废的人床...,完结,第80回 为了你与世界为敌,https://www.dm5.com/manhua-zhenshangjiaoqizhijiaoyihunyue/
107,三国演义,天津神界漫画 ,https://mhfm9tel.cdndm5.com/39/38379/20170915092416_180x240_20.jpg,以史为据，以儒家思想为本，强调“忠义”，讲述汉末黄巾之...,完结,第260回 ,https://www.dm5.com/manhua-sanguoyanyi/
108,超时空猴王,梁挺 ,https://mhfm5tel.cdndm5.com/2/1545/1545_b.jpg,超时空猴王漫画 ，梁挺博士编著的《超时空猴王》大型系...,完结,第43本 ,https://www.dm5.com/manhua-chaoshikonghouwang/
109,妖怪通缉,菲菲工作室 ,https://mhfm3tel.cdndm5.com/53/52143/20190729143941_180x240.jpg,我叫江子陵，那天深夜，我去给人送外卖，那个客人满嘴是血...,完结,第65回 人生若只如初见,https://www.dm5.com/manhua-yaoguaitongji/
110,七个小矮人,橙光漫画 ,https://mhfm8tel.cdndm5.com/39/38021/20170831112842_180x240.jpg,改编自橙光作品《七个小矮人2》，原作作者：seagull，漫画...,完结,第113回 寻觅（二）,https://www.dm5.com/manhua-qigexiaoairen/
111,林飞传,燃哉工作室 ,https://mhfm8tel.cdndm5.com/42/41810/20180427172246_180x240_23.jpg,魂穿者林飞机缘巧合下获得蕴元石和太阳金经，并逐步得到上...,完结,第36回 采访记,https://www.dm5.com/manhua-linfeizhuan/
112,一夜孽情,左岸卡漫 ,https://mhfm6tel.cdndm5.com/37/36196/20180316100058_180x240_24.jpg,一百万，她将自己卖了……,完结,第176回 执子之手与子偕老,https://www.dm5.com/manhua-yiyenieqing/
113,囚笼,一雁不成夏 ,https://mhfm2tel.cdndm5.com/37/36883/20170609113018_180x240.jpg,蓝亦，莫凌，一个是靠奖学金贫困度日的特别生，一个是挥金...,完结,第16回 ,https://www.dm5.com/manhua-qiulon/
114,逍遥奇侠,天津神界漫画 ,https://mhfm1tel.cdndm5.com/39/38000/20170815153822_180x240_21.jpg,直男白云飞闯荡江湖攻略冷压御姐，精怪展家三小姐扮男装追...,完结,第220回 ,https://www.dm5.com/manhua-xiaoyaoqixia/
115,太平镇,虫工人 ,https://mhfm2tel.cdndm5.com/39/38087/20170822155536_180x240_20.jpg,一切皆开始于太平镇，一切将平静于太平…镇…,完结,第25回 ,https://www.dm5.com/manhua-taipingzhen/
116,一日为夫,剧能玩 ,https://mhfm6tel.cdndm5.com/46/45215/20180918133231_180x240.jpg,失去母亲后，他遇到了那个自称是他继父的男人。他说，那时...,完结,第56回 ,https://www.dm5.com/manhua-yiriweifu/
117,芙蓉坠,不负 ,https://mhfm3tel.cdndm5.com/34/33746/20181211140037_180x240.jpg,在架空的民国时期，一位有权有势的市长千金许白棠，喜欢上...,完结,第31回 尾声（完结）,https://www.dm5.com/manhua-furongzhui/
118,缉凶,阿里文学 ,https://mhfm4tel.cdndm5.com/47/46917/20181224131759_180x240.jpg,暮雨年华同名网络小说改编漫画。故事的开始，是在某天深夜...,完结,第123回 完结,https://www.dm5.com/manhua-jixiong/
119,骄里娇气,天津神界漫画 ,https://mhfm6tel.cdndm5.com/38/37835/20170807145648_180x240_30.jpg,卑鄙的正大光明，自私的坦坦荡荡。腹黑物种与穿越生物的传...,完结,第150回 ,https://www.dm5.com/manhua-jiaolijiaoqi/
120,人性直播,shin先生 ,https://mhfm9tel.cdndm5.com/39/38416/20170918090149_180x240.jpg,“如果妈妈女友同时落水，你救谁？““妻子和孩子只能保住...,完结,第28回 逆转的气流,https://www.dm5.com/manhua-renxingzhibo/
121,校草室友有剧毒,裤衩 ,https://mhfm4tel.cdndm5.com/36/35831/20170915164742_180x240_14.jpg,“校草，你说室友跟我穿同款是几个意思？” “这不是同款，...,完结,第32回 ,https://www.dm5.com/manhua-xiaocaoshiyouyoujudu/
122,盛世孽缘：总裁求放过,泛次元文化 ,https://mhfm6tel.cdndm5.com/52/51101/20190617170114_180x240.jpg,白馨冉没想到爱上他是一场劫难，她伤心逃离，却无数次被命...,完结,第40回 余生漫漫,https://www.dm5.com/manhua-chengshinieyuan-zongcaiqiufangguo/
123,校园爆笑大王, 寺鸣 ,https://mhfm3tel.cdndm5.com/39/38437/20170918165925_180x240_22.jpg,史上最强搞笑漫画，笑点层出，搞怪不断。你绝对想不到的爆...,完结,第141回 ,https://www.dm5.com/manhua-xiaoyuanbaoxiaodawang/
124,总裁在上,剧能玩 ,https://mhfm7tel.cdndm5.com/36/35826/20170831155843_180x240_18.jpg,时小念是个三流的少女漫画家，被名誉全球的科技之王宫欧掠...,完结,第78回 ,https://www.dm5.com/manhua-zongcaizaishang1/
125,犯罪者危机,黃正翰 ,https://mhfm7tel.cdndm5.com/49/48533/20190314113035_180x240.jpg,当监狱服刑人员成了医学实验的小白鼠？当全社会走向精神病...,完结,第68回 B,https://www.dm5.com/manhua-fanzuizheweiji/
126,首席狠狠爱,鱼骨互娱 ,https://mhfm3tel.cdndm5.com/37/36189/20180316110846_180x240_19.jpg,本来普普通通的少女，忽然搭救了一个神秘的男人……刚刚加...,完结,第67回 我们才是恋人,https://www.dm5.com/manhua-shouxihenhenai/
127,神武将星录,逍遥游-鲲 ,https://mhfm7tel.cdndm5.com/39/38308/20171122114008_180x240_31.jpg,神武乱世，强者生存！,完结,第60回 原来是一个坑,https://www.dm5.com/manhua-shenwujiangxinglu/
128,武零后,唐漫文化 ,https://mhfm3tel.cdndm5.com/38/37678/20171215103805_180x240_19.jpg,外卖小哥，霸气侧漏！,完结,第53回 尘埃落定,https://www.dm5.com/manhua-wulinghou/
129,西游记,天津神界漫画 ,https://mhfm1tel.cdndm5.com/39/38368/20170914140947_180x240_22.jpg,经典名著，热血再燃！,完结,第260回 ,https://www.dm5.com/manhua-xiyouji2/
130,爱困囚笼,作者：九月光合 ,https://mhfm7tel.cdndm5.com/48/47051/20190111161856_180x240.jpg,一个生日当天收到绝症诊断书美少女程嘉瑜（陈佳妍）目睹了...,完结,第50回 复仇之路还很长,https://www.dm5.com/manhua-aikunqiulong/
131,指染成婚（真人版）,炎水淋 ,https://mhfm2tel.cdndm5.com/37/36861/20170926151359_180x240_16.jpg,一场精心设计的豪门盛宴，未婚夫为了得到心爱的女人，把她...,完结,第66回 ,https://www.dm5.com/manhua-zhiranchenghun-zhenrenban/
132,豪门天价前妻（真人版）,月下魂销 ,https://mhfm1tel.cdndm5.com/37/36865/20170927152254_180x240_12.jpg,遭哥哥陷害，她被送上陌生男人的床。一夜，她失了身，爸爸...,完结,第32回 ,https://www.dm5.com/manhua-haomentianjiaqianqi-zhenrenban/
133,吸血鬼邻居,卜米猫 ,https://mhfm4tel.cdndm5.com/39/38455/20180622111802_180x240.jpg,一个平凡的高中生依柔阴差阳错的遇到吸血鬼，并与他成为了...,完结,第94回 来世再见,https://www.dm5.com/manhua-xixueguilinju/
134,双面名媛,鱼骨互娱 ,https://mhfm3tel.cdndm5.com/37/36183/20180316101937_180x240_27.jpg,有个一摸一样的人和我抢老公！,完结,第72回 我可是你的女伴,https://www.dm5.com/manhua-shuangmianmingyuan/
135,兄不友弟不恭,剧能玩 ,https://mhfm2tel.cdndm5.com/40/39881/20171220131452_180x240_17.jpg,这是一对伪表兄弟相互改造三观的故事,完结,第50回 ,https://www.dm5.com/manhua-xiongbuyoudibugong/
136,嘻哈奇侠传,刘飒 ,https://mhfm4tel.cdndm5.com/39/38440/20170918171356_180x240_30.jpg,嘻哈奇侠传》是《嘻哈小天才》第二季。刘飒为什么要创作...,完结,第41回 生化魔女出阵！,https://www.dm5.com/manhua-xihaqixiazhuan/
137,凤鸣天下,天津神界漫画 ,https://mhfm3tel.cdndm5.com/38/37958/20170811220017_180x240_22.jpg,小雨随父母参观新发掘的古墓，居然遭遇一群组织严密的盗墓...,完结,第28回 ,https://www.dm5.com/manhua-fengmingtianxia/
138,心与爱丽丝,番长 ,https://mhfm5tel.cdndm5.com/39/38472/20170920144731_180x240_20.jpg,离家出走的爱丽丝真的遇到了王子！她会有怎样的奇遇？........,完结,第19回 Heart has apaered,https://www.dm5.com/manhua-xinyuailisi/
139,我的黑道男友是太子,麦萌漫画 ,https://mhfm1tel.cdndm5.com/43/42222/20180521160042_180x240.jpg,心思缜密，霸道腹黑的太子爷和天真可爱，单纯善良的呆萌妹...,完结,第69回 ,https://www.dm5.com/manhua-wodeheidaonanyoushitaizi/
140,魁拔之狼烟吹雪,青青树动漫 ,https://mhfm4tel.cdndm5.com/37/36850/20180604101715_180x240_19.jpg,魁拔1664年第六代魁拔诞生，兽国灵山地区也突然冒出许多打...,完结,第116回 完结,https://www.dm5.com/manhua-kuibazhilangyanchuixue/
141,西游少年阿空传,真合时代 ,https://mhfm8tel.cdndm5.com/32/31239/20180719170604_180x240.jpg,一号平行世界“幻方”，本来是个平凡的混沌世界。在由七...,完结,第52回 大团圆,https://www.dm5.com/manhua-xiyoushaonianakongzhuan/
142,暗恋成婚,卿可归 ,https://mhfm6tel.cdndm5.com/37/36860/20170926155126_180x240_13.jpg,一场豪赌，季子默剃光了为喜欢的人留了十年的长发。一夜宿...,完结,第42回 ,https://www.dm5.com/manhua-anlianchenghun/
143,今夜哪里有鬼,黯然销魂蛋 ,https://mhfm5tel.cdndm5.com/37/36857/20170608134224_180x240.jpg,生性迷糊的灵异节目制作人何弼学在一次节目中，请来了有着...,完结,第26回 ,https://www.dm5.com/manhua-jinyenaliyougui/
144,总裁的新妻,美越 ,https://mhfm4tel.cdndm5.com/37/36882/20171010115529_180x240_16.jpg,一纸契约，他们闪速结婚。他宠她，疼她，让她成为天下所有...,完结,第43回 ,https://www.dm5.com/manhua-zongcaidexinqi/
145,龙蛇演义,魅丽漫画馆 ,https://mhfm9tel.cdndm5.com/37/36599/20180628094336_180x240.jpg,梦入神机武学完结大作，实力派漫画工作室肥鱼工作室华丽呈...,完结,第28回 最终章,https://www.dm5.com/manhua-longsheyanyi/
146,乱世祸妃,开源动漫 ,https://mhfm9tel.cdndm5.com/41/40604/20180131171006_180x240_18.jpg,敌国王爷对弃妃俘虏一见钟情,完结,第44回 耳鬓厮磨,https://www.dm5.com/manhua-luanshihuofei/
147,荒岛法则,八爷和大爷/万画筒 ,https://mhfm7tel.cdndm5.com/39/38632/20171215103021_180x240_26.jpg,东南亚的一处无人荒岛上，竟然有鲁班留下的秘宝，多股势力...,完结,第18回 ,https://www.dm5.com/manhua-huangdaofaze/
148,川灵物语,恶人谷漫画 ,https://mhfm8tel.cdndm5.com/39/38422/20181212142159_180x240_25.jpg,夜探校舍遇幽灵，通灵世家意外事故神展开！！,完结,第106回 ,https://www.dm5.com/manhua-chuanlingwuyu/
149,掰弯你没道理,柔然啊 ,https://mhfm8tel.cdndm5.com/37/36884/20180621104649_180x240.jpg,"“沈谦眉我喜欢你”
“哦我不喜欢你”
“我哪儿不好上得...",完结,第55回 ,https://www.dm5.com/manhua-baiwannimeidaoli/
150,侍灵演武,白猫 ,https://mhfm5tel.cdndm5.com/43/42906/20180713090827_180x240.jpg,九宫之下，争夺天下！,完结,第54回 武戈（2）,https://www.dm5.com/manhua-shilingyanwu/
151,水浒传,天津神界漫画 ,https://mhfm5tel.cdndm5.com/39/38378/20170915091722_180x240_16.jpg,北宋末年朝廷昏庸，各路草寇英雄纷纷揭竿起义。再现了封建...,完结,第260回 ,https://www.dm5.com/manhua-shuihuzhuan2/
152,皂滑弄人,凤凰网漫画 ,https://mhfm2tel.cdndm5.com/47/46747/20190325135549_180x240.jpg,宅男写手何图很郁闷，澡堂里踩着一块肥皂就狗带了？这个叫...,完结,第65回 ,https://www.dm5.com/manhua-kuaichuanzhizaohualongren/
153,全球缉爱,赛客斯文化 ,https://mhfm2tel.cdndm5.com/42/41388/20180328135558_180x240_18.jpg,她成为了他通缉的对象？！,完结,第76回 （大结局）,https://www.dm5.com/manhua-quanqiujiai/
154,伊说-挑个校花当女友,尚漫 ,https://mhfm8tel.cdndm5.com/52/51845/20190717093135_180x240.jpg,霸气学姐、可人人妻、腹黑萝莉、温柔女神，一不留神这些妹...,完结,第14回 03,https://www.dm5.com/manhua-yishuo-tiaogexiaohuadangnvyou/
155,诛神之夏,小小刀 ,https://mhfm7tel.cdndm5.com/32/31193/20180613115936_180x240.jpg,由小说衍生出的节操满地的原创萌系漫画！屠神者和天庭达成...,完结,小说版23 ,https://www.dm5.com/manhua-zhushenzhixia/
156,恋爱依存症,SF轻小说 ,https://mhfm7tel.cdndm5.com/40/39338/20171115094044_180x240_23.jpg,恋爱依存症，通称—“病娇” 拥有特殊体质的我，会引起她们...,完结,第23回 ,https://www.dm5.com/manhua-lianaiyicunzheng/
157,实力拐走纯情总裁,鹿漫社 ,https://mhfm9tel.cdndm5.com/39/38892/20180720154834_180x240.jpg,明知这是一场意外~你要不要来唉~~~~~我来了，结果怀了- -。,完结,第57回 ,https://www.dm5.com/manhua-shiliguaizouchunqingzongcai/
158,安家有女,麦萌漫画 ,https://mhfm7tel.cdndm5.com/43/42128/20180516112408_180x240.jpg,镖局大小姐安佑菱首次个人出征——女扮男装护送武林盟主的...,完结,番外 ,https://www.dm5.com/manhua-anjiayounv/
159,翻墙逃婚：萌妻休想跑,元气弹漫画 ,https://mhfm5tel.cdndm5.com/43/42362/20180528155913_180x240.jpg,只不过想办个假结婚证，却弄假成真误惹真男神，小丫头不干...,完结,第30回 你就知道欺负我,https://www.dm5.com/manhua-fanqiangtaohun-mengqixiuxiangpao1/
160,原罪,次元播动漫 ,https://mhfm6tel.cdndm5.com/47/46024/20181102144937_180x240.jpg,血腥玛丽，深山鬼楼，黄狼诡影，头七回魂，夺命阴婚……源...,完结,第53回 黎明,https://www.dm5.com/manhua-yuanzui1/
161,环太平洋,佚名 ,https://mhfm8tel.cdndm5.com/15/14091/14091_b.jpg,环太平洋漫画 ，娘化版环太平洋机体俄罗斯的Cherno Alpha（...,完结,第1回 ,https://www.dm5.com/manhua-huantaipingyang/
162,请点我吧，主人！,神居动漫 ,https://mhfm6tel.cdndm5.com/39/38269/20170906144618_180x240_14.jpg,男主是一个帅气的宅男大叔，厌倦了现实中枯燥乏味的生活，...,完结,第78回 ,https://www.dm5.com/manhua-qingdianwoba-zhuren/
163,祸事之端,阿里文学 图：深红动漫 ,https://mhfm8tel.cdndm5.com/47/46936/20181220132213_180x240.jpg,数年之前，文水市被一颗突然出现的黑球“吞噬”，整个城市...,完结,第150回 ,https://www.dm5.com/manhua-huoshizhiduan/
164,我的对手是侠侣,作者：阿里文学 ,https://mhfm2tel.cdndm5.com/47/46884/20181224132609_180x240.jpg,父亲担心从小生活在山中，不知世事，即将去外面闯荡的儿子...,完结,第120回 ,https://www.dm5.com/manhua-wodeduishoushixialv/
165,FateA...什么四格,馨语画音 ,https://mhfm1tel.cdndm5.com/38/37991/20170814203130_180x240_23.jpg,Fate/Apocrypha全员降智商的同人四格，食我乌鸦坐飞机辣！ ...,完结,第15回 ,https://www.dm5.com/manhua-fatea-shenmesige/
166,人间志异录,LOADING ,https://mhfm7tel.cdndm5.com/39/38197/20170901084340_180x240_21.jpg,男主蒲团在某日送外卖兼职途中遇到了不可思议的事件！送外...,完结,第70回 ,https://www.dm5.com/manhua-renjianzhiyilu/
167,师父，你好假惺惺,阿里文学 图：漫悠悠 ,https://mhfm9tel.cdndm5.com/47/46963/20181225100532_180x240.jpg,倒霉大魔王找了个假惺惺的色女当师父，还要跑去京城第一道...,完结,第100回 ,https://www.dm5.com/manhua-shifu-nihaojiaxingxing/
168,乙女方程式,MERBISEU ,https://mhfm6tel.cdndm5.com/49/48558/20190320101445_180x240.jpg,美少女神奇穿越，游戏中重生！,完结,第52回 第二部 第24话,https://www.dm5.com/manhua-yinvfangchengshi/
169,邪凤求凰,星际互娱 ,https://mhfm5tel.cdndm5.com/48/47755/20190201095803_180x240.jpg,小棉本是一只想要修仙的兔妖，但是梦想太多，抱负伟大，想...,完结,第26回 许诺,https://www.dm5.com/manhua-xiefengqiuhuang/
170,神北克铁盒,神北克 ,https://mhfm5tel.cdndm5.com/34/33631/20180531085837_180x240_17.jpg,应广大读者要求，“神北克铁盒”将以短篇合集的方式继续更...,完结,美洲之鹰（8） ,https://www.dm5.com/manhua-shenbeiketiehe/
171,接吻也算超能力,阿里文学/神居动漫 ,https://mhfm2tel.cdndm5.com/47/46905/20181225103146_180x240.jpg,阿里文学漫画部监制，阿里文学、神居动漫联合出品。“为了...,完结,第80回 被窃之名,https://www.dm5.com/manhua-jiewenyesuanchaonengli/
172,偏偏喜欢你,吕意 ,https://mhfm2tel.cdndm5.com/43/42780/20180621112142_180x240.jpg,秦念歌妈妈是厉洺翼父亲的情妇，秦念歌因此成为了厉家名不...,完结,第100回 ,https://www.dm5.com/manhua-pianpianxihuanni/
173,考试王,飒漫画 ,https://mhfm4tel.cdndm5.com/39/38425/20170918135412_180x240_29.jpg,一个不通过，就无法前进的考试——国考。它有如公理，有如...,完结,第83回 我的同学不可能这么可爱,https://www.dm5.com/manhua-kaoshiwang/
174,天空之魂,万画筒漫画 ,https://mhfm2tel.cdndm5.com/38/37756/20170729170645_180x240.jpg,【万画筒漫画出品】【每周三、六更新】一场正义与邪恶的无...,完结,第38回 Q博士-III,https://www.dm5.com/manhua-tiankongzhihun/
175,超自然大英雄,时代漫王 ,https://mhfm6tel.cdndm5.com/38/37352/20180815095915_180x240.jpg,吸血鬼、狼人……那些让人魂飞魄散的黑暗种，我和他们谈笑...,完结,第9回 黑暗公爵（15）,https://www.dm5.com/manhua-chaozirandayingxiong1/
176,画师和不良无法恋爱,阿里文学/神居动漫 ,https://mhfm8tel.cdndm5.com/47/46916/20181219160149_180x240.jpg,阿里文学、神居动漫联合出品。只会画色气插图的宅男画师因...,完结,第70回 明天见,https://www.dm5.com/manhua-huashihebuliangwufalianai/
177,总裁休想套路我,剧能玩 ,https://mhfm1tel.cdndm5.com/44/43776/20180803114219_180x240.jpg,美人儿，陪我喝一杯怎么样？,完结,第70回 ,https://www.dm5.com/manhua-zongcaixiuxiangtaoluwo/
178,三千絮,雁紫 ,https://mhfm7tel.cdndm5.com/42/41226/20180727111715_180x240.jpg,落难皇子遇到奇葩小千金，古言，架空，少女，宫斗，略搞笑...,完结,第8回 多事之秋（3）,https://www.dm5.com/manhua-sanqianxu/
179,看上你了，不解释,赖尔/剧象漫画 ,https://mhfm7tel.cdndm5.com/41/40325/20180424135320_180x240_22.jpg,失业女孩遇见年轻CEO。。,完结,第67回 我为你愿意解释一辈子,https://www.dm5.com/manhua-kanshangnile-bujieshi/
180,除灵法师,酱油熊动漫/拾部次元 ,https://mhfm4tel.cdndm5.com/43/42169/20180518114615_180x240.jpg,每个古董店都有那么点秘密,完结,番外：残酷的真相 ,https://www.dm5.com/manhua-chulingfashi/
181,蜜糖方程式,阿柯文化 ,https://mhfm2tel.cdndm5.com/39/38465/20170920093202_180x240.jpg,蜜糖X巧克力 续集~、 新学期又开始啦~、软乎乎的棉花糖邂逅...,完结,第45回 ,https://www.dm5.com/manhua-mitangfangchengshi/
182,想入非非,剧能玩/陌上归来 ,https://mhfm5tel.cdndm5.com/43/42098/20180515094610_180x240.jpg,娱乐圈玉女偶像楚然与“京城四少”之首肖翎辰，为了家族利...,完结,第50回 ,https://www.dm5.com/manhua-xiangrufeifei/
183,雄霸天下,风炫动漫 ,https://mhfm6tel.cdndm5.com/42/41689/20180419084138_180x240_20.jpg,无限格斗，决战无双！,完结,第29回 你来了（3）,https://www.dm5.com/manhua-xiongbatianxia/
184,画江湖之不良人,剧能玩/尤力/林逸辰 ,https://mhfm3tel.cdndm5.com/46/45428/20181008102442_180x240.jpg,颜值超高的不良人！,完结,第83回 ,https://www.dm5.com/manhua-huajianghuzhibuliangren/
185,闪婚老公，太能干,剧能玩/盛小柒 ,https://mhfm8tel.cdndm5.com/47/46015/20181102175153_180x240.jpg,世人皆知夜欧霆残暴狠厉是只吃人不吐骨头的饿狼，而在盛小...,完结,第150回 ,https://www.dm5.com/manhua-shanhunlaogong-tainenggan/
186,诡桥,逐浪动漫 ,https://mhfm3tel.cdndm5.com/36/35709/20180720144938_180x240.jpg,一份高薪的工作，让苏童与一座诡异的桥扯上了关系，各路鬼...,完结,第45回 前世今生,https://www.dm5.com/manhua-guiqiao/
187,公子不要啊,作者：动漫堂 图：桐谷 文：欧阳笙 ,https://mhfm4tel.cdndm5.com/43/42658/20180614114816_180x240.jpg,绝色舞姬誓要保护公子的贞操,完结,第46回 ,https://www.dm5.com/manhua-gongzibuyaoa/
188,超级学园探案密码,天翼爱动漫 ,https://mhfm1tel.cdndm5.com/56/55815/20191213163235_180x240.jpg,别看她是黑道千金，却志愿成为一名侦探。别看她各种暴力，...,完结,第42回 第一部完结,https://www.dm5.com/manhua-chaojixueyuantananmima/
189,巫农列传,日光天境-丁大风风 ,https://mhfm4tel.cdndm5.com/39/38382/20170915101143_180x240.jpg,春秋末年，巫农再现；群王崛醒，角逐天下。,完结,第72回 堕天宫（5）,https://www.dm5.com/manhua-wunongliezhuan/
190,禁忌之血,KK ,https://mhfm4tel.cdndm5.com/42/41474/20180404130750_180x240_23.jpg,雪鹰领主同人漫画作品，镇守天地的四天神突然解封，并进攻...,完结,第1回 下,https://www.dm5.com/manhua-jinjizhixue/
191,无限游戏,尚漫 ,https://mhfm1tel.cdndm5.com/48/47224/20190107172646_180x240.jpg,一封来自失踪父亲的邀请函，将孤傲的天才少年夏天带入迦南...,完结,第50回 家人,https://www.dm5.com/manhua-wuxianyouxi/
192,来自未来的你,阿里文学/神居动漫 ,https://mhfm9tel.cdndm5.com/47/46902/20181219133905_180x240.jpg,阿里文学漫画部监制，阿里文学、神居动漫联合出品“有事女...,完结,第85回 结局篇,https://www.dm5.com/manhua-laiziweilaideni/
193,怪童,麦萌漫画 ,https://mhfm7tel.cdndm5.com/43/42286/20190221143202_180x240.jpg,与世隔绝的小山村因一场罕见大旱打破了原本平静的生活，少...,完结,番外 ,https://www.dm5.com/manhua-guaitong1/
194,魔法少女帕奇诺,高能漫画 ,https://mhfm2tel.cdndm5.com/32/31285/20160803150855_180x240.jpg,随着潘多拉魔盒的开启让野心勃勃的黑暗组织，穷凶极恶的宇...,完结,第70回 ,https://www.dm5.com/manhua-mofashaonvpaqinuo/
195,小妻吻上瘾,剧能玩/洛心辰 ,https://mhfm6tel.cdndm5.com/42/41166/20180312194123_180x240_15.jpg,他是权势滔天、富可敌国的凌家第四子，也是从小又哑又瘫且...,完结,第50回 ,https://www.dm5.com/manhua-xiaoqiwenshangyin/
196,第二类死亡,掌阅漫画 ,https://mhfm5tel.cdndm5.com/48/47041/20181226173044_180x240.jpg,"云升街六号，两个涉世未深的女孩。
陌生女人的长发，浴室...",完结,第81回 渐行渐远,https://www.dm5.com/manhua-dierleisiwang/
197,我的老婆是公主,魅丽漫画馆 ,https://mhfm1tel.cdndm5.com/37/36611/20170905165851_180x240.jpg,少年李路由在Cosplay上遇到异界坠入地球的萝莉公主安南秀，...,完结,第15回 营救意外,https://www.dm5.com/manhua-wodelaoposhigongzhu/
198,王牌神棍,天翼爱动漫 ,https://mhfm7tel.cdndm5.com/56/55812/20191213163408_180x240.jpg,一命二运三风水，古流传至今的老东西有其存在的道理，这个...,完结,第44回 外传：初遇,https://www.dm5.com/manhua-wangpaishengun/
199,破梦游戏,吟谷传媒 ,https://mhfm1tel.cdndm5.com/39/38628/20181029145217_180x240_22.jpg,升级打怪多勤奋，等等怎么被通缉了？！,完结,第43回 终章 落幕？02,https://www.dm5.com/manhua-pomengyouxi/
200,沧浪烟云,橙光漫画 ,https://mhfm5tel.cdndm5.com/39/38163/20170829170210_180x240_17.jpg,改编自橙光作品《沧浪烟云》，原作作者：葫芦小一，漫画作...,完结,第54回 ,https://www.dm5.com/manhua-canglangyanyun/
201,谎言监察者,茗卡通 ,https://mhfm2tel.cdndm5.com/36/35820/20170829100022_180x240_26.jpg,每个监察者都拥有特别的能力，可以强制恶人的行为。能力通...,完结,第22回 番外篇,https://www.dm5.com/manhua-huangyanjianchazhe1/
202,萌封神,飒漫画 ,https://mhfm7tel.cdndm5.com/39/38478/20170920162930_180x240_29.jpg,140期《飒漫画》题图：《萌封神》——新作瞩目！,完结,第42回 封神榜,https://www.dm5.com/manhua-mengfengshen/
203,神展开？不存在的！,sevencard ,https://mhfm9tel.cdndm5.com/40/39507/20171128174858_180x240.jpg,在一家小小面包店里发生的、让人啼笑皆非的日常,完结,第14回  此生第一次的告白,https://www.dm5.com/manhua-shenzhankai-bucunzaide/
204,撩妹社,漫域 ,https://mhfm8tel.cdndm5.com/41/40587/20190219175118_180x240_17.jpg,不喜交际的高一男生张文喆在入学后不久，被其热情开朗、思...,完结,第48回 ,https://www.dm5.com/manhua-liaomeishe/
205,天空之魂轻读版,万画筒漫画 ,https://mhfm4tel.cdndm5.com/40/39359/20171117100520_180x240_19.jpg,【万画筒漫画出品】【每周三、六更新】一场正义与邪恶的无...,完结,第38回 Q博士-III,https://www.dm5.com/manhua-tiankongzhihunqingduban/
206,冷血总裁的心尖妻,简小乔 ,https://mhfm4tel.cdndm5.com/37/36886/20170609133040_180x240.jpg,他是帝皇国际总裁，身价千亿，嗜血杀伐，只手遮天。 她喊道...,完结,第33回 ,https://www.dm5.com/manhua-lengxuezongcaidexijianqi/
207,萌妹召唤师,阿里文学/极光动漫 ,https://mhfm7tel.cdndm5.com/47/46882/20181219142133_180x240.jpg,阿里文学、极光动漫联合制作，根据虫言同名二次元小说改编...,完结,第50回 ,https://www.dm5.com/manhua-mengmeizhaohuanshi/
208,WAUD不死族,麦萌漫画 ,https://mhfm6tel.cdndm5.com/43/42142/20180516151434_180x240.jpg,是毒品还是僵尸？如果世界上真的出现了僵尸，我们将变成怎...,完结,第40回 ,https://www.dm5.com/manhua-waud-busizu/
209,凶鬼之骨,麦萌漫画 ,https://mhfm4tel.cdndm5.com/43/42151/20180516165658_180x240.jpg,男主角白淳是一个恐怖漫画家，因为一次意外的读者来信，原...,完结,第47回 ,https://www.dm5.com/manhua-xiongguizhigu/
210,魔盗白骨衣,阿柯文化 ,https://mhfm8tel.cdndm5.com/43/42369/20180529143849_180x240.jpg,阿里文学同名小说改编。一个患有心碎症，不能习武的少年，...,完结,第51回 传闻是真的？（下）,https://www.dm5.com/manhua-modaobaiguyi/
211,聊斋,天津神界漫画 ,https://mhfm1tel.cdndm5.com/38/37959/20170811221156_180x240_23.jpg,见粽子尸变，行附身恩仇，非人非鬼营营苟苟。逢艳狐旧欢，...,完结,第30回 浙东生02,https://www.dm5.com/manhua-liaozhai1/
212,步步掠情：暴君别来无恙,睦月文化 ,https://mhfm9tel.cdndm5.com/52/51860/20190717163132_180x240.jpg,"那时，她是大安最尊贵的十公主，他是北襄身在大安的质子。...",完结,第30回 永别,https://www.dm5.com/manhua-bubulveqing-baojunbielaiwuyang/
213,替身名媛,作者：阿里文学 ,https://mhfm2tel.cdndm5.com/47/46965/20181221144222_180x240.jpg,一群技术超凡的整容医师，如何通过整形揭发出杀人凶手的冒...,完结,第91回 ,https://www.dm5.com/manhua-tishenmingyuan/
214,占骨师,云端漫画 ,https://mhfm6tel.cdndm5.com/38/37724/20170818152427_180x240_27.jpg,繁华城市里一座幽静的茶馆，为无忧之人煮茶，为有愁之人占...,完结,第4回 两生缘（12）,https://www.dm5.com/manhua-zhangushi/
215,"求求你,吃我吧",抖动文化 ,https://mhfm4tel.cdndm5.com/23/22601/20180423135231_180x240_21.jpg,这是一个食材拟人化的世界，在这个世界里，各种各样的食材...,完结,第52回 ,https://www.dm5.com/manhua-qiuqiuni-chiwoba/
216,偶像在隔壁,阿里文学 图：元气工场 ,https://mhfm9tel.cdndm5.com/47/46903/20181225103204_180x240.jpg,林阮阴差阳错间发现了一个惊天大秘密，她那个带着一副厚底...,完结,第60回 ,https://www.dm5.com/manhua-ouxiangzaigebi/
217,恒水中学连环虐杀事件,橙光漫画 ,https://mhfm6tel.cdndm5.com/39/38024/20170816173002_180x240_30.jpg,改编自橙光作品《恒水中学连环虐杀事件》，原作作者：馄饨...,完结,第26回 ,https://www.dm5.com/manhua-hengshuizhongxuelianhuannveshashijian/
218,异界重书,天津神界漫画 ,https://mhfm3tel.cdndm5.com/39/38083/20170822133929_180x240_24.jpg,宅男小杰被雷后穿越到了自己写的小说，更坑爹的是他靠熟知...,完结,第60回 ,https://www.dm5.com/manhua-yijiechongshu/
219,平行少年,麦萌漫画 ,https://mhfm4tel.cdndm5.com/43/42143/20180516154839_180x240.jpg,你是否会感觉到生活中的某些画面似曾相识？当死亡来临之时...,完结,第40回 ,https://www.dm5.com/manhua-pingxingshaonian/
220,傲娇少爷呆萌宠,苏七迈 ,https://mhfm4tel.cdndm5.com/44/43955/20180806161433_180x240.jpg,安一沫：你…你别,完结,第50回 ,https://www.dm5.com/manhua-aojiaoshaoyedaimengchong/
221,萌宠情缘,河马公子 ,https://mhfm2tel.cdndm5.com/38/37651/20170830092140_180x240_20.jpg,她经营者一家宠物店，每天和爱宠玩闹。他，出国之前，因寄...,完结,第50回 ,https://www.dm5.com/manhua-mengchongqingyuan/
222,养妹成妻,剧能玩 ,https://mhfm1tel.cdndm5.com/47/46014/20181102174412_180x240.jpg,李欣然的母亲被丈夫背叛，临死前嘱托好友叶天正照顾李欣然...,完结,第50回 ,https://www.dm5.com/manhua-yangmeichengqi/
223,阿泰与真相的日常,潇如文化 ,https://mhfm3tel.cdndm5.com/40/39777/20171215155703_180x240_18.jpg,自来水之污《记忆U盘》动画每周四全网更新。漫画《自来水之...,完结,第108回 ,https://www.dm5.com/manhua-ataiyuzhenxiangderichang/
224,吃谜少女,抖动文化X良筑良作 ,https://mhfm8tel.cdndm5.com/23/22171/20180423134948_180x240_22.jpg,密室杀人、凭空消失、不可能犯罪、漂浮的尸体、一秒内的斩...,完结,第26回 逻辑的终点,https://www.dm5.com/manhua-chimishaonv/
225,幻灵,漫考拉 ,https://mhfm5tel.cdndm5.com/39/38770/20171010165917_180x240_19.jpg,锦城接连发生几起凶杀案，作案手法诡异，死者脑部均凭空消...,完结,第46回 你怎么能这么对我！,https://www.dm5.com/manhua-huanling/
226,腹黑总裁深深爱,剧能玩/苏芒芒 ,https://mhfm4tel.cdndm5.com/42/41164/20180312192426_180x240_15.jpg,身为富家女，庄典典却在网上卖起了小套套！ 一次送货上门居...,完结,第50回 ,https://www.dm5.com/manhua-fuheizongcaishenshenai/
227,雪影特遣组, LANNI ,https://mhfm4tel.cdndm5.com/39/38488/20170920171101_180x240_25.jpg,都市的夜晚灯火璀璨，黯淡了天空的繁星。在灯光照不到的地...,完结,第55回 后会有期（最终话）,https://www.dm5.com/manhua-xueyingteqianzu/
228,绿茶婊气运师,漫域 ,https://mhfm7tel.cdndm5.com/41/40586/20180130160635_180x240_20.jpg,胡氏一族是有名的气运师一族，可以看见人们一生的气运，并...,完结,第39回 ,https://www.dm5.com/manhua-lvchabiaoqiyunshi/
229,恋爱六分之一,阿里文学 图：漫悠悠 ,https://mhfm1tel.cdndm5.com/47/46955/20181221105309_180x240.jpg,为了继承父亲的巨大遗产，少女必须在精英学院顺利毕业且找...,完结,第60回 ,https://www.dm5.com/manhua-lianailiufenzhiyi/
230,恶犬之牙,左岸卡漫 ,https://mhfm8tel.cdndm5.com/43/42681/20180828175038_180x240.jpg,隔世之门，永远无法被封印,完结,第64回 处刑之刻(三),https://www.dm5.com/manhua-equanzhiya/
231,琥珀虚颜,北京神奇未来 ,https://mhfm6tel.cdndm5.com/40/39346/20190614162045_180x240.jpg,外星少女意外穿越次元来到地球，原以为可以找到解救母星的...,完结,第38回 ,https://www.dm5.com/manhua-hupo-xuyan/
232,塔罗甜心,天津神界漫画 ,https://mhfm7tel.cdndm5.com/39/38031/20170818134220_180x240_21.jpg,唐糖意外解封了一只封在塔罗牌内帅到掉渣的恶魔，恶魔无奈...,完结,第25回 ,https://www.dm5.com/manhua-taluotianxin/
233,斩龙,魅丽漫画馆 ,https://mhfm1tel.cdndm5.com/37/36605/20180628094109_180x240.jpg,真实与虚幻，兄弟与激情，我欲成仙，我欲成神！别慌！我还...,完结,第18回 再战,https://www.dm5.com/manhua-zhanlong/
234,B.A.W,天津神界漫画 ,https://mhfm9tel.cdndm5.com/38/37985/20170814162220_180x240_20.jpg,邪恶与正义的定义变得模糊不清，一冷一热的两兄弟与带着“...,完结,第60回 第三十回：最终话：游戏开始了......（下）,https://www.dm5.com/manhua-b-a-w/
235,重生之聂少你别太爱我,剧能玩 ,https://mhfm9tel.cdndm5.com/48/47162/20190104103541_180x240.jpg,重生回来，玩死白莲花女配,完结,第50回 ,https://www.dm5.com/manhua-chongshengzhinieshaonibietaiaiwo/
236,上司的宝贝女仆,星际互娱 ,https://mhfm6tel.cdndm5.com/43/42797/20180622112449_180x240.jpg,秦微去面试打碎价值五百万的古董，只好与总裁签订契约成为...,完结,第18回 告白,https://www.dm5.com/manhua-shangsidebaobeinvpu/
237,济公Q传,天津神界漫画 ,https://mhfm9tel.cdndm5.com/39/38342/20170913112953_180x240.jpg,偷仙丹做伟哥，开司教人成仙...似痴若狂离经叛道的降龙罗汉...,完结,第118回 ,https://www.dm5.com/manhua-jigong-qzhuan/
238,爵少的天价宝贝,剧能玩/上官娆 ,https://mhfm6tel.cdndm5.com/40/39729/20181008102407_180x240.jpg,她和所谓的“妹夫”一夜荒唐……,完结,第120回 ,https://www.dm5.com/manhua-jueshaodetianjiabaobei/
239,总裁慢点追,苏闻樱 ,https://mhfm6tel.cdndm5.com/37/36889/20170929130443_180x240_21.jpg,在姐姐的婚宴上喝醉，夏冰倾不小心走错了房间，把慕家三少...,完结,第32回 ,https://www.dm5.com/manhua-zongcaimandianzhui/
240,魁拔之幽龙骑士,青青树动漫 ,https://mhfm1tel.cdndm5.com/37/36769/20180604101826_180x240_22.jpg,元泱境界是一个由天界和地界构成的世界，魁拔每隔333年的周...,完结,第30回 第二十四话,https://www.dm5.com/manhua-kuibazhiyoulongqishi/
241,骚动！男生宿舍,佐手 ,https://mhfm5tel.cdndm5.com/32/31209/20180613131718_180x240.jpg,运动男悦翔进入高中的第一天变被一名奇怪的室友纠缠上，该...,完结,第15回 ,https://www.dm5.com/manhua-saodong-nanshengsushe/
242,婚途陌路,剧能玩 ,https://mhfm2tel.cdndm5.com/36/35804/20171010115450_180x240_18.jpg,他们早已早已烙在彼此脉络深处,完结,第104回 ,https://www.dm5.com/manhua-huntumolu/
243,国民老公好闷骚,锦书 ,https://mhfm7tel.cdndm5.com/38/37576/20170719141629_180x240.jpg,"三年前，他们即将订婚的时候，她在前一晚来退婚了。 
她说...",完结,第50回 ,https://www.dm5.com/manhua-guominlaogonghaomensao/
244,山神是高中生,金橙动漫 ,https://mhfm7tel.cdndm5.com/47/46267/20181113173845_180x240.jpg,玉帝派遣整个神界文化水平最低的山神倾宵去高中进修，倾宵...,完结,第13回 ,https://www.dm5.com/manhua-jshanshenshigaozhongsheng/
245,看不见的男友,作者：阿里文学 ,https://mhfm2tel.cdndm5.com/47/46932/20181220102958_180x240.jpg,大概没有人经历过结婚当天，男友车祸去世，然而只有自己能...,完结,第76回 ,https://www.dm5.com/manhua-kanbujiandenanyou/
246,凶猛皇后追夫记,麦萌漫画 ,https://mhfm2tel.cdndm5.com/43/42288/20180524111856_180x240.jpg,一个好吃懒惰又花痴的胖丫头，因为一次善良的行为救了大沥...,完结,第81回 ,https://www.dm5.com/manhua-xiongmenghuanghouzhuifuji/
247,婚然天成：总裁老公太放肆,剧能玩/公子月 ,https://mhfm5tel.cdndm5.com/46/45180/20180917093639_180x240.jpg,安浅浅作为安家的养女不得宠爱，谁知面临安家破产的时机，...,完结,第50回 ,https://www.dm5.com/manhua-hunrantiancheng-zongcailaogongtaifangsi/
248,腹黑老公小萌妻,剧能玩/初雪暖心 ,https://mhfm3tel.cdndm5.com/42/41165/20180312193055_180x240_13.jpg,他是权势滔天财力雄厚的帝王。她是千金公主落入乡间的灰姑...,完结,第50回 ,https://www.dm5.com/manhua-fuheilaogongxiaomengqi/
249,雪月花,天津神界漫画 ,https://mhfm7tel.cdndm5.com/39/38344/20170913131343_180x240_20.jpg,逍遥奇侠同人 金发小受受秦青一心向往叱诧江湖的侠客生活，...,完结,第53回 ,https://www.dm5.com/manhua-xueyuehua1/
250,问秦之八镜寻踪,阿里文学 图：神居动漫 ,https://mhfm7tel.cdndm5.com/47/46958/20181225134217_180x240.jpg,大秦王朝，始皇一统天下，世间各家学派开始不可抗拒地互相...,完结,第60回 再会,https://www.dm5.com/manhua-wenqinzhibajingxunzong/
251,绿茵美少女,阿里文学/极光动漫 ,https://mhfm8tel.cdndm5.com/47/46881/20181219142644_180x240.jpg,阿里文学、极光动漫联合制作，嘎布阿萨姆同名二次元小说改...,完结,第50回 ,https://www.dm5.com/manhua-lvyinmeishaonv/
252,青之誓言,希热卓玛 ,https://mhfm6tel.cdndm5.com/51/50711/20190617162536_180x240.jpg,青龙，白虎，朱雀，玄武——上古四神君，下属二十八星宿，...,完结,第13回 ,https://www.dm5.com/manhua-qingzhishiyan1/
253,校园诡案,作者：杭漫文化 ,https://mhfm6tel.cdndm5.com/47/46788/20181213160046_180x240.jpg,大学生杜辰在某天深夜，加了一个微信陌生人，噩梦却从此开...,完结,第9回 死亡诅咒,https://www.dm5.com/manhua-xiaoyuanguian/
254,怪物学校,崔林 ,https://mhfm7tel.cdndm5.com/49/48563/20190314112920_180x240.jpg,为了从怪物高中--立春高中逃跑，主人公草心的旅程和成长。,完结,第50回 B,https://www.dm5.com/manhua-guaiwuxuexiao/
255,后来的你,sevencard ,https://mhfm3tel.cdndm5.com/39/38514/20170922202916_180x240.jpg,假若青春是一场等待,完结,第3回 part3,https://www.dm5.com/manhua-houlaideni/
256,契约新娘,剧能玩/喵喵爱吃鱼 ,https://mhfm5tel.cdndm5.com/43/42060/20180511145203_180x240_12.jpg,为了逃避和秦谚书的联姻，佟安晚准备逃去国外，却在逃走时...,完结,第50回 ,https://www.dm5.com/manhua-qiyuexinniang/
257,摩擦教师,优视文化 ,https://mhfm2tel.cdndm5.com/39/38421/20170918114543_180x240.jpg,富二代被下放高校历练，为求回归与问题学生斗智斗勇,完结,第16回 ,https://www.dm5.com/manhua-mocajiaoshi/
258,霸道少爷恋上拽丫头,方涵烯 ,https://mhfm5tel.cdndm5.com/44/43780/20180821103037_180x240.jpg,富家少爷与平凡女孩充满套路的爱情故事,完结,第50回 ,https://www.dm5.com/manhua-badaoshaoyelianshangyeyatou/
259,武林萌主,阿里文学 图：漫悠悠 ,https://mhfm5tel.cdndm5.com/47/46967/20181226142439_180x240.jpg,身为江湖中最神秘的消息贩卖门派——凌烟阁阁主的独女，杜...,完结,第62回 最终话 与你在一起,https://www.dm5.com/manhua-wulinmengzhu/
260,神探状元花,阿里文学 图：仟绘动漫 ,https://mhfm3tel.cdndm5.com/47/46901/20181219135537_180x240.jpg,一个精通医术的女孩来到异世，屡屡破获奇案，无心考成了状...,完结,第50回 ,https://www.dm5.com/manhua-shentanzhuangyuanhua/
261,忆相逢,4白、八月 ,https://mhfm5tel.cdndm5.com/39/38275/20170906202502_180x240.jpg,李逍遥之女，仙剑奇侠传,完结,第10回 如叶飘零,https://www.dm5.com/manhua-yixiangfeng/
262,限时闪婚：总裁老公狠傲娇,剧能玩/清平乐 ,https://mhfm8tel.cdndm5.com/48/47161/20190104104215_180x240.jpg,"““余婧诗，要不要跟我结婚？”
相亲宴上，浑身冒着冷气...",完结,第50回 ,https://www.dm5.com/manhua-xianshishanhun-zongcailaogonghenaojiao/
263,大叔宠上欢：惹火娇妻有点甜,剧能玩 ,https://mhfm3tel.cdndm5.com/47/46442/20181123154742_180x240.jpg,景云夕被自己大姐算计，失身于凌宇集团总裁雷阎霆，并被冠...,完结,第50回 ,https://www.dm5.com/manhua-dashuchongshanghuan-rehuojiaoqiyoudiantian/
264,星焰少年,飒漫画 ,https://mhfm3tel.cdndm5.com/39/38441/20170918171736_180x240_34.jpg,星焰少年讲的是：一部热血少年之作,完结,第37回 冲破黑暗,https://www.dm5.com/manhua-xingyanshaonian/
265,神秘老公不离婚,剧能玩 ,https://mhfm6tel.cdndm5.com/36/35933/20170919101420_180x240_15.jpg,"“什么，她要嫁个体弱多病的少爷！
体弱多病也就算了...",完结,第65回 ,https://www.dm5.com/manhua-shenmilaogongbulihun/
266,一梦十年,蜂与鸟工作室 ,https://mhfm7tel.cdndm5.com/44/43116/20180711104351_180x240.jpg,收养家庭的哥哥竟然是。。。,完结,第57回 告白,https://www.dm5.com/manhua-yimengshinian/
267,暴躁的你,麦萌漫画 ,https://mhfm2tel.cdndm5.com/43/42284/20180524100511_180x240.jpg,暴躁的希恩和温柔的王兹是否能走到一起，且看青梅竹马的日...,完结,第42回 天涯海角,https://www.dm5.com/manhua-baozaodeni/
268,黑日,杨颖红 ,https://mhfm4tel.cdndm5.com/32/31200/20180613120120_180x240.jpg,现代社会，黑日升起，审判日趋临近。这个时候，出现了一些...,完结,第28回 ,https://www.dm5.com/manhua-heiri1/
269,嫁给顾先生,剧能玩/雨霏 ,https://mhfm8tel.cdndm5.com/46/45107/20180912151537_180x240_14.jpg,心系顾先生，一生一世,完结,第50回 ,https://www.dm5.com/manhua-jiageiguxiansheng/
270,六人侦探,便利店的熊 ,https://mhfm8tel.cdndm5.com/39/38424/20170918120709_180x240.jpg,毒舌，宅女，大叔，怪咖。四人合体就是————最强侦探团...,完结,第18回 档案2：正篇01-朋友游戏08,https://www.dm5.com/manhua-liurenzhentan/
271,抱个总裁上直播,剧能玩 ,https://mhfm6tel.cdndm5.com/40/39385/20171118145200_180x240_21.jpg,她腰酸腿疼脚发颤：“八卦新闻说你不喜欢女人，全是扯淡！...,完结,第50回 ,https://www.dm5.com/manhua-baogezongcaishangzhibo/
272,天外妃仙,阿里文学 图：花颜 ,https://mhfm2tel.cdndm5.com/47/46966/20181221145334_180x240.jpg,穿越文，后宫向。现代特工秦淼在某次任务中遭遇空难，从飞...,完结,第31回 ,https://www.dm5.com/manhua-tianwaifeixian/
273,49%的灵魂,抖动文化 ,https://mhfm8tel.cdndm5.com/40/39778/20190225110230_180x240.jpg,大变革元年，分解者主宰了世界。在打败赫墨拉塔城的白昼女...,完结,让一切归零的代价 ,https://www.dm5.com/manhua-49-delinghun/
274,高冷总裁是蛇精病,剧能玩/亲亲小御 ,https://mhfm3tel.cdndm5.com/48/47163/20190104103457_180x240.jpg,深爱的男友失去了相爱的记忆，她将何去何从。,完结,第50回 ,https://www.dm5.com/manhua-gaolengzongcaishishejingbing/
275,封神录,动漫堂/图：梁刚/文：郭婧 ,https://mhfm4tel.cdndm5.com/43/42656/20180614111636_180x240.jpg,古装美男竟然是苏妲己！？,完结,第45回 ,https://www.dm5.com/manhua-fengshenlu/
276,霸道将军的小娇妻,剧能玩 ,https://mhfm6tel.cdndm5.com/46/45012/20180906091957_180x240.jpg,霸道将军等候千年时光，爱上普通女大学生。,完结,第50回 ,https://www.dm5.com/manhua-badaojiangjundexiaoxinniang/
277,璀璨之星,天津神界漫画 ,https://mhfm9tel.cdndm5.com/38/37996/20170815085950_180x240_30.jpg,拥有耀眼光芒的王子翼，高中时代就被模特公司挖掘成为平面...,完结,第40回 ,https://www.dm5.com/manhua-cuicanzhixing/
278,田园小农女：带着空间种种田,圣灵工作室x一直看 ,https://mhfm3tel.cdndm5.com/44/43705/20180801173149_180x240_23.jpg,【每周三、周六更新】 扑朔迷离的赵家大院 生死未卜的农女...,完结,第15回 从井救人,https://www.dm5.com/manhua-tianyuanxiaonongnv-daizhekongjianzhongzhongtian/
279,入骨暖婚,大周周 ,https://mhfm2tel.cdndm5.com/37/36888/20170930100705_180x240_15.jpg,魔鬼只会用他特定的方式来爱你：“记住，不许看着我，不许...,完结,第31回 ,https://www.dm5.com/manhua-rugunuanhun/
280,豪门隐婚：蜜宠甜妻99天,剧能玩/叶小离 ,https://mhfm3tel.cdndm5.com/43/42904/20180628132553_180x240.jpg,顾念西因老家父亲生病需要大笔医药费而被迫卖身，被苏沉瑾...,完结,第50回 ,https://www.dm5.com/manhua-haomenyinhun-michongtianqi-99-tian/
281,呛辣校园俏女生,刘飒 ,https://mhfm7tel.cdndm5.com/39/38486/20170920170529_180x240_35.jpg,超级坏脾气的富家大小姐朱珠，在第一话被林小多误打，随后...,完结,外传：2 ,https://www.dm5.com/manhua-qianglaxiaoyuanqiaonvsheng/
282,勇者的心,香草先生 ,https://mhfm4tel.cdndm5.com/39/38360/20170914090232_180x240.jpg,地球上位于伽马宇宙和贝塔宇宙的边缘，属于伽马宇宙，两个...,完结,第32回 ,https://www.dm5.com/manhua-yongzhedexin/
283,探索之骨,天翼爱动漫 ,https://mhfm7tel.cdndm5.com/56/55814/20191213163337_180x240.jpg,新人女刑警为了完成恩人失踪前嘱托，加入刑警队寻人，却卷...,完结,第18回 意外死亡？还是他杀？,https://www.dm5.com/manhua-tansuozhigu/
284,江湖人很忙,阿里文学 ,https://mhfm9tel.cdndm5.com/47/46898/20181219145947_180x240.jpg,周韵不是江湖人士，却偏爱江湖的仗义豪情，在大婚快要来临...,完结,第66回 第二季（6）,https://www.dm5.com/manhua-jianghurenhenmang/
285,分解世界,抖动文化 ,https://mhfm5tel.cdndm5.com/23/22692/20180423135050_180x240_18.jpg,拥有多个灵魂的人，便可获得分解之力，感受到这个世界的实...,完结,第26回 季终话,https://www.dm5.com/manhua-fenjieshijie/
286,大龙门客栈,魅丽漫画馆 ,https://mhfm5tel.cdndm5.com/37/36603/20180629145602_180x240.jpg,拜堂礼未成，龙家大小姐龙小花就已经被贬为“下堂妻”下到...,完结,第13回 龙晓乙的犹豫,https://www.dm5.com/manhua-dalongmenkezhan/
287,天坑鹰猎,素心人漫画工作室 ,https://mhfm5tel.cdndm5.com/45/44912/20180831172548_180x240.jpg,地质专家陆老师突然发狂伤人，其徒弟北京少年张保庆远赴东...,完结,第30回 毒源惊现,https://www.dm5.com/manhua-tiankengyinglie/
288,狗粮好吃,阿里文学/神居动漫 ,https://mhfm7tel.cdndm5.com/47/46915/20181224131524_180x240.jpg,阿里文学漫画部监制，阿里文学、神居动漫联合出品。“道格...,完结,第50回 帝国入侵（第一季完）,https://www.dm5.com/manhua-goulianghaochi/
289,御魔龙,天津神界漫画 ,https://mhfm3tel.cdndm5.com/39/38277/20170907093641_180x240_20.jpg,龙子出世！！！！降龙派危在旦夕！谁能下山除魔，天命所定...,完结,第26回 ,https://www.dm5.com/manhua-yumolong/
290,二胎奋斗记,剧能玩/嘻宝 ,https://mhfm2tel.cdndm5.com/41/40205/20180108161918_180x240_15.jpg,挑了个好日子，南城最声名狼藉的私生女把太子爷给睡了,完结,第50回 ,https://www.dm5.com/manhua-ertaifendouji/
291,醉颜梦,麦萌漫画 ,https://mhfm2tel.cdndm5.com/43/42166/20180517101900_180x240.jpg,穿越者搅乱了的世界中，天降之星重降齐灵帝国。千年灵石流...,完结,第29回 ,https://www.dm5.com/manhua-zuiyanmeng/
292,幽明少女,天津神界漫画 ,https://mhfm1tel.cdndm5.com/39/38032/20170817093958_180x240_28.jpg,行走在人间的灵媒师，在亲历连环命案之后，誓要揭开幕后真...,完结,第60回 ,https://www.dm5.com/manhua-youmingshaonv/
293,乱入,乙凌 ,https://mhfm4tel.cdndm5.com/39/38361/20170914091820_180x240.jpg,爆机王在游戏世界的乱入冒险！,完结,第59回 未来、再会,https://www.dm5.com/manhua-luanru1/
294,风姿物语银杏篇,猎星时代 ,https://mhfm7tel.cdndm5.com/38/37405/20170710133455_180x240.jpg,风姿银杏篇讲的是小乔、公瑾、胭凝充满热血与激情，阴谋与...,完结,第52回 伪装的真相,https://www.dm5.com/manhua-fengziwuyuyinxingpian/
295,记忆U盘,潇如文化 ,https://mhfm5tel.cdndm5.com/39/38125/20170825155031_180x240.jpg,自来水之污《记忆U盘》动画每周四全网更新。改编自漫画《自...,完结,第53回 谜底（下）,https://www.dm5.com/manhua-jiyi-u-pan/
296,威武漫丫,天津神界漫画 ,https://mhfm1tel.cdndm5.com/39/38276/20170907085251_180x240_22.jpg,在一个暴风雨夜晚，王子诺偶遇一位漫画狂热粉孟萌。这位外...,完结,第34回 ,https://www.dm5.com/manhua-weiwumanya/
297,我是妖精,魅丽漫画馆 ,https://mhfm2tel.cdndm5.com/37/36598/20180628094154_180x240.jpg,在一个妖两界共存的世界，妖精在人类心中是以神一般的存在...,完结,第19回 大意,https://www.dm5.com/manhua-woshiyaojing/
298,彩虹旋律,天津神界漫画 ,https://mhfm3tel.cdndm5.com/39/38268/20170906141712_180x240_23.jpg,用眼睛如果能看到音乐的旋律，那音符应该是怎样的颜色?当小...,完结,第26回 ,https://www.dm5.com/manhua-caihongxuanlv/
299,鲜妻别跑,梦洛 ,https://mhfm9tel.cdndm5.com/37/36880/20170925161617_180x240_25.jpg,"“一个亿，和我结婚。”
刚新婚，她却被丈夫设计捉奸，愤...",完结,第90回 ,https://www.dm5.com/manhua-xianqibiepao/
300,情趣cp萌萌哒,剧能玩 ,https://mhfm5tel.cdndm5.com/46/45068/20180911100209_180x240.jpg,天啦撸，明明说好了做闺蜜，一不小心就便成了男票？,完结,第50回 ,https://www.dm5.com/manhua-qingqu-cp-mengmengda/
301,济公传奇,天津神界漫画 ,https://mhfm5tel.cdndm5.com/39/38373/20170915085147_180x240_25.jpg,拐太上老君的牛做铁板烧、煮哮天犬做狗肉火锅，被打入六道...,完结,第126回 ,https://www.dm5.com/manhua-jigongchuanqi/
302,鬼眼,酸菜粉条 ,https://mhfm2tel.cdndm5.com/37/36859/20170608134804_180x240.jpg,我是一个孤儿，为了凑齐上大学的学费，我去偷了公墓祭祀的...,完结,第15回 ,https://www.dm5.com/manhua-guiyan/
303,王之棋盘,作者：阿里文学 ,https://mhfm2tel.cdndm5.com/47/46935/20181224132544_180x240.jpg,左瑞安接替兄长的位置成为一盘受诅咒棋局里的黑国王，为了...,完结,第114回 ,https://www.dm5.com/manhua-wangzhiqipan/
304,契约婚宠：娇妻上99式,剧能玩/思夜静 ,https://mhfm4tel.cdndm5.com/48/47165/20190104104136_180x240.jpg,因为一场联姻，将陆筱筱和褚墨绑在了一起，两人为了彼此的...,完结,第50回 ,https://www.dm5.com/manhua-qiyuehunchong-jiaoqishang-99-shi/
305,男神攻略手册,剧能玩 ,https://mhfm6tel.cdndm5.com/46/45011/20180906091519_180x240.jpg,迟初晓一直暗恋学校里的高冷男神李南泽，在快要毕业的几个...,完结,第50回 ,https://www.dm5.com/manhua-nanshengonglueshouce/
306,合约有毒 ,剧能玩/茶茶 ,https://mhfm5tel.cdndm5.com/39/38827/20171013165800_180x240.jpg,“2017年，周轻转学到这个城市，因为某种不可描述的原因，...,完结,第48回 ,https://www.dm5.com/manhua-heyueyoudu/
307,契约妹妹之骗术大师,剧能玩 ,https://mhfm2tel.cdndm5.com/47/46441/20181123153955_180x240.jpg,“你干嘛啊，我是你妹妹！”“反正又不是亲妹妹，有什么关...,完结,第50回 ,https://www.dm5.com/manhua-qiyuemeimeizhipianshudashi/
308,祁祁如云,作者：阿里文学 ,https://mhfm6tel.cdndm5.com/47/46948/20181220165024_180x240.jpg,穿越者雷如云本来只想做个普通市民，帮自家酒楼出点主意、...,完结,第35回 ,https://www.dm5.com/manhua-qiqiruyun/
309,逆转杀魂,阿里文学 图：蜉笙门 ,https://mhfm7tel.cdndm5.com/47/46900/20181225103240_180x240.jpg,年幼的主人公遭遇车祸重伤昏迷多年后醒来，发现丢失记忆的...,完结,第50回 ,https://www.dm5.com/manhua-nizhuanshahun/
310,洞仙歌,画神文化 ,https://mhfm7tel.cdndm5.com/40/39466/20190401183221_180x240.jpg,人妖共存的长古世界，古怪精灵、愿望是探遍古籍中志怪传说...,完结,第19回 ,https://www.dm5.com/manhua-dongxiange/
311,浪漫宠物店,天津神界漫画 ,https://mhfm3tel.cdndm5.com/38/37955/20170811201915_180x240_22.jpg,失业100次的少女温暖求职神秘的宠物店，却被强迫每天以女仆...,完结,第30回 ,https://www.dm5.com/manhua-langmanchongwudian/
312,特工女佣不好惹,剧能玩/夏里 ,https://mhfm5tel.cdndm5.com/48/47159/20190104104334_180x240.jpg,“你的任务是保护国家重要人才的安全，杜绝一切潜在危险！...,完结,第50回 ,https://www.dm5.com/manhua-tegongnvyongbuhaore/
313,恋爱呼叫受限,金橙动漫 ,https://mhfm9tel.cdndm5.com/47/46277/20181114175654_180x240.jpg,正在狱中服刑的蒋复收到妻子凌琅跳楼自杀的消息，虽然赶到...,完结,第25回 多样化团建,https://www.dm5.com/manhua-lianaihujiaoshouxian/
314,天章奇谭,掌阅漫画 ,https://mhfm7tel.cdndm5.com/39/38401/20170915163944_180x240.jpg,平凡少女突然RP爆发，捡到了一只从天而降的“小鸭子”！特...,完结,总编集访谈 ,https://www.dm5.com/manhua-tianzhangqitan/
315,翼纪元,潇如文化 ,https://mhfm6tel.cdndm5.com/20/19539/20151105095509_180x240_22.jpg,作品简介：这是一个破碎的世界，无数浮岛错落分布在空中，...,完结,第48回 寻觅,https://www.dm5.com/manhua-yijiyuan/
316,惊悚系列,天津神界漫画 ,https://mhfm5tel.cdndm5.com/39/38374/20170915085822_180x240_22.jpg,校花尘尘和同校的歌手张言是情侣，个性刁蛮的尘尘为吐一时...,完结,第50回 医学院怪事10,https://www.dm5.com/manhua-jingsongxilie/
317,纯白之恋,麦萌漫画 ,https://mhfm2tel.cdndm5.com/43/42277/20180524085022_180x240.jpg,一次学校组织的郊游，安然来到万年前封印妖怪的山中。意外...,完结,第55回 ,https://www.dm5.com/manhua-chunbaizhilian/
318,正射必中 ,风炫动漫 ,https://mhfm1tel.cdndm5.com/42/41693/20180419100951_180x240_20.jpg,杂志社倒闭，新漫画腰斩。清风白璐两位漫画作者为了生计不...,完结,第19回 新的开始（2）,https://www.dm5.com/manhua-zhengshebizhong/
319,闪亮少女,麦萌漫画 ,https://mhfm8tel.cdndm5.com/43/42148/20180516161857_180x240.jpg,过气童星王兴晴成为众人嘲笑的存在，曾经辉煌的她，如今却...,完结,第31回 ,https://www.dm5.com/manhua-shanliangshaonv/
320,木木已成舟,剧能玩 ,https://mhfm1tel.cdndm5.com/46/45014/20180906092458_180x240.jpg,木已成舟，我们在一起吧！,完结,第100回 ,https://www.dm5.com/manhua-mumuyichengzhou/
321,我妖谈恋爱,作者：阿里文学 ,https://mhfm9tel.cdndm5.com/47/46945/20181220155055_180x240.jpg,高三少年江哲偶然成为了妖怪婚姻中介所的一名临时工，如果...,完结,第80回 ,https://www.dm5.com/manhua-woyaotanlianai/
322,整垮前任,酱油熊动漫/浪潮社 ,https://mhfm7tel.cdndm5.com/43/42183/20180518161734_180x240.jpg,条件平平的渣男竟然想挑选四个精品剩女,完结,第32回 尘埃落定,https://www.dm5.com/manhua-zhengkuaqianren/
323,宠婚夜袭：总裁前夫求放过,剧能玩/宫墨兮 ,https://mhfm2tel.cdndm5.com/46/45216/20180918134651_180x240.jpg,叶凉予在传媒处工作遭封杀，去应聘过程中遇到总裁前夫傅霖...,完结,第50回 ,https://www.dm5.com/manhua-chonghunyexi-zongcaiqianfuqiufangguo/
324,超能工作室,阿里文学 ,https://mhfm2tel.cdndm5.com/47/46892/20181224130833_180x240.jpg,超级爆笑，前方高能！无厘头游戏公司的搞笑日常。中二病当...,完结,第100回 ,https://www.dm5.com/manhua-chaonenggongzuoshi/
325,狠西游后传,青青树 ,https://mhfm8tel.cdndm5.com/22/21977/20180604101330_180x240_22.jpg,师徒四人取经归来，发现时代进迁，突破万难取回的真经一无...,完结,第8回 六,https://www.dm5.com/manhua-henxiyouhouzhuan/
326,步步婚宠,剧能玩/含笑有白鹭  ,https://mhfm3tel.cdndm5.com/40/39570/20181008102053_180x240.jpg,女人，你是我的猎物！,完结,第100回 ,https://www.dm5.com/manhua-bubuhunchong/
327,白玫瑰的言证,飒漫画 ,https://mhfm3tel.cdndm5.com/39/38438/20170918170725_180x240_30.jpg,美女堂前，有惊无险；看到真凶却无法指认，梦中的阿斯又是...,完结,第7回 爱即远离,https://www.dm5.com/manhua-baimeiguideyanzheng/
328,单身狗皇帝,磨方漫画 ,https://mhfm7tel.cdndm5.com/46/45426/20180930174009_180x240.jpg,西月亡国公主赵慕凌为了复仇阴差阳错地进了大央皇宫做了仇...,完结,第36回 刺杀神器,https://www.dm5.com/manhua-danshengouhuangdi/
329,暖婚100分,剧能玩/六月草 ,https://mhfm3tel.cdndm5.com/42/41098/20180307105151_180x240_15.jpg,被新婚丈夫出卖新婚夜的莫心语在逃跑过程中遇到了城南首富...,完结,第50回 ,https://www.dm5.com/manhua-nuanhun-100-fen/
330,报复游戏：绑来的女佣,剧能玩/天琴 ,https://mhfm1tel.cdndm5.com/46/45067/20180911095418_180x240.jpg,绑个女佣做老婆~,完结,第50回 ,https://www.dm5.com/manhua-baofuyouxi-banglaidenvyong/
331,喵的假期,牙梳 ,https://mhfm1tel.cdndm5.com/39/38484/20170920170218_180x240_25.jpg,我和他的秘密。。。。。。,完结,第4回 喵的假期,https://www.dm5.com/manhua-miaodejiaqi/
332,星萌学院,魅丽漫画馆 ,https://mhfm4tel.cdndm5.com/37/36576/20180629145518_180x240.jpg,要成为一位星座守护使需要学习很多东西，包括魔法术，占卜...,完结,第15回 这就是星座魔法,https://www.dm5.com/manhua-xingmengxueyuan/
333,爆笑棒槌,天津神界漫画 ,https://mhfm1tel.cdndm5.com/39/38267/20170906115339_180x240_22.jpg,不靠谱的棒槌和小强生活在石器村，为了应付村里的狩猎比赛...,完结,第46回 ,https://www.dm5.com/manhua-baoxiaobangchui/
334,学霸，你逃不鸟了,剧能玩/恩加 ,https://mhfm4tel.cdndm5.com/46/45104/20180912150532_180x240_17.jpg,学渣如何追上学霸，急，在线等！,完结,第50回 ,https://www.dm5.com/manhua-xueba-nitaobuniaole/
335,白蛇囧传,天津神界漫画 ,https://mhfm9tel.cdndm5.com/39/38372/20170915084419_180x240_23.jpg,她是清风山御姐白蛇， 无意感动观音求得恩人消息赶去报恩。...,完结,第60回 ,https://www.dm5.com/manhua-baishejiongzhuan/
336,诺亚之蝶,傅伯涛 ,https://mhfm3tel.cdndm5.com/39/38400/20170915153256_180x240_20.jpg,倒霉小子苏展遇上冰山美女骆芷寒，上来搭讪就失败。郁闷的...,完结,第206回 划过记忆的蝴蝶,https://www.dm5.com/manhua-nuoyazhidie/
337,80后小夫妻,天津神界漫画 ,https://mhfm9tel.cdndm5.com/38/37957/20170811210322_180x240_25.jpg,80后夫妻的都市生活,完结,第20回 ,https://www.dm5.com/manhua-80-houxiaofuqi/
338,重生之我愿意爱你,剧能玩 ,https://mhfm9tel.cdndm5.com/43/42905/20180628133133_180x240.jpg,前世，关紫为了男友莫文付出了一切，为他打造娱乐王国，却...,完结,第50回 ,https://www.dm5.com/manhua-chongshengzhiwoyuanyiaini/
339,我曾为你着迷,浅筱木 ,https://mhfm1tel.cdndm5.com/38/37577/20170719141753_180x240.jpg,如愿嫁入豪门，婚礼现场却被一张我几年前的“裸借照片”搅...,完结,第50回 ,https://www.dm5.com/manhua-wocengweinizhemi/
340,闪婚厚爱,旧时绵绵 ,https://mhfm5tel.cdndm5.com/37/36876/20170608195801_180x240.jpg,简然以为自己嫁了一个普通男人，谁料这个男人摇身一变，成...,完结,第67回 ,https://www.dm5.com/manhua-shanhunhouai/
341,隐婚暖妻,剧能玩/笛音 ,https://mhfm4tel.cdndm5.com/43/42123/20180516091621_180x240.jpg,余阑珊是一个十八线开外的小明星，江家的私生女。因为江家...,完结,第50回 ,https://www.dm5.com/manhua-yinhunnuanqi/
342,天价婚宠,剧能玩/绿萝 ,https://mhfm8tel.cdndm5.com/43/42025/20180510091604_180x240.jpg,三年前，沐景颜被闺蜜宫思雨和前男友秦云凯双双背叛，送往...,完结,第50回 ,https://www.dm5.com/manhua-tianjiahunchong/
343,绝美兽医师, 尾大地猫猫 ,https://mhfm3tel.cdndm5.com/39/38434/20170918163526_180x240_24.jpg,美型妖精大混战特别番外篇之绝美兽医师，平行时空里，灵幻...,完结,第10回 信,https://www.dm5.com/manhua-juemeishouyishi/
344,潘多拉秘宝,风炫动漫 ,https://mhfm3tel.cdndm5.com/42/41697/20180419112503_180x240_21.jpg,魔法大陆“帕斯菲克”流传着一个传说，在某个地方藏着一个...,完结,第11回 精灵石,https://www.dm5.com/manhua-panduolamibao/
345,男友是猫又怎样,神居动漫 ,https://mhfm9tel.cdndm5.com/42/41699/20180719170549_180x240.jpg,如果有一天，你发现自己的宠物猫变成宇宙无敌大帅哥，而且...,完结,第20回 ,https://www.dm5.com/manhua-nanyoushimaoyouzenyang/
346,输赢,漫驴工作室 ,https://mhfm5tel.cdndm5.com/51/50709/20190617110132_180x240.jpg,销售精英方威跟着老大周锐决战北京巨额订单，却不知被身边...,完结,第70回 第二次招标？,https://www.dm5.com/manhua-shuying/
347,暮色寻香,麦萌漫画 ,https://mhfm2tel.cdndm5.com/43/42126/20180516103930_180x240.jpg,花仙香儿为救心爱之人，误施法将蛮荒之地开满鲜花，旱拔女...,完结,第50回 ,https://www.dm5.com/manhua-musexunxiang/
348,长官大人好纯禽,剧能玩 ,https://mhfm9tel.cdndm5.com/40/39354/20171127161629_180x240_16.jpg,她是美艳女间谍，红唇烈焰间带着足以令敌人致命的剧毒，唯...,完结,第50回 ,https://www.dm5.com/manhua-changguandarenhaochunqin/
349,少年方世玉,天津神界漫画 ,https://mhfm2tel.cdndm5.com/39/38369/20170914161213_180x240.jpg,方世玉为“少林五祖”之一苗显的外孙，从小在母亲苗翠花的...,完结,第26回 ,https://www.dm5.com/manhua-shaonianfangshiyu/
350,天使之约,天津神界漫画 ,https://mhfm4tel.cdndm5.com/39/38084/20170822135723_180x240_22.jpg,霉运缠身的调皮女孩偶遇拥有神秘力量的失忆少年，意外与之...,完结,第50回 ,https://www.dm5.com/manhua-tianshizhiyue/
351,见习小月老,阿里文学 图：漫悠悠 ,https://mhfm3tel.cdndm5.com/47/46939/20181220154317_180x240.jpg,见习月老温婉婷在撮合杨子杰和萧美玲的姻缘过程中，不知不...,完结,第134回 ,https://www.dm5.com/manhua-jianxixiaoyuelao/
352,帝少宠妻上瘾,云过是非 ,https://mhfm5tel.cdndm5.com/39/38536/20170925145000_180x240_23.jpg,一场乌龙的事件，呆萌小绵羊误入狼窝，遭遇腹黑霸道大灰狼...,完结,第50回 ,https://www.dm5.com/manhua-dishaochongqishangyin/
353,异快递,风炫动漫 ,https://mhfm7tel.cdndm5.com/42/41695/20180419110123_180x240_19.jpg,与人间并存的白色异界，因地底魔兽的反扑，陷入绝境。异界...,完结,第20回 纯白的钥匙,https://www.dm5.com/manhua-yikuaidi/
354,第二次邂逅,飒漫画 ,https://mhfm2tel.cdndm5.com/39/38469/20170920140846_180x240_26.jpg,高中女生洛洛超级迷信占卜，这天她占卜出自己要倒大霉了，...,完结,第4回 你还记得吗？,https://www.dm5.com/manhua-diercixiehou/
355,高调撩妻：Boss大人求节制,剧能玩/越梨洲 ,https://mhfm7tel.cdndm5.com/47/46016/20181102174147_180x240.jpg,误打误撞，她惹上了这个恶霸。“我可以给钱，希望你放过我...,完结,第50回 ,https://www.dm5.com/manhua-gaodiaoliaoqi-boss-darenqiujiezhi/
356,梦骑士,天津神界漫画 ,https://mhfm4tel.cdndm5.com/38/37982/20170814152942_180x240_21.jpg,为了对抗梦魇，保护同伴不在梦境中被杀戮，人类建立了秘密...,完结,第36回 ,https://www.dm5.com/manhua-mengqishi/
357,婚情蚀骨：总裁晚上见,剧能玩/夜无尘 ,https://mhfm4tel.cdndm5.com/46/45070/20180911104251_180x240.jpg,她陷进了他的爱情圈套…,完结,第50回 ,https://www.dm5.com/manhua-hunqingshigu-zongcaiwanshangjian/
358,撒旦在线,天津神界漫画 ,https://mhfm8tel.cdndm5.com/39/38001/20170815161107_180x240_27.jpg,一条精美无比的项链，打破了云画画平凡的生活，沉迷游戏通...,完结,第60回 ,https://www.dm5.com/manhua-sadanzaixian/
359,回转先生,苏夏 ,https://mhfm3tel.cdndm5.com/32/31202/20180613120237_180x240.jpg,,完结,外传：2 ,https://www.dm5.com/manhua-huizhuanxiansheng/
360,篱笆庄秘闻,非凡漫社 ,https://mhfm5tel.cdndm5.com/42/41410/20180727161058_180x240.jpg,抽烟、喝酒、逃课，十七岁的少女厉姗屡出昏招，只想博得忙...,完结,第9回 ,https://www.dm5.com/manhua-libazhuangmiwen/
361,强宠司令老公好心机,剧能玩/麻辣秋风 ,https://mhfm8tel.cdndm5.com/43/42122/20180516090943_180x240.jpg,施诗的初恋叶珏为钱和施诗的表妹曾婷结婚，施诗负气嫁给“F...,完结,第50回 ,https://www.dm5.com/manhua-qiangchongsilinglaogonghaoxinji/
362,漫画X英雄,A4漫业滴水工坊 ,https://mhfm4tel.cdndm5.com/39/38383/20170915103208_180x240.jpg,画漫画和当英雄是一种什么样的关系？ 打算应聘漫画工作的牧...,完结,人物秀-星淇 ,https://www.dm5.com/manhua-manhua-x-yingxiong/
363,神秘老公有点坏,剧能玩 ,https://mhfm9tel.cdndm5.com/40/39270/20171110154552_180x240.jpg,车祸之后，还被人强行拖上车——一个月后，意外怀孕，她被...,完结,第50回 ,https://www.dm5.com/manhua-shenmilaogongyoudianhuai/
364,独家蜜婚,黑白灰 ,https://mhfm2tel.cdndm5.com/37/36887/20170930120235_180x240_13.jpg,第一次相亲，就被他拐进民政局连夜扯了证，婚后才发现他竟...,完结,第29回 ,https://www.dm5.com/manhua-dujiamihun/
365,西江月,4白 ,https://mhfm2tel.cdndm5.com/47/46280/20181114180017_180x240.jpg,本篇漫画从慕容紫英与剑灵龙葵的视角出发，讲述剑灵苍河与...,完结,第19回 是昔流芳,https://www.dm5.com/manhua-xijiangyue/
366,失忆之城,暗夜 ,https://mhfm4tel.cdndm5.com/23/22287/20160408115224_180x240.jpg,空气稀薄的末日世界，尘埃弥漫的废土大地。真理与谎言交织...,完结,第40回 终场.下,https://www.dm5.com/manhua-shiyizhicheng/
367,一诺倾城,剧能玩/拈花惹笑 ,https://mhfm2tel.cdndm5.com/41/40991/20180228173346_180x240_16.jpg,一不小心捡到情商缺根弦的超级大祸水，是要捡回家祸害自己...,完结,第50回 ,https://www.dm5.com/manhua-yinuoqingcheng1/
368,重生之第一夫人,剧能玩/天才小狂人 ,https://mhfm9tel.cdndm5.com/43/42092/20180514102435_180x240.jpg,叶暖错把苏启郑当成托付终身的对象，结果对方却栽赃陷害，...,完结,第50回 ,https://www.dm5.com/manhua-chongshengzhidiyifuren/
369,天价逃妻,倪汏爷 ,https://mhfm7tel.cdndm5.com/44/43775/20180803114234_180x240.jpg,五年前胡茶因为父母订下的娃娃亲，和单亦铭有了婚约，但因...,完结,第50回 ,https://www.dm5.com/manhua-tianjiataoqi/
370,暧昧游戏：宝贝，我认输！,剧能玩/漫步芸端 ,https://mhfm4tel.cdndm5.com/46/45214/20180918132959_180x240.jpg,萧默，商业巨子，一个暗地里操控黑帮和杀手界的撒旦，他冷...,完结,第50回 ,https://www.dm5.com/manhua-aimeiyouxi-baobei-worenshu/
371,丝路沧海,风炫动漫 ,https://mhfm5tel.cdndm5.com/42/41702/20180419132109_180x240_24.jpg,立志成为最强渡者的少年阿渡流浪修行两年后回到故乡，意外...,完结,第10回 沧海七神（2）,https://www.dm5.com/manhua-silucanghai/
372,仰望天空尽头的世界,谜之小菜 ,https://mhfm1tel.cdndm5.com/39/38473/20170920152739_180x240_20.jpg,来自异世界的奇妙使命，交汇着校园生活的狂想曲！ 一直以来...,完结,第15回 最终话 终末前的插曲,https://www.dm5.com/manhua-yangwangtiankongjintoudeshijie/
373,轮胎他祖宗十八代,友照学车 ,https://mhfm9tel.cdndm5.com/37/36934/20170613090930_180x240.jpg,,完结,第1回 ,https://www.dm5.com/manhua-luntaitazuzongshibadai/
374,顾少甜宠迷糊妻,剧能玩/冷小萌 ,https://mhfm5tel.cdndm5.com/40/39064/20171027092927_180x240.jpg,顾逸辰，顾氏总裁，帅气多金又傲娇，是整个帝都女人梦寐以...,完结,第50回 ,https://www.dm5.com/manhua-gushaotianchongmihuqi/
375,陆兮奥惊悚故事集,吴亚莅 ,https://mhfm7tel.cdndm5.com/32/31206/20160729105800_180x240.jpg,普通职员陆兮奥的另一个身份是功成名就的恐怖悬疑小说家，...,完结,长雪夜（下） ,https://www.dm5.com/manhua-luxiaojingsonggushiji/
376,既见君子何必矜持,剧能玩/江小鱼 ,https://mhfm7tel.cdndm5.com/41/40152/20180104184237_180x240_15.jpg,辛云第一次见到季川的时候，他只是个普通大学生，笑起来清...,完结,第50回 ,https://www.dm5.com/manhua-jijianjunzihebijinchi/
377,王爷让我偷东西,剧能玩 ,https://mhfm5tel.cdndm5.com/43/42846/20180626133457_180x240_14.jpg,想要得知生父下落的唐韵为了找寻线索去王家搜寻秘宝，没想...,完结,第50回 ,https://www.dm5.com/manhua-wangyerangwotoudongxi/
378,他们的存在,阿里文学 图：A4漫业 ,https://mhfm2tel.cdndm5.com/47/46950/20181225134321_180x240.jpg,在神明的注视下，小晨、小艾还有他们身边的人慢慢的走出了...,完结,第40回 ,https://www.dm5.com/manhua-tamendecunzai/
379,不妻而育,张书爱 ,https://mhfm1tel.cdndm5.com/39/38228/20190219145014_180x240.jpg,25年的单身狗张小帅（男）通过某yue炮APP，邂逅神秘美女并...,完结,第25回 完结,https://www.dm5.com/manhua-buqieryu/
380,腹黑校草宠成瘾,剧能玩 ,https://mhfm4tel.cdndm5.com/46/45069/20180911101737_180x240.jpg,罗嘉斯尔大学，基本上都是富二代的学校，极个别是靠非常优...,完结,第50回 ,https://www.dm5.com/manhua-fuheixiaocaochongchengyin/
381,杰探,宋熙 ,https://mhfm5tel.cdndm5.com/21/20798/20181211141915_180x240_19.jpg,唐永徽初年，年轻的狄仁杰正要赴任汴州判佐。而等待他的却...,完结,第8回 （3）,https://www.dm5.com/manhua-jietan/
382,错爱成瘾,剧能玩/洛安宁 ,https://mhfm7tel.cdndm5.com/41/40970/20180227171215_180x240_13.jpg,“订婚前夕，她水中救人，却不想因此失去处子之身。一张失...,完结,第50回 ,https://www.dm5.com/manhua-cuoaichengyin/
383,非可能性甜蜜来电,鹿漫社 ,https://mhfm4tel.cdndm5.com/39/38891/20171229141202_180x240_22.jpg,"额，那个……请……神灵可以揍吗？
特别是掌握一切讯息的...",完结,第21回 ,https://www.dm5.com/manhua-feikenengxingtianmilaidian/
384,冷少的贴心催眠师 ,剧能玩 ,https://mhfm9tel.cdndm5.com/40/39488/20171124160831_180x240.jpg,他是全球遐迩闻名的“电子教父”，她是名不经传的心理医生...,完结,第50回 ,https://www.dm5.com/manhua-lengshaodetiexincuimianshi/
385,神探肖羽II,炎龙紫绪 ,https://mhfm7tel.cdndm5.com/39/38487/20170920170815_180x240_24.jpg,主人公肖羽的父亲貌似废材侦探，他的侦探事务所没什么生意...,完结,第8回 两个名侦探（二）,https://www.dm5.com/manhua-shentanxiaoyu-ii/
386,霸婚老公赖上门,晋妃妃 ,https://mhfm6tel.cdndm5.com/44/43783/20180803114606_180x240.jpg,谢非漠是谢家的二少爷，他才刚回国就遇刺了，他到处寻找想...,完结,第50回 ,https://www.dm5.com/manhua-bahunlaogonglaishangmen/
387,和天使同居的日子,阿里文学 ,https://mhfm2tel.cdndm5.com/47/46879/20181219091400_180x240.jpg,独自一人在日本上高中的林夏，偶遇了流落人间的天使，看似...,完结,第50回 思考,https://www.dm5.com/manhua-hetianshitongjuderizi/
388,你是我喜欢的模样,夜寂梦竛   黑弧 ,https://mhfm4tel.cdndm5.com/48/47797/20190202225806_180x240_15.jpg,欢迎收看《全职高手》的同人漫画，叶修和蓝河的故事,完结,第1回 ,https://www.dm5.com/manhua-nishiwoxihuandemoyang/
389,请别靠近我,剧能玩/豆包姑 ,https://mhfm3tel.cdndm5.com/41/40329/20180115161915_180x240.jpg,秦氏集团总裁秦照琰天生对女性过敏，唯独对总裁助理叶沉鱼...,完结,第50回 ,https://www.dm5.com/manhua-qingbiekaojinwo/
390,男神执事团（第一季）,言喻 ,https://mhfm2tel.cdndm5.com/39/38359/20170914085001_180x240.jpg,十张卡牌，十个拥有不同超能力的男子，十个男神。,完结,第10回 ,https://www.dm5.com/manhua-nanshenzhishituan-diyiji/
391,低调情人,剧能玩 ,https://mhfm7tel.cdndm5.com/42/41356/20180327160001_180x240_16.jpg,白思羽为救自己母亲的生命，被迫当了齐曜的情人，事实上，...,完结,第50回 ,https://www.dm5.com/manhua-didiaoqingren/
392,总裁老公，天黑请闭眼,剧能玩/芊芊儿 ,https://mhfm1tel.cdndm5.com/42/41219/20180315183949_180x240_15.jpg,温岚与殷邵勤完成了指腹为婚的婚约，然而殷邵勤爱着温岚的...,完结,第50回 ,https://www.dm5.com/manhua-zongcailaogong-tianheiqingbiyan/
393,倾世毒颜,雨枫 ,https://mhfm6tel.cdndm5.com/39/38418/20170918111107_180x240.jpg,改编自说语悄悄同名小说《倾世毒颜》。 一张脸，倾世艳容，...,完结,第36回 ,https://www.dm5.com/manhua-qingshiduyan/
394,蜜糖婚宠：权少的独家新娘,剧能玩/大猫猫  ,https://mhfm9tel.cdndm5.com/39/38764/20171010151610_180x240.jpg,“男友与好友结婚，她披麻戴孝参加婚礼。    为了报复，她...,完结,第50回 媳妇儿，我们回家,https://www.dm5.com/manhua-mitanghunchong-quanshaodedujiaxinniang/
395,永望,吴亚莅 ,https://mhfm5tel.cdndm5.com/32/31208/20180613131658_180x240.jpg,缙云山发生地震，山上出现了一个神秘的洞穴，救援队无一生...,完结,第10回 ,https://www.dm5.com/manhua-yongwang/
396,误入豪门：黑帝的秘密女人,剧能玩/温柔的小白兔 ,https://mhfm8tel.cdndm5.com/46/45066/20180911093119_180x240.jpg,因为一场交易，乔楚阳被迫嫁给欧阳靖宇，给他生下一个孩子...,完结,第50回 ,https://www.dm5.com/manhua-wuruhaomen-heididemiminvren/
397,美色有毒,剧能玩/兰颜 ,https://mhfm2tel.cdndm5.com/42/41021/20180302164118_180x240_19.jpg,她的婚宴，他不请自来，对新郎说道：“她心口处有颗红色的...,完结,第50回 ,https://www.dm5.com/manhua-meiseyoudu/
398,那些搞不明白的事,飒漫画 ,https://mhfm6tel.cdndm5.com/39/38470/20170920141835_180x240_23.jpg,学霸女生曹小珺原本是万年第一，却被一个名叫冉悠的男生打...,完结,第6回 道歉,https://www.dm5.com/manhua-naxiegaobumingbaideshi/
399,独家专属,剧能玩/歌月 ,https://mhfm3tel.cdndm5.com/42/41023/20180302164349_180x240_14.jpg,秦家大小姐秦美盼，阴错阳差，认识了腹黑霸道的秦晋庭，不...,完结,第50回 ,https://www.dm5.com/manhua-dujiazhuanshu/
400,早安继承者,剧能玩/月儿 ,https://mhfm1tel.cdndm5.com/42/41126/20180416133850_180x240_15.jpg,林小米因为一次意外结识了身受重伤的冷亦煌，但冷亦煌却失...,完结,第50回 ,https://www.dm5.com/manhua-zaoanjichengzhe/
401,婚途璀璨,剧能玩/梦依旧 ,https://mhfm2tel.cdndm5.com/41/40357/20180117152635_180x240.jpg,名门千金，渣男贱女陷害，家道败落，父亲惨死，入狱三年。...,完结,第50回 ,https://www.dm5.com/manhua-huntucuican/
402,首席的替嫁新娘,冰弦水涩 ,https://mhfm3tel.cdndm5.com/44/43787/20180803114144_180x240.jpg,夏念苏因为养父两千万的债务而顶替夏忆杭嫁给了债主慕容飞...,完结,第50回 ,https://www.dm5.com/manhua-shouxidetijiaxinniang/
403,限时婚约,剧能玩/涂涂烟 ,https://mhfm2tel.cdndm5.com/41/40969/20180227170611_180x240_16.jpg,"他是亿万总裁,说一不二.她是普通设计师,却被绑去他面前,从...",完结,第50回 ,https://www.dm5.com/manhua-xianshihunyue/
404,欧气人生,坚果 ,https://mhfm9tel.cdndm5.com/39/38791/20180727161217_180x240.jpg,狂热手游宅少女悠蕙毕业后，开始了离开家乡的北漂生活。机...,完结,第21回 ,https://www.dm5.com/manhua-ouqirensheng/
405,鹅毛笔,神北克 ,https://mhfm6tel.cdndm5.com/34/33604/20180727110138_180x240.jpg,西部拓荒时代为背景的爱情温馨小品,完结,第8回 ,https://www.dm5.com/manhua-emaobi/
406,婚婚欲醉：前夫莫贪欢,考拉 ,https://mhfm3tel.cdndm5.com/44/43786/20180803114133_180x240.jpg,结婚七年，尹沫熙刚怀二胎就发现老公吴建成背着自己找了个...,完结,第50回 ,https://www.dm5.com/manhua-hunhunyuzui-qianfumotanhuan/
407,拐个影帝当奶爸,剧能玩/洛雨声 ,https://mhfm6tel.cdndm5.com/40/39989/20171227160151_180x240_17.jpg,初恋被抢，星途被毁，性情乖张、演技逆天的实力派影后楚翘...,完结,第50回 ,https://www.dm5.com/manhua-guaigeyingdidangnaiba/
408,英雄经纪人,阿里文学/极光动漫 ,https://mhfm1tel.cdndm5.com/47/46889/20181226142626_180x240.jpg,阿里文学、极光动漫联合制作，兰晓易同名二次元小说改编。...,完结,第50回 ,https://www.dm5.com/manhua-yingxiongjingjiren/
409,Brave,大三元 ,https://mhfm7tel.cdndm5.com/23/22519/20181211135551_180x240.jpg,人类和魔族，并存于世的这两个种族，曾纷争不断。力量处于...,完结,第31回 奔向明日的希望（下）,https://www.dm5.com/manhua-brave/
410,梦千年,软星科技 ,https://mhfm2tel.cdndm5.com/53/52517/20190814111124_180x240.jpg,古姜国，一直是龙葵梦里才能回去的地方：不怒自威的父皇，...,完结,第1回 ,https://www.dm5.com/manhua-mengqiannian/
411,时光游戏,作者：阿里文学 ,https://mhfm7tel.cdndm5.com/47/46897/20181219135142_180x240.jpg,贫寒大学生方墨，因奶奶患病急需用钱而进入《时光游戏》打...,完结,第60回 第一季完,https://www.dm5.com/manhua-shiguangyouxi/
412,阿婆,神北克 ,https://mhfm4tel.cdndm5.com/34/33605/20180727104537_180x240.jpg,,完结,阿婆的杂货店 ,https://www.dm5.com/manhua-apo/
413,胖子、女人和狗的日常,飞淘小胖 ,https://mhfm1tel.cdndm5.com/18/17517/20150302113532_180x240_65.png,《胖子、女人和狗的日常》各种作死小故事描述了三个小伙伴...,完结,第18回 学霸的奇葩回答,https://www.dm5.com/manhua-panzi-nvrenhegouderichang/
414,总裁深宠：明星娇妻不贪欢,剧能玩/君心未央 ,https://mhfm4tel.cdndm5.com/46/45179/20180917093418_180x240.jpg,你的成功，由我守护,完结,第50回 ,https://www.dm5.com/manhua-zongcaishenchong-mingxingjiaoqibutanhuan/
415,美女总裁的极品男佣,剧能玩/青雷 ,https://mhfm6tel.cdndm5.com/42/41358/20180327160134_180x240_16.jpg,出租车司机韩枫将车停在一家酒吧门口等活，看到林兮从酒吧...,完结,第50回 ,https://www.dm5.com/manhua-meinvzongcaidejipinnanyong/
416,名门枭宠,剧能玩/陈陆 ,https://mhfm7tel.cdndm5.com/43/42024/20180510092117_180x240_13.jpg,江氏集团长子江云天圈养仇人赵清泉之女赵晚晴，在物质与感...,完结,第50回 ,https://www.dm5.com/manhua-mingmenxiaochong/
417,霸宠甜妻：高冷男神吃不够,剧能玩/宋佳音 ,https://mhfm6tel.cdndm5.com/46/45004/20180905173236_180x240_14.jpg,高冷总裁宫亦琛强行要领结婚证，小美妞宋佳音算是彻底懵了...,完结,第50回 ,https://www.dm5.com/manhua-bachongtianqi-gaolengnanshenchibugou/
418,致我的娱乐圈,明日未了 ,https://mhfm8tel.cdndm5.com/37/36890/20170928083243_180x240_14.jpg,娱乐圈知名艺人总监莫初醒刚刚成立了自己的经纪公司，接受...,完结,第44回 ,https://www.dm5.com/manhua-zhiwodeyulequan/
419,怕丢日记,张伊／新漫画 ,https://mhfm3tel.cdndm5.com/23/22202/20181211140916_180x240.jpg,,完结,第99回 初雪,https://www.dm5.com/manhua-padiuriji/
420,泰洛尔颂歌,泰洛尔颂歌手游 ,https://mhfm1tel.cdndm5.com/46/45854/20190404150807_180x240.jpg,《泰洛尔颂歌》中讲述了帝国首领“凯茵”利用可控制人们肉...,完结,第16回 ,https://www.dm5.com/manhua-tailuoersongge/
421,亡妻归来,剧能玩/二梦 ,https://mhfm5tel.cdndm5.com/43/42097/20180515093942_180x240.jpg,一封患了脑瘤的诊断书，让她做了一个疯狂的决定，嫁给周宁...,完结,第50回 ,https://www.dm5.com/manhua-wangqiguilai/
422,夫君是神仙,剧能玩 ,https://mhfm3tel.cdndm5.com/44/43784/20180803114203_180x240.jpg,岑若若和幻冰是两位守护灵，千年前一场圣战将邪魔“古拉”...,完结,第50回 ,https://www.dm5.com/manhua-fujunshishenxian/
423,乖嫩甜妻,剧能玩/阅落 ,https://mhfm2tel.cdndm5.com/40/39682/20171208171223_180x240.jpg,新婚过后，她被男人堵在房间的墙壁上,完结,第50回 ,https://www.dm5.com/manhua-guainentianqi/
424,误惹花心大少：帅哥我不负责,剧能玩/秋如水 ,https://mhfm8tel.cdndm5.com/43/42865/20180627093839_180x240.jpg,甜美少女与“未婚夫”的躲藏游戏,完结,第50回 ,https://www.dm5.com/manhua-wurehuaxindashao-shuaigewobufuze/
425,Bloody-Lips 血契,剧能玩/思尔 ,https://mhfm4tel.cdndm5.com/42/41127/20180309111243_180x240_16.jpg,白晓薇幼年目睹双亲被吸血鬼杀害，带着满心仇恨成长为一位...,完结,第50回 ,https://www.dm5.com/manhua-bloody-lips-xueqi/
426,碧笄山妖谭,食人鱼 ,https://mhfm6tel.cdndm5.com/39/38480/20170920163510_180x240_30.jpg,迷梦绮罗的故事匣子漫画短章之一，共五章，故事说的是女主...,完结,第5回 ,https://www.dm5.com/manhua-bijishanyaotan/
427,总裁男友是自闭症,剧能玩 ,https://mhfm7tel.cdndm5.com/42/41991/20180608164143_180x240_22.jpg,李家大小姐李歆瑶，在医院偶然间遇到了患有自闭症的君家掌...,完结,第50回 ,https://www.dm5.com/manhua-zongcainanyoushizibizheng/
428,天枰传,麦萌漫画 ,https://mhfm5tel.cdndm5.com/43/42256/20180523085143_180x240.jpg,女主宥天梦想做警察，却因超低的天赋值而放弃。她被骗去参...,完结,第38回 ,https://www.dm5.com/manhua-tianpingzhuan/
429,豪门蜜婚：拒爱亿万首席,剧能玩/指尖眉梢 ,https://mhfm1tel.cdndm5.com/41/40346/20180116171644_180x240_13.jpg,传闻，那个男人富可敌国，但面目丑陋，人人敬而远之传闻；...,完结,第50回 ,https://www.dm5.com/manhua-haomenmihun-juaiyiwanshouxi/
430,富贵侦探社,崇卓漫画 ,https://mhfm7tel.cdndm5.com/39/38655/20190617095051_180x240.jpg,主人公梁山和硕硕为了生计开了一家侦探社，他们声称不管大...,完结,第17回 少女失踪案,https://www.dm5.com/manhua-fuguizhentanshe/
431,脱团了么,作者：阿里文学 ,https://mhfm2tel.cdndm5.com/47/46933/20190203131930_180x240_25.jpg,这是一个社交APP的创业的故事，也是一个校园恋爱搞笑的故事...,完结,第60回 ,https://www.dm5.com/manhua-tuotuanleme/
432,翻墙逃婚：萌妻休想跑,剧能玩/正月二十 ,https://mhfm5tel.cdndm5.com/41/40147/20180104134250_180x240_26.jpg,只不过想办个假结婚证，却弄假成真误惹真男神，小丫头不干...,完结,第50回 ,https://www.dm5.com/manhua-fanqiangtaohun-mengqixiuxiangpao/
433,为神而演,Dforce ,https://mhfm3tel.cdndm5.com/36/35685/20170602162915_180x240.jpg,异次元空间“神演世界“！传送进入“神演世界”的人，将在...,完结,第11回 诡异手术室,https://www.dm5.com/manhua-weisheneryan/
434,宇宙西游记,阿里文学 图：杨树下文化 ,https://mhfm6tel.cdndm5.com/47/46918/20181226140952_180x240.jpg,大型西行旅游西游记之后，唐僧师徒四人再次集结！这一次，...,完结,第67回 ,https://www.dm5.com/manhua-yuzhouxiyouji/
435,桃与风,麦萌漫画 ,https://mhfm5tel.cdndm5.com/43/42153/20180516173935_180x240.jpg,主人公桃勒是一名不苟言笑的男子，背地中有穿着洋裙的特殊...,完结,特别篇 ,https://www.dm5.com/manhua-taoyufeng/
436,漫画社X的复活,不切 ,https://mhfm4tel.cdndm5.com/23/22990/20181211140945_180x240.jpg,大学社团招新会上，漫画社的仅有两位废材成员心急如焚，前...,完结,番外篇（6） ,https://www.dm5.com/manhua-manhuashe-x-defuhuo/
437,放开那个美男,A-MAX SHOP ,https://mhfm2tel.cdndm5.com/39/38423/20170918120528_180x240.jpg,根据凉亦同名小说《放开那个美男》改编。 上学的第一天就叶...,完结,第32回 ,https://www.dm5.com/manhua-fangkainagemeinan/
438,情深入骨：腹黑总裁太粘人,剧能玩 ,https://mhfm3tel.cdndm5.com/40/39719/20171211153251_180x240_17.jpg,大四女生遇到大总裁，然后和总裁一起变成霸道总裁和总裁夫...,完结,第50回 ,https://www.dm5.com/manhua-qingshenrugu-fuheizongcaitainianren/
439,高调冷婚,剧能玩/棉小棉 ,https://mhfm9tel.cdndm5.com/42/41197/20180314160100_180x240_13.jpg,慕氏集团慕家少爷慕城在三年前娶了安家大小姐安雅为妻。但...,完结,第50回 ,https://www.dm5.com/manhua-gaodiaolenghun/
440,C.O.P 疯狂老爹,神北克 ,https://mhfm8tel.cdndm5.com/34/33600/20180727104741_180x240.jpg,,完结,第6回 ,https://www.dm5.com/manhua-c-o-p-fengkuanglaodie/
441,盛世甜婚,剧能玩/紫牡丹 ,https://mhfm6tel.cdndm5.com/42/41022/20180416133929_180x240_15.jpg,听闻：陆凡勋霸气冷漠，富可敌国，却神龙见首不见尾。夏天...,完结,第50回 ,https://www.dm5.com/manhua-chengshitianhun/
442,露比和比西,比西 ,https://mhfm5tel.cdndm5.com/39/38482/20170920164744_180x240_26.jpg,今天是露比公主上学的第一天，同样也是小比西上学的第一天...,完结,第4回 ,https://www.dm5.com/manhua-lubihebixi/
443,白秋练,胡蓉 ,https://mhfm3tel.cdndm5.com/6/5604/5604_b.jpg,在《白秋练》的故事里，白秋练是比较罕见的白鲟精，慕蟾宫...,完结,第1本 ,https://www.dm5.com/manhua-baiqiulian/
444,最萌身高差,剧能玩 ,https://mhfm4tel.cdndm5.com/40/39264/20171110115452_180x240.jpg,女孩纸一米六怎么了？弯腰不会累抬手能够到货架上薯片的身...,完结,第50回 ,https://www.dm5.com/manhua-zuimengshengaocha1/
445,人家还没系好安全套,友照学车 ,https://mhfm7tel.cdndm5.com/36/35712/20170322093337_180x240.jpg,,完结,第1回 ,https://www.dm5.com/manhua-renjiahaimeixihaoanquantao/
446,亿万前妻别太毒,等等 ,https://mhfm4tel.cdndm5.com/43/42778/20180621110851_180x240.jpg,于默然是一名摄影师新人，在一次庆功宴上被上司灌醉送到黄...,完结,第50回 ,https://www.dm5.com/manhua-yiwanqianqibietaidu/
447,第三国度,焦裕峰 ,https://mhfm7tel.cdndm5.com/39/38535/20170925144049_180x240_12.jpg,不愿面对父亲离世的林清羽，独自一人出走丽江，不料丢失钱...,完结,第28回 ,https://www.dm5.com/manhua-disanguodu/
448,血族王冠,光仔/新漫画 ,https://mhfm9tel.cdndm5.com/22/21603/20181211140645_180x240.jpg,世间流传的吸血鬼传说不计其数，而其中却一直埋藏着一个千...,完结,第16回 （4）,https://www.dm5.com/manhua-xuezuwangguan/
449,顾先生请自重,剧能玩/金佑木木 ,https://mhfm6tel.cdndm5.com/46/45010/20180906091030_180x240_15.jpg,勤工俭学的秦阮阮接到兼职去搞砸顾临泫和苏茉莉的相亲，顾...,完结,第50回 ,https://www.dm5.com/manhua-guxianshengqingzichong/
450,外星侵袭,风炫动漫 ,https://mhfm8tel.cdndm5.com/42/41694/20180419105025_180x240_24.jpg,神秘的外星文明即将对地球展开侵入，而地球人也派出了同样...,完结,第8回 紧急会议（2）,https://www.dm5.com/manhua-waixingqinxi/
451,情深入骨：偏执总裁要宠我,剧能玩/佳期 ,https://mhfm5tel.cdndm5.com/46/45181/20180917094207_180x240.jpg,爱你，是我一生的选择,完结,第50回 ,https://www.dm5.com/manhua-qingshenrugu-pianzhizongcaiyaochongwo/
452,替我爱你,剧能玩/素味 ,https://mhfm5tel.cdndm5.com/42/41990/20180509110234_180x240_15.jpg,“AN集团总裁江涵之与好友徐思远登山时意外发生雪崩，危难...,完结,第50回 ,https://www.dm5.com/manhua-tiwoaini/
453,欢迎来到三次元！,月鹿&东东/新漫画 ,https://mhfm4tel.cdndm5.com/23/22360/20181211140843_180x240.jpg,为了正义和光明女神，陆英祺和伙伴们经过奋力拼杀打败了邪...,完结,第10回 勇者大游行（下）,https://www.dm5.com/manhua-huanyinglaidaosanciyuan/
454,别拉我当偶像,剧能玩 ,https://mhfm1tel.cdndm5.com/46/45013/20180906092308_180x240.jpg,娱乐圈甄嬛传,完结,第53回 ,https://www.dm5.com/manhua-bielawodangouxiang/
455,图灵命道,麦萌漫画 ,https://mhfm4tel.cdndm5.com/43/42278/20180524091403_180x240.jpg,惊喜或者惊吓总是从天而降，当陆天宇被图腾狼上身的那一刻...,完结,第27回 ,https://www.dm5.com/manhua-tulingmingdao/
456,少年衡道众,名物观世正宗刀 ,https://mhfm8tel.cdndm5.com/39/38025/20170816203314_180x240.jpg,天风吹皱未眠夜，清歌浪漫不逝川，从此时，曾此时。很多年...,完结,第10回 九泉雾魂,https://www.dm5.com/manhua-shaonianhengdaozhong/
457,三个大盗与小鱼,飒漫画 ,https://mhfm5tel.cdndm5.com/39/38471/20170920143141_180x240_22.jpg,小鱼想要拜师，小鱼拜入了三位盗帅师父门下，小鱼被灌输了...,完结,第5回 命悬一线,https://www.dm5.com/manhua-sangedadaoyuxiaoyu/
458,换个身份来爱你,剧能玩 ,https://mhfm2tel.cdndm5.com/43/42776/20180621105659_180x240.jpg,顾安暖被通知要代替室友前去相亲，因此遇见了韩氏总裁韩子...,完结,第50回 ,https://www.dm5.com/manhua-huangeshenfenlaiaini/
459,首席上司在隔壁,剧能玩 ,https://mhfm2tel.cdndm5.com/40/39272/20171110161502_180x240.jpg,他是冷酷倨傲，铁腕狠绝的云氏总裁，她是他的代孕妻子。外...,完结,第50回 ,https://www.dm5.com/manhua-shouxishangsizaigebi/
460,明星boss爱上我,剧能玩/孔雀 ,https://mhfm2tel.cdndm5.com/43/42164/20180517095832_180x240.jpg,林明阳当红的偶像明星。暖男、高富帅、大长腿、小鲜肉、演...,完结,第50回 ,https://www.dm5.com/manhua-mingxing-boss-aishangwo/
461,撩汉小能手,剧能玩/烟鹿 ,https://mhfm6tel.cdndm5.com/42/41020/20180302163949_180x240_15.jpg,就没有我了不到的汉子！,完结,第100回 ,https://www.dm5.com/manhua-liaohanxiaonengshou/
462,超萌天使,风炫动漫 ,https://mhfm7tel.cdndm5.com/42/41713/20180419162027_180x240_23.jpg,被封印了100年的大魔王沙比斯开始苏醒，为了培养能够守护天...,完结,第14回 再见（2）,https://www.dm5.com/manhua-chaomengtianshi/
463,超能男神在手心,剧能玩/杨柳西西 ,https://mhfm4tel.cdndm5.com/46/45071/20180911104833_180x240.jpg,去兵马俑旅了个游，居然收获了一个手机男神？可这个男神却...,完结,第50回 ,https://www.dm5.com/manhua-chaonengnanshenzaishouxin/
464,萌妻当道,剧能玩/宝姑娘 ,https://mhfm6tel.cdndm5.com/40/39728/20171212115206_180x240_14.jpg,明明是个男神，结了婚才发现是个男神经病。 二缺女骗子，骗...,完结,第50回 ,https://www.dm5.com/manhua-mengqidangdao/
465,X基因,Pt.F KYO/新漫画 ,https://mhfm1tel.cdndm5.com/38/37441/20181211135533_180x240.jpg,平凡高中生元井藤却有着不一般的体质——基因改造人。一出...,完结,停更说明 ,https://www.dm5.com/manhua-x-jiyin/
466,精灵野蛮事典,风炫动漫 ,https://mhfm1tel.cdndm5.com/42/41714/20180420084306_180x240_26.jpg,精灵公主因淘气而放逐到人类世界修行，在人类世界与男主肖...,完结,第21回 告别,https://www.dm5.com/manhua-jinglingyemanshidian/
467,妖娆前妻好撩人,剧能玩/卢小七  ,https://mhfm5tel.cdndm5.com/41/40990/20180228173438_180x240_18.jpg,五年前顾宁被迫与陈曦分手，与林然笙进行利益联姻，五年婚...,完结,第50回 ,https://www.dm5.com/manhua-yaoraoqianqi/
468,找个元帅当老公,剧能玩/栾予琦 ,https://mhfm4tel.cdndm5.com/42/41099/20180307105014_180x240_14.jpg,京城何家魏家决定进行政治联姻，联姻对象是何轻语和魏明博...,完结,第55回 ,https://www.dm5.com/manhua-zhaogeyuanshuaidanglaogong/
469,狐伶寺,画神文化 ,https://mhfm7tel.cdndm5.com/37/36895/20190226100310_180x240.jpg,在山间遭遇迷路的少年，误入狐伶寺，邂逅两位美艳狐妖...,完结,第3回 下篇,https://www.dm5.com/manhua-hulingsi/
470,医冠楚楚,剧能玩/写书的老外 ,https://mhfm1tel.cdndm5.com/42/41200/20180314164438_180x240_14.jpg,实习生宁欢欢上任第一天发现男友带小三来产检，她一气之下...,完结,第50回 ,https://www.dm5.com/manhua-yiguanchuchu/
471,替罪情人,剧能玩 ,https://mhfm4tel.cdndm5.com/40/39487/20171127161530_180x240_18.jpg,十年前他一句为什么死的人不是你。让她心如死灰，从此画地...,完结,第50回 ,https://www.dm5.com/manhua-tizuiqingren/
472,穷孩子自立团, 米奇 ,https://mhfm5tel.cdndm5.com/39/38439/20170918171034_180x240_30.jpg,讲述一个离家出走的苦命娃的五元温饱生活。当唯一的五元在...,完结,第9回 危险拍摄,https://www.dm5.com/manhua-qionghaizizilituan/
473,寻找自我的世界,天津神界漫画 ,https://mhfm7tel.cdndm5.com/39/38370/20170914163141_180x240.jpg,故事的主人公阿尤是一位在现实生活中处处不得志受人轻视，...,完结,第10回 ,https://www.dm5.com/manhua-xunzhaoziwodeshijie/
474,总裁大人复婚无效,剧能玩/宫墨兮 ,https://mhfm7tel.cdndm5.com/42/41218/20180315183408_180x240_15.jpg,言宸寒在爷爷的逼迫下娶了自己痛恨的方沐希（言宸寒爱人的...,完结,第50回 ,https://www.dm5.com/manhua-zongcaidarenfuhunwuxiao/
475,茨威格与霍金,P-child ,https://mhfm6tel.cdndm5.com/32/31203/20180613115855_180x240.jpg,号称是来自未来的，并且声称是对方女朋友的神秘女孩齐妙出...,完结,第19回 ,https://www.dm5.com/manhua-ciweigeyuhuojin/
476,我的狂野前夫,剧能玩/月龄 ,https://mhfm9tel.cdndm5.com/43/42061/20180511090831_180x240_15.jpg,半年前，颜少勋设计报复，纠合王氏架空安氏集团，导致安氏...,完结,第50回 ,https://www.dm5.com/manhua-wodekuangyeqianfu/
477,再见喵小姐,剧能玩/云夭夭 ,https://mhfm5tel.cdndm5.com/41/40379/20180118165925_180x240.jpg,秦家老幺高冷多金卖相好，叶向晚嫁给他却收获了一大把同情...,完结,第50回 ,https://www.dm5.com/manhua-zaijianmiaoxiaojie/
478,投名状,韩锋 ,https://mhfm6tel.cdndm5.com/5/4785/4785_b.jpg,姜午阳、赵二虎本为草莽，在一次争斗中与庞青云结识。三人...,完结,第1本 ,https://www.dm5.com/manhua-toumingzhuang/
479,强娶豪夺：前夫请走开,剧能玩/小钱扒 ,https://mhfm4tel.cdndm5.com/46/45217/20180918134939_180x240.jpg,何硕和苏孟焱在凤家的逼迫下结为夫妻，但苏孟焱并不爱何硕...,完结,第50回 ,https://www.dm5.com/manhua-qiangquhaoduo-qianfuqingzoukai/
480,油画中的少女,剧能玩 ,https://mhfm2tel.cdndm5.com/43/42165/20180517100426_180x240.jpg,幕凌菲归国在菲斯服饰做设计师，却在咖啡厅被人误会为小三...,完结,第50回 ,https://www.dm5.com/manhua-youhuazhongdeshaonv/
481,摄杀空间,麦萌漫画 ,https://mhfm6tel.cdndm5.com/43/42152/20180516172300_180x240.jpg,传说有一部相机，叫做“DOOM（噩梦）-666”。它没有生产日...,完结,第27回 ,https://www.dm5.com/manhua-sheshakongjian/
482,日久必婚,剧能玩/冉冉颜如玉 ,https://mhfm2tel.cdndm5.com/43/42847/20180626134326_180x240_13.jpg,一场交易，沐染沦为了欧延的宠物，不断被他折磨，她不断试...,完结,第50回 ,https://www.dm5.com/manhua-rijiubihun/
483,我与继承者,剧能玩/京狸狸  ,https://mhfm5tel.cdndm5.com/39/38753/20171010132102_180x240.jpg,陆家葬礼当天，母亲带着她和弟弟前去认祖归宗。弟弟是陆家...,完结,第50回 早安,https://www.dm5.com/manhua-woyujichengzhe/
484,青荷,谢沉影 ,https://mhfm6tel.cdndm5.com/24/23237/20160609142634_180x240.jpg,唐府千金雨柔自幼起身边常伴一只黑鹰，名叫黑王。黑王为风...,完结,第1回 ,https://www.dm5.com/manhua-qinghe/
485,猫男,言题 ,https://mhfm4tel.cdndm5.com/34/33747/20181211141400_180x240.jpg,独自生活的苏雪薇，某天下班遇到了昏倒在自家门前的神秘男...,完结,第6回 重逢（下）,https://www.dm5.com/manhua-maonan/
486,夜色承欢,剧能玩/借我一支烟 ,https://mhfm3tel.cdndm5.com/41/40563/20180129132851_180x240_14.jpg,北海市“夜不眠”头牌田蜜偶然救助北方皇帝高盛天，两人一...,完结,第50回 ,https://www.dm5.com/manhua-yesechenghuan/
487,狐狸小姐与猫先生,张逗逗 ,https://mhfm1tel.cdndm5.com/44/43785/20180803114121_180x240.jpg,落魄千金林默为了拯救林氏集团不择手段与齐丰羽订婚，齐丰...,完结,第50回 ,https://www.dm5.com/manhua-hulixiaojieyumaoxiansheng/
488,监视CEO,紫梦小草  ,https://mhfm3tel.cdndm5.com/44/43956/20180806161927_180x240.jpg,宁采儿为了和暗恋的学长一起工作，和总裁欧阳绝联手打压副...,完结,第50回 ,https://www.dm5.com/manhua-jianshi-ceo/
489,假面A计划,剧能玩 ,https://mhfm1tel.cdndm5.com/43/42777/20180621110151_180x240.jpg,富家千金安歌为了躲避与江之衡的商业联姻，与男友秦枢言私...,完结,第50回 ,https://www.dm5.com/manhua-jiamian-a-jihua/
490,锁妖,画师：4白、八月 ,https://mhfm8tel.cdndm5.com/24/23123/20160606165912_180x240.jpg,锁妖塔封印因魔尊重楼拔取魔剑遭到破坏，塔中众多妖类逃出...,完结,第1回 ,https://www.dm5.com/manhua-suoyao/
491,薄情总裁的助理宠妻,剧能玩/沐染夕 ,https://mhfm2tel.cdndm5.com/43/42848/20180626134550_180x240_15.jpg,他是声名在外的钻石王老五，换女人如衣服，本人却和名字一...,完结,第50回 ,https://www.dm5.com/manhua-boqingzongcaidezhulichongqi/
492,你在回忆尽头,小君子 ,https://mhfm9tel.cdndm5.com/43/42781/20180621112641_180x240.jpg,“十年前，富家千金白露因为闺蜜温子钰的陷害而家破人亡，...,完结,第50回 ,https://www.dm5.com/manhua-nizaihuiyijintou/
493,燕归来,wxh虎  ,https://mhfm4tel.cdndm5.com/24/23765/20160622143639_180x240.jpg,欢迎阅读《燕归来》精彩漫画！,完结,第1回 ,https://www.dm5.com/manhua-yanguilai/
494,马路杀手，惊现江湖！,友照学车 ,https://mhfm1tel.cdndm5.com/36/35710/20170322093158_180x240.jpg,,完结,第1回 ,https://www.dm5.com/manhua-malushashou-jingxianjianghu/
495,盛宠之权少放过我,莫莫酱 ,https://mhfm3tel.cdndm5.com/43/42779/20180621111333_180x240.jpg,宁氏千金宁颜遭遇了未婚夫楚秦及妹妹宁荷的双重背叛和陷害...,完结,第50回 ,https://www.dm5.com/manhua-chengchongzhiquanshaofangguowo/
496,行侠都市,佐手 ,https://mhfm9tel.cdndm5.com/32/31197/20180613140159_180x240.jpg,洛克市，人口1700万，生活在这里的人们，皆不以道德、法律...,完结,第5回 ,https://www.dm5.com/manhua-xingxiadushi/
497,我街,聂峻 ,https://mhfm2tel.cdndm5.com/6/5955/5955.jpg,孤儿利茂叶从犯罪团伙中逃走，被一个疯婆婆所救。团伙中有...,完结,第1本 ,https://www.dm5.com/manhua-wojie/
498,冷情教授，逾期不候,鹿漫社 ,https://mhfm4tel.cdndm5.com/39/38893/20171018090327_180x240.jpg,居然要拆我的店！什么，教授，总裁？emmmm，谁管你，只不过...,完结,第10回 ,https://www.dm5.com/manhua-lengqingjiaoshou-yuqibuhou/
499,情有独钟,剧能玩/蓝灵 ,https://mhfm6tel.cdndm5.com/46/45105/20180912150956_180x240_14.jpg,服装设计公司的实习生于米熙代替朋友去相亲，她为了搅黄这...,完结,第50回 ,https://www.dm5.com/manhua-qingyouduzhong-3/
500,照红妆,江南youko ,https://mhfm4tel.cdndm5.com/25/24989/20160705170038_180x240.jpg,光阴易逝，盈辉堡一役已过数年。远离西域的山间，茶梅绽浅...,完结,第1回 ,https://www.dm5.com/manhua-zhaozhuanghong/
501,摧龙八式,中动文化  ,https://mhfm4tel.cdndm5.com/42/41445/20180402115226_180x240_19.jpg,《摧龙八式》漫画是根据付遥职场商战小说《输赢》以及实操...,完结,第20回 ,https://www.dm5.com/manhua-cuilongbashi/
502,花情曲,皇名月 ,https://mhfm4tel.cdndm5.com/6/5893/5893_b.jpg,"新科及第的宋贵祥,邂逅了美丽的牡丹花精－待春,待春与贵祥...",完结,第1本 ,https://www.dm5.com/manhua-huaqingqu/
503,水灵劫,4白 ,https://mhfm1tel.cdndm5.com/32/31305/20160804201104_180x240.jpg,南盗侠李三思少年成名，妙手无双，铁臂神鹰为了抓捕他不惜...,完结,第5回 ,https://www.dm5.com/manhua-shuilingjie/
504,时间都去哪了,友照学车 ,https://mhfm3tel.cdndm5.com/37/36067/20170418133357_180x240.jpg,,完结,第1回 ,https://www.dm5.com/manhua-shijianduqunale/
505,今天开始侵略地球,P-child ,https://mhfm8tel.cdndm5.com/32/31180/20180613131743_180x240.jpg,撸一把腿毛，看纯♂情的哲♂学漫画吧——蠢萌外星人侵略地...,完结,第9回 尾声与开始,https://www.dm5.com/manhua-jintiankaishiqinluediqiu/
506,未来男神,于涛 ,https://mhfm8tel.cdndm5.com/44/43958/20180810114931_180x240.jpg,屌丝男友竟和总裁长得一模一样？不是双胞胎，竟是同一个人...,完结,第46回 ,https://www.dm5.com/manhua-weilainanshen/
507,本色-湛蓝,Benjamin ,https://mhfm6tel.cdndm5.com/8/7334/7334.jpg,BENJAMIN，中国漫画十年以来的弄潮人物，其人特立独行，是...,完结,第1本 ,https://www.dm5.com/manhua-bense-zhanlan/
508,有你的风景,飒漫画 ,https://mhfm9tel.cdndm5.com/39/38483/20170920170016_180x240_24.jpg,黎未音从余皓的肩膀上跳下来了以后，阴着脸说了一句“我最...,完结,第3回 ,https://www.dm5.com/manhua-younidefengjing/
509,本色-酒红,Benjamin ,https://mhfm6tel.cdndm5.com/8/7333/7333.jpg,Benjamin的作品。本色-酒红。本色第二部的作品,完结,第1本 ,https://www.dm5.com/manhua-bense-jiuhong/
510,森林人间塾,新漫画 ,https://mhfm1tel.cdndm5.com/23/22518/20181211140054_180x240.jpg,"森林里的奇妙人类社会学习课堂
描述：熊、兔子、松鼠、乌...",完结,第34回 森林人间塾,https://www.dm5.com/manhua-senlinrenjianshu/
511,挨踢精英,中动文化 ,https://mhfm6tel.cdndm5.com/42/41446/20180402115139_180x240_18.jpg,挨踢精英是发生在IT界办公室内，爆笑的讲述了IT界大佬和下...,完结,第29回 ,https://www.dm5.com/manhua-aitijingying/
512,夏季安全驾驶,友照学车 ,https://mhfm1tel.cdndm5.com/38/37137/20170628094932_180x240.jpg,友照学车原创漫画之《夏季安全驾驶》,完结,第1回 ,https://www.dm5.com/manhua-xiajianquanjiashi/
513,一把鲜血,Asa-Lee ,https://mhfm9tel.cdndm5.com/15/14054/14054_b.jpg,一把鲜血漫画 ，宇宙马戏团团长救了一只白狼，但团长把它当...,完结,第1回 ,https://www.dm5.com/manhua-yibaxianxue/
514,前进！秋秋公主！,方小孬/新漫画 ,https://mhfm6tel.cdndm5.com/22/21605/20181211140931_180x240.jpg,为了完成儿时的誓言，踏上寻找失踪的王子之旅，前进！秋秋...,完结,第3回 （4）,https://www.dm5.com/manhua-qianjin-qiuqiugongzhu/
515,少♂年的秘♀密,甩葱 ,https://mhfm8tel.cdndm5.com/14/13455/13455_b.jpg,少♂年的秘♀密漫画 ，网友【甩葱】的原创手绘作品。欢迎在...,完结,第1回 ,https://www.dm5.com/manhua-shao-niandemi-mi/
516,我不是托雷托，我不会漂移,友照学车 ,https://mhfm3tel.cdndm5.com/37/36380/20170510152244_180x240.jpg,,完结,第1回 ,https://www.dm5.com/manhua-wobushituoleituo-wobuhuipiaoyi/
517,亡者的眼药,画神文化 ,https://mhfm8tel.cdndm5.com/37/36634/20190226100850_180x240.jpg,女孩儿总觉得自己与现实世界格格不入，每当夜深人静时，她...,完结,第1回 ,https://www.dm5.com/manhua-wangzhedeyanyao/
518,宝马X6追尾五菱宏光，结局竟然。。。。,友照学车 ,https://mhfm5tel.cdndm5.com/36/35973/20170410134437_180x240.jpg,友照学车原创漫画之《宝马X6追尾五菱宏光，结局竟然。。。...,完结,第1回 ,https://www.dm5.com/manhua-baoma-x-6-zhuiweiwulinghongguang-jiejujingran/
519,鬼见愁,余品翰 ,https://mhfm1tel.cdndm5.com/12/11295/11295_b.jpg,该漫画是第三届未来杯入围作品！有点血腥、有点热血热血......,完结,第1回 短篇,https://www.dm5.com/manhua-guijianchou/
520,考驾照有5类人，你属于哪种人？,友照学车 ,https://mhfm4tel.cdndm5.com/36/35713/20170322093448_180x240.jpg,,完结,第1回 ,https://www.dm5.com/manhua-kaojiazhaoyou-5-leiren-nishuyunazhongren/
521,天下烦恼！,知荣 ,https://mhfm3tel.cdndm5.com/36/35941/20181211141425_180x240.jpg,烦恼界流离着被欲望困住的人们的灵魂，又被称为烦妖。而在...,完结,第8回 （下）,https://www.dm5.com/manhua-tianxiafannao/
522,衡道众前传,沈瑢瑢 ,https://mhfm7tel.cdndm5.com/24/23791/20160625161958_180x240.jpg,过去的过去，消失之人尚还存在之时，衡道众之名还鲜为人知...,完结,第1回 ,https://www.dm5.com/manhua-hengdaozhongqianzhuan/
523,那些年 这些人,默默 ,https://mhfm8tel.cdndm5.com/13/12694/12694_b.jpg,那些年 这些人漫画 ，默默同学的原创漫画作品。我们常说，...,完结,第1回 ,https://www.dm5.com/manhua-naxienian-zhexieren/
524,木鱼和笨小猪,秭归 ,https://mhfm8tel.cdndm5.com/7/6189/6189.jpg,木鱼和笨小猪漫画 ，青春的校园生活，带你领略那粉红色的气...,完结,第1回 ,https://www.dm5.com/manhua-muyuhebenxiaozhu/
